art_code,product_name,position,rating_value,art_category_level_2_name,link,is_adtech,image,base_price,action_price
1000351084,Молоко Parmalat безлактозное ультрапастеризованное 3.5% 1л,1,5.0,Покупайте за 1₽,https://magnit.ru/product/1000351084?shopCode=694420&shopType=express,True,https://images-foodtech.magnit.ru/4_h6wf_Oy7_oTp10mFKZr3ulDe16HHLwXlXvgqTkvYs/rs:fit:1600:1600/plain/s3://img-dostavka/catalog/uf/0f6/0f68749dc4b2d051854392443097b576/5771617fa3bdd1db959a0449812a4bce.png@webp,179.0,
1000351084,Молоко Parmalat безлактозное ультрапастеризованное 3.5% 1л,1,5.0,Покупайте за 1₽,https://magnit.ru/product/1000351084?shopCode=694420&shopType=express,True,https://images-foodtech.magnit.ru/4_h6wf_Oy7_oTp10mFKZr3ulDe16HHLwXlXvgqTkvYs/rs:fit:1600:1600/plain/s3://img-dostavka/catalog/uf/0f6/0f68749dc4b2d051854392443097b576/5771617fa3bdd1db959a0449812a4bce.png@webp,179.0,
1000189545,Сметана President 30% 350г,2,4.9,Покупайте за 1₽,https://magnit.ru/product/1000189545?shopCode=694420&shopType=express,True,https://images-foodtech.magnit.ru/fhRK9OepVeJA0IVHJYJyZaj9KTfSMGrWnax4gj1sK_E/rs:fit:1600:1600/plain/s3://img-dostavka/catalog/uf/0f0/0f056d2dcf2011b71dce7e991cb3a61f/78c0a76da0f7be14e076f29e1d98d707.png@webp,229.0,
1000189545,Сметана President 30% 350г,2,4.9,Покупайте за 1₽,https://magnit.ru/product/1000189545?shopCode=694420&shopType=express,True,https://images-foodtech.magnit.ru/fhRK9OepVeJA0IVHJYJyZaj9KTfSMGrWnax4gj1sK_E/rs:fit:1600:1600/plain/s3://img-dostavka/catalog/uf/0f0/0f056d2dcf2011b71dce7e991cb3a61f/78c0a76da0f7be14e076f29e1d98d707.png@webp,229.0,
8000075252,Напиток со вкусом клубники Fanta Strawberry 355мл,3,,Покупайте за 1₽,https://magnit.ru/product/8000075252?shopCode=694420&shopType=express,True,https://images-foodtech.magnit.ru/mxVZUvBlLYPjw7_NsgezLKPPk1tqNYKjQYAmCOW5Nns/rs:fit:1600:1600/plain/s3://img-dostavka/catalog/uf/cf5/cf57b2a51c5bd0ee3ecddb5046ec01bc/6d13a6496f12e0169c6a451c4a33a9b7.jpeg@webp,199.0,169.0
8000075252,Напиток со вкусом клубники Fanta Strawberry 355мл,3,,Покупайте за 1₽,https://magnit.ru/product/8000075252?shopCode=694420&shopType=express,True,https://images-foodtech.magnit.ru/mxVZUvBlLYPjw7_NsgezLKPPk1tqNYKjQYAmCOW5Nns/rs:fit:1600:1600/plain/s3://img-dostavka/catalog/uf/cf5/cf57b2a51c5bd0ee3ecddb5046ec01bc/6d13a6496f12e0169c6a451c4a33a9b7.jpeg@webp,199.0,169.0
8000075254,Напиток со вкусом персика Fanta Peach 355мл,4,,Покупайте за 1₽,https://magnit.ru/product/8000075254?shopCode=694420&shopType=express,True,https://images-foodtech.magnit.ru/DtvNbtXma8U5_uVm-r5Ga4o-8XQ4BMpjlEyNde2Oq4w/rs:fit:1600:1600/plain/s3://img-dostavka/catalog/uf/c78/c78659a666717bfdf151a49ac185630e/372859d3d95202245300f51e6c358f6c.jpeg@webp,169.0,
8000075254,Напиток со вкусом персика Fanta Peach 355мл,4,,Покупайте за 1₽,https://magnit.ru/product/8000075254?shopCode=694420&shopType=express,True,https://images-foodtech.magnit.ru/DtvNbtXma8U5_uVm-r5Ga4o-8XQ4BMpjlEyNde2Oq4w/rs:fit:1600:1600/plain/s3://img-dostavka/catalog/uf/c78/c78659a666717bfdf151a49ac185630e/372859d3d95202245300f51e6c358f6c.jpeg@webp,169.0,
8000075258,Напиток со вкусом ежевики Dr. Pepper Blackberry 355мл,5,5.0,Покупайте за 1₽,https://magnit.ru/product/8000075258?shopCode=694420&shopType=express,True,https://images-foodtech.magnit.ru/q3KtJxTPJ8adxYfWAxyJcdxTYkVnPwxCOufHTx3kXZA/rs:fit:1600:1600/plain/s3://img-dostavka/catalog/uf/318/3187747eb6dbdb4b7a92c01ab4981180/119e6764fce38b497f61c35d62f43b32.jpeg@webp,179.0,159.0
8000075258,Напиток со вкусом ежевики Dr. Pepper Blackberry 355мл,5,5.0,Покупайте за 1₽,https://magnit.ru/product/8000075258?shopCode=694420&shopType=express,True,https://images-foodtech.magnit.ru/q3KtJxTPJ8adxYfWAxyJcdxTYkVnPwxCOufHTx3kXZA/rs:fit:1600:1600/plain/s3://img-dostavka/catalog/uf/318/3187747eb6dbdb4b7a92c01ab4981180/119e6764fce38b497f61c35d62f43b32.jpeg@webp,179.0,159.0
1000551077,Молоко Эго топленое 3.2% 900г,6,5.0,Покупайте за 1₽,https://magnit.ru/product/1000551077?shopCode=694420&shopType=express,False,https://images-foodtech.magnit.ru/in1wgu6893ogyKfqqxdz_e2hMBVi7EdRbiTop4yFHIE/rs:fit:1600:1600/plain/s3://img-dostavka/catalog/uf/c58/c582c30938c99f2961bc3fbdf1a5a072/70e9c396b269f19e9ad23147b7cb7544.jpeg@webp,119.0,109.0
4000089594,Фольга Саянская особопрочная 14мкм 29см*7м,7,4.9,Покупайте за 1₽,https://magnit.ru/product/4000089594?shopCode=694420&shopType=express,False,https://images-foodtech.magnit.ru/1xBBidLSLgo5R55yIuFrcB7tTIP7SjvH2W_TWrll424/rs:fit:1600:1600/plain/s3://img-dostavka/catalog/uf/55b/55ba36868c3c7e411cac943d5e947bba/91326d749be35db3931087c243e125b3.jpeg@webp,199.0,
1000472748,Ветчина Знаменские деликатесы по-швейцарскому рецепту нарезка 130г,8,4.9,Покупайте за 1₽,https://magnit.ru/product/1000472748?shopCode=694420&shopType=express,False,https://images-foodtech.magnit.ru/NzWqc77gqx8BXvsi25L1VOAbhYAtr_3-o2VglCaUoVM/rs:fit:1600:1600/plain/s3://img-dostavka/catalog/uf/284/28418a9861978a3092406b4934dd99e3/71f4f7021f66e6e464254382dda423d0.png@webp,165.0,
1000070528,Сыр Galbani Моцарелла 45% 125г,9,4.8,Покупайте за 1₽,https://magnit.ru/product/1000070528?shopCode=694420&shopType=express,False,https://images-foodtech.magnit.ru/ULra55Gm7b_Em-McYpBzh_TIO1hiz8Yhz9TJ7OBzV-c/rs:fit:1600:1600/plain/s3://img-dostavka/catalog/uf/f70/f70f9bf02afd48f66259eedeeb1a8795/1a22d9bdd1b9817f1951c37f08232220.jpeg@webp,169.0,
1899912620,Масса творожная Брянский МК с изюмом 20% 500г,10,4.9,Покупайте за 1₽,https://magnit.ru/product/1899912620?shopCode=694420&shopType=express,False,https://images-foodtech.magnit.ru/qUGsfdLyxlHaWrMnGQfgQ1VhdPTFbQYmeDo2qxSP1Fg/rs:fit:1600:1600/plain/s3://img-dostavka/catalog/uf/efd/efd2c26f487df39e2018f5b664d5f413/6be61c8416565700e7bd3892eca4c352.jpeg@webp,189.0,159.0
1000520679,Масса творожная Ростагроэкспорт Особая с изюмом 23% 180г,11,4.9,Покупайте за 1₽,https://magnit.ru/product/1000520679?shopCode=694420&shopType=express,False,https://images-foodtech.magnit.ru/UMzXiI2YC63XSubejlKv2zFTQa5LcvyHHr_qrDkIPEs/rs:fit:1600:1600/plain/s3://img-dostavka/catalog/uf/777/777c186ec754be807b08b90af40bda17/c7d9b5ca8335f1b43fcaf43d2d546615.jpeg@webp,114.0,104.0
1000567452,Чечевица Красная колотая Premiere of Taste 450г,12,4.8,Покупайте за 1₽,https://magnit.ru/product/1000567452?shopCode=694420&shopType=express,False,https://images-foodtech.magnit.ru/pJOE5-YfZhfTyUp0GukP3kHFupIEWjtChu1F2bf1Pq8/rs:fit:1600:1600/plain/s3://img-dostavka/catalog/uf/efa/efa48a14d92d712495cb1c61425f8620/d6bac156cb23055174e045b17d901921.jpeg@webp,174.0,
1000562586,Мёд Иванова Пасека горный 250г,13,4.8,Покупайте за 1₽,https://magnit.ru/product/1000562586?shopCode=694420&shopType=express,False,https://images-foodtech.magnit.ru/Ism9qY-rUNV6CccO33_tAl4OfQn7VjekApqRbjx2UKM/rs:fit:1600:1600/plain/s3://img-dostavka/catalog/uf/f4a/f4a4b468b0ddcce04829fda7f65e07cb/4852353d772757b302ac47b2bcbe89d5.jpeg@webp,190.0,
8000045471,Молочный кофейный напиток Ваниль Natura Selection Latte 2.7% 220мл,14,3.6,Покупайте за 1₽,https://magnit.ru/product/8000045471?shopCode=694420&shopType=express,False,https://images-foodtech.magnit.ru/qMoQqc7T2fDRPAwEN43pRrxETGLhXzyrtJvdhoAAAOk/rs:fit:1600:1600/plain/s3://img-dostavka/catalog/uf/833/833598a367f4db057a0d04b1312b68a5/5220ac9040b44cb20217645bb9c17ba0.jpeg@webp,219.0,167.0
1000453156,Творог Село Зеленое обезжиренный 300г,15,4.9,Покупайте за 1₽,https://magnit.ru/product/1000453156?shopCode=694420&shopType=express,False,https://images-foodtech.magnit.ru/v696zEvqYPHP65qVC7mn56fk11u09pyvZaOz8aOQ0tw/rs:fit:1600:1600/plain/s3://img-dostavka/catalog/uf/715/715dcebf2a94cc61a731e851418f6001/89a920f0689f83818e413efed4322dc9.jpeg@webp,119.0,
1000461809,Сметана Брест-Литовск 20% 300г,16,4.9,Покупайте за 1₽,https://magnit.ru/product/1000461809?shopCode=694420&shopType=express,False,https://images-foodtech.magnit.ru/nugBHD9qfwba534c_U015VtR_6ruo0Ceyx2bqBeDoGo/rs:fit:1600:1600/plain/s3://img-dostavka/catalog/uf/f36/f369ecde358eb474589c9ba293d0307f/fe4106dd2fc3047abdff94cdacecdced.jpeg@webp,99.0,
1000367062,Хот-дог пшеничный со свиной сосиской и микс начинкой,17,4.6,Покупайте за 1₽,https://magnit.ru/product/1000367062?shopCode=694420&shopType=express,False,https://images-foodtech.magnit.ru/m5JJGnI27aTHyr19OwfUBIJF1ymB-aK5eZByPUMudj8/rs:fit:1600:1600/plain/s3://img-dostavka/catalog/uf/b64/b64363f8fc87f37bccab5cad926f7207/1740f54b11af47c13507fd7baa859e4d.jpeg@webp,90.0,
1000233524,Рулет Майский с маком и изюмом Черемушки 300г,18,4.9,Покупайте за 1₽,https://magnit.ru/product/1000233524?shopCode=694420&shopType=express,False,https://images-foodtech.magnit.ru/bKuQSr0YuL5eKeiDAuiGgPYdFW6Hq0WKCsI1n3GAxDU/rs:fit:1600:1600/plain/s3://img-dostavka/catalog/uf/42a/42a192eb0e4fa3c7802f536b1fec8fe3/57c1226f138abc0736fb0c212c290096.jpeg@webp,139.0,
1000455350,Лечо Пиканта 450г,19,4.9,Покупайте за 1₽,https://magnit.ru/product/1000455350?shopCode=694420&shopType=express,False,https://images-foodtech.magnit.ru/EemhDUYJIvku_UOxyewwMPuIfBb3As-_z9D1R-Q7_Hc/rs:fit:1600:1600/plain/s3://img-dostavka/catalog/uf/01f/01f5b44c9a2f3cdfba6230f344393644/7f120060914ece771fdb1a083cc9c3f9.jpeg@webp,149.0,
1377100002,Рис Prosto Краснодарский круглозерный 8пак*62.5г,20,4.9,Покупайте за 1₽,https://magnit.ru/product/1377100002?shopCode=694420&shopType=express,False,https://images-foodtech.magnit.ru/wZLPtBE-kjM1GlW33vH3a0fo1yffrWNoWOfdePVGQIE/rs:fit:1600:1600/plain/s3://img-dostavka/catalog/uf/64e/64e017d57a84b3ac3caccabce5ac562f/2b9d5361a24634af88e8fe803a9d1299.jpeg@webp,132.0,107.0
1000367065,Хот-дог зерновой со свиной сосиской и микс-начинкой,21,4.7,Покупайте за 1₽,https://magnit.ru/product/1000367065?shopCode=694420&shopType=express,False,https://images-foodtech.magnit.ru/q4zyz5EK3fuDCYTR0MnTs0NqLq-Ixv1tGNKiyInKrh0/rs:fit:1600:1600/plain/s3://img-dostavka/catalog/uf/0d2/0d20e1cf08041bbd9f97226f333d9015/9d661940e99d1179a6ff0f5d28094de1.png@webp,90.0,
1000454017,Сыр Гиагинский Ассорти №1 40% 100г,22,4.7,Покупайте за 1₽,https://magnit.ru/product/1000454017?shopCode=694420&shopType=express,False,https://images-foodtech.magnit.ru/D8f1JI0uHs01JjdHRu1hLx9Ixi1YB5J7zXU1li5Gzto/rs:fit:1600:1600/plain/s3://img-dostavka/catalog/uf/3cd/3cd345b54000d9a98dcb7a0612c162ed/6b1f6859497c1effc0441cfb4fd398b3.jpeg@webp,239.0,214.0
1000446961,Колбаса Клинский МК Молочная вареная нарезка 190г,23,4.9,Покупайте за 1₽,https://magnit.ru/product/1000446961?shopCode=694420&shopType=express,False,https://images-foodtech.magnit.ru/hcB6SxCosVQy-HnM5VsfpMq27j7LjTj1O6b_t_eGpKA/rs:fit:1600:1600/plain/s3://img-dostavka/catalog/uf/64b/64b499fb4ec07b9cef72a59b4dc3f1f9/e273cfbb54cb66b1d3f146abf8055677.jpeg@webp,160.0,139.0
1000547192,Маслины без косточки Premiere of Taste 170г,24,4.8,Покупайте за 1₽,https://magnit.ru/product/1000547192?shopCode=694420&shopType=express,False,https://images-foodtech.magnit.ru/nfym7GIPZbgJbr0sCdF9KseV2FTGCDPq3SQyV8BN16k/rs:fit:1600:1600/plain/s3://img-dostavka/catalog/uf/446/446724a518746133c65df92959b3824c/169d7302548b9c9afc0a6d0fbe8d0549.jpeg@webp,180.0,109.0
1000367067,Хот-дог пшеничный с говяжьей сосиской и микс-начинкой,25,4.8,Покупайте за 1₽,https://magnit.ru/product/1000367067?shopCode=694420&shopType=express,False,https://images-foodtech.magnit.ru/hAFf6v4BvNM_HOLTguSEWpEPwYcUEnKSoyyQpKZYQfI/rs:fit:1600:1600/plain/s3://img-dostavka/catalog/uf/e8e/e8e0c69fa63908b29ffe120b9f2ea684/d7b8e17bab4af92c75b44c81c1db46dc.jpeg@webp,90.0,
1000567527,Маш Premiere of Taste 450г,26,5.0,Покупайте за 1₽,https://magnit.ru/product/1000567527?shopCode=694420&shopType=express,False,https://images-foodtech.magnit.ru/KcW5n2Hn6MP-MwXDcYRqnZV4HGTGOb9B9f8Cp7ZFqPA/rs:fit:1600:1600/plain/s3://img-dostavka/catalog/uf/50b/50b1d5525e80c05d32c29fa3039a843b/0a7d6e18634c57e16872644e4db52ad9.jpeg@webp,161.0,
1000288485,Вода Ессентуки Целебная минеральная газированная 1.5л,27,4.9,Покупайте за 1₽,https://magnit.ru/product/1000288485?shopCode=694420&shopType=express,False,https://images-foodtech.magnit.ru/SXznBT_sUps_p3Z5HdFj_wsx2gGYFcbwSS8eUeL7_2Q/rs:fit:1600:1600/plain/s3://img-dostavka/catalog/uf/ca1/ca140b21b457b1d3f4e90df1c11e7216/c0a5c3e3008b28f012e5c68b05bfe372.png@webp,109.0,80.0
1000113319,Чистящее средство от жира Sanita 1 Минута для плит и духовок 500мл,28,4.9,Покупайте за 1₽,https://magnit.ru/product/1000113319?shopCode=694420&shopType=express,False,https://images-foodtech.magnit.ru/EB1IcSFxCfl45kXNOpSsrTbuegarW7cAxtPlQrUlySg/rs:fit:1600:1600/plain/s3://img-dostavka/catalog/uf/2b1/2b1e2379df14281686a8e6e950032a7f/5eb369737a4ef3ca672e00a82a22ee24.jpeg@webp,252.0,209.0
1000111151,Щупальца кальмара Балтийский берег в чесночном соусе 210г,29,4.7,Покупайте за 1₽,https://magnit.ru/product/1000111151?shopCode=694420&shopType=express,False,https://images-foodtech.magnit.ru/TGHcSBQroq2pZ4jD6l_yLvv3M-hsu2hY_KaCesd-eGA/rs:fit:1600:1600/plain/s3://img-dostavka/catalog/uf/106/1062755636908d199c999a364b256e2c/aabeb62705943dc96ba7dc539c8f02b2.jpeg@webp,194.0,176.0
8000045614,Дамплинги Уплетоны с курицей Тай Чили 150г,30,4.7,Покупайте за 1₽,https://magnit.ru/product/8000045614?shopCode=694420&shopType=express,False,https://images-foodtech.magnit.ru/dQ6H46OolqsUgPKaxaNgoj_5k1AtdwqKrnDKp-s1Dco/rs:fit:1600:1600/plain/s3://img-dostavka/catalog/uf/4e5/4e51e8bbc91b1fb91d4d1eaaa74d191b/6d615ada801c6671b78b413913e6c61b.jpeg@webp,239.0,186.0
1000367069,Хот-дог зерновой с куриной сосиской и микс-начинкой,31,4.6,Покупайте за 1₽,https://magnit.ru/product/1000367069?shopCode=694420&shopType=express,False,https://images-foodtech.magnit.ru/_WzWhXBFRUviTNmfm3znTtKh_5I4I_kzXQL0hee5jBc/rs:fit:1600:1600/plain/s3://img-dostavka/catalog/uf/b58/b581a9be634b6295dc14b1b6f671c1f1/618074bfa290c8b16e056ca9c89e1e39.jpeg@webp,90.0,
1000093976,Масса творожная Ростагрокомплекс Особая с изюмом и шоколадом 180г,32,4.9,Покупайте за 1₽,https://magnit.ru/product/1000093976?shopCode=694420&shopType=express,False,https://images-foodtech.magnit.ru/5fRBa-MkmZke-r3j5x9D1TTKGRezRvlhVt0eXwhP7wc/rs:fit:1600:1600/plain/s3://img-dostavka/catalog/uf/6e0/6e065d9d83eed030a6cb47fe8d3d9d67/50a369385a781c4cfda89ee7a4116402.jpeg@webp,139.0,99.0
1000566833,Сыр Белебеевский Белебеевский нарезка 45% 120г,33,4.8,Покупайте за 1₽,https://magnit.ru/product/1000566833?shopCode=694420&shopType=express,False,https://images-foodtech.magnit.ru/WiLet4dlphivndp_K70sfGjgABVx7SawgGmUHQ5rEPM/rs:fit:1600:1600/plain/s3://img-dostavka/catalog/uf/8fd/8fd8f61ce374d569a5e25163e9ed3ebb/1acad1af3423b99112a1daf19e733017.jpeg@webp,194.0,149.0
1000108780,Чечевица зелёная целая Premiere of Taste 400г,34,4.8,Покупайте за 1₽,https://magnit.ru/product/1000108780?shopCode=694420&shopType=express,False,https://images-foodtech.magnit.ru/02EFeUZhB6tX0hfqGX2MWr_08Pvs-RU7aAjFLTWxgN8/rs:fit:1600:1600/plain/s3://img-dostavka/catalog/uf/ebd/ebd0ea32408105671467e8fccded30d0/32c0929833b080df507840af27db0cd5.jpeg@webp,153.0,
1059800007,Отбеливатель Аист Бос жидкий 1.2л,35,4.9,Покупайте за 1₽,https://magnit.ru/product/1059800007?shopCode=694420&shopType=express,False,https://images-foodtech.magnit.ru/jMg0YKDAxr3jMrls5P4NUNaEQ9l9aD5vvKljbjXJ5Ww/rs:fit:1600:1600/plain/s3://img-dostavka/catalog/uf/a3d/a3d30afa303c9bb547177347a295f733/ea4a820595aa45e89d27933f60ab1097.jpeg@webp,179.0,
8000024666,Сироп Лесной орех Premiere Of Taste 250мл,36,4.7,Покупайте за 1₽,https://magnit.ru/product/8000024666?shopCode=694420&shopType=express,False,https://images-foodtech.magnit.ru/vx2LxBcrMM3QqxZtD4AnfrfKTg13RwO0B4V4a3Yedhk/rs:fit:1600:1600/plain/s3://img-dostavka/catalog/uf/ded/dedb84a3a1001b8807aabc6933f14e7b/d94e15b61a29e8234e90286d9637c80f.jpeg@webp,135.0,104.0
1000545577,Кисломолочный напиток Exponenta Черника-голубика обезжиренный 500г,37,4.8,Покупайте за 1₽,https://magnit.ru/product/1000545577?shopCode=694420&shopType=express,False,https://images-foodtech.magnit.ru/QI1jPcJQKYpvYgVE9eaPEhAUYMzLnBgdbFHgH1Aq_U4/rs:fit:1600:1600/plain/s3://img-dostavka/catalog/uf/95b/95b79b1e8b1ec0e746f34e66f7e244eb/172c66661423d631db8d56b792a14f37.jpeg@webp,169.0,
8000048332,Нектар Добрый из ананасов и яблок 1л,38,4.8,Покупайте за 1₽,https://magnit.ru/product/8000048332?shopCode=694420&shopType=express,False,https://images-foodtech.magnit.ru/aq_A6JwYx3CRDz72e-qtUlnIq_5m8HGpmpkOn9lK3uc/rs:fit:1600:1600/plain/s3://img-dostavka/catalog/uf/d10/d10d095998a902db3c3ca56eae348dcf/15b76c1ff788fad77a92b122732ef0ae.jpeg@webp,183.0,164.0
1000565862,Рис Жасмин Premiere of Taste 450г,39,4.8,Покупайте за 1₽,https://magnit.ru/product/1000565862?shopCode=694420&shopType=express,False,https://images-foodtech.magnit.ru/3HmmScCF49HS7Y4udi35PuJZPK-vOlffDZfq_SFCguU/rs:fit:1600:1600/plain/s3://img-dostavka/catalog/uf/d4e/d4e666e4e7490ae2eeda9385457cb368/cbd69e01ece748322258ca6d808367a1.jpeg@webp,139.0,110.0
1045250003,Карбонад Егорьевская ФКГ По-Егорьевски копчено-вареная нарезка 115г,40,4.9,Покупайте за 1₽,https://magnit.ru/product/1045250003?shopCode=694420&shopType=express,False,https://images-foodtech.magnit.ru/nIVP7-lwVVPiVxzgTJ16JP1R21MkLe2fWK2pw17Nr_o/rs:fit:1600:1600/plain/s3://img-dostavka/catalog/uf/cd1/cd16c9378b9fe0dfb2f1e0f9891e3f6d/0ea3b7c6342866e610fada38bd2dab6d.jpeg@webp,203.0,169.0
3392166504,Сыр плавленый Карат Шоколадный 30% 230г,41,4.9,Покупайте за 1₽,https://magnit.ru/product/3392166504?shopCode=694420&shopType=express,False,https://images-foodtech.magnit.ru/J8C-9-lvVFAWccUPD9rCCDdk934wUolqX5byv95kZqQ/rs:fit:1600:1600/plain/s3://img-dostavka/catalog/uf/9f6/9f6a10c21bab1e288903d33cbe38a512/dcdf7e7cd3ad6c56421b2044f817c8f6.jpeg@webp,169.0,139.0
3113001013,Пастила с ароматом ванили Шармэль 221г,42,5.0,Покупайте за 1₽,https://magnit.ru/product/3113001013?shopCode=694420&shopType=express,False,https://images-foodtech.magnit.ru/UdpelkdJREHnSjS_OFcbrqxFCiJgh-zdzFndn1Q5pr4/rs:fit:1600:1600/plain/s3://img-dostavka/catalog/uf/c6d/c6d030f19d9cd3ffa4bf3aa1c37bffac/bae9d9712cf66192655e1cc09b016ce5.jpeg@webp,161.0,
1000537866,Чипсы Bruto картофельные с морской солью 120г,43,4.6,Покупайте за 1₽,https://magnit.ru/product/1000537866?shopCode=694420&shopType=express,False,https://images-foodtech.magnit.ru/BZ3stbU3_MlRbxWwZUFm9kXuKPAmWUSggH1fQoYCYNg/rs:fit:1600:1600/plain/s3://img-dostavka/catalog/uf/047/047442fac53406ffcc681d209e9a24fc/166570b875ffce66202dcc57e8a7907b.jpeg@webp,159.0,119.0
1000457186,Напиток Добрый Лимон-лайм 1.5л,44,4.9,Покупайте за 1₽,https://magnit.ru/product/1000457186?shopCode=694420&shopType=express,False,https://images-foodtech.magnit.ru/gVSWVccibtGR-9auSObvWm3RDShoE43CMH8bPpzFOzU/rs:fit:1600:1600/plain/s3://img-dostavka/catalog/uf/23c/23c52f02f28298553da60f23519f4037/f50e75c81e3f2397b606c49986377c7b.jpeg@webp,139.0,
1000162281,Зубная паста Splat Juicy Киви-клубника укрепляющая детская 35мл,45,4.7,Покупайте за 1₽,https://magnit.ru/product/1000162281?shopCode=694420&shopType=express,False,https://images-foodtech.magnit.ru/GE7q6f3VnMc5BdoMC1Ku8mDdXruQVoC29K1FunNsEE8/rs:fit:1600:1600/plain/s3://img-dostavka/catalog/uf/c85/c859a309e32b7306499ea4802b6b5c4a/f5ca2666a518d1f157eaf3790139336f.jpeg@webp,194.0,170.0
1000220777,Жидкое мыло Мое солнышко c маслом авокадо детское с 6 месяцев 400мл,46,4.9,Покупайте за 1₽,https://magnit.ru/product/1000220777?shopCode=694420&shopType=express,False,https://images-foodtech.magnit.ru/1VweMe_ylJMh4zSTkIMVRXAC7Ft1-rxF07hqRYgq8KQ/rs:fit:1600:1600/plain/s3://img-dostavka/catalog/uf/c94/c94cfce4e1fdc911082ba7fc20434f85/e95798a85a26def392bdb4957f4a636c.jpeg@webp,160.0,108.0
1042349909,Печенье Lotte в глазури Choco Pie 336,47,4.9,Покупайте за 1₽,https://magnit.ru/product/1042349909?shopCode=694420&shopType=express,False,https://images-foodtech.magnit.ru/lenJz1FO9o3yt1kFi7H59O3QbSMRTS6QkPHtglwVPSA/rs:fit:1600:1600/plain/s3://img-dostavka/catalog/uf/3fb/3fb2e1e02f8cad3cd2883ab7a3463582/71e0f3186a9fdc567a2a46f96541c7db.jpeg@webp,228.0,177.0
1000221497,Мыло для интимной гигиены Evo Intimate рН 5.2 молочная кислота 250мл,48,5.0,Покупайте за 1₽,https://magnit.ru/product/1000221497?shopCode=694420&shopType=express,False,https://images-foodtech.magnit.ru/wzQjTnEb8fO4S2om9dUPMFccTdmQmrzL1ph3E8lveao/rs:fit:1600:1600/plain/s3://img-dostavka/catalog/uf/104/104ac6becc29bf6ed8981cbba9f1a47d/f5c5ab753b583f48e2f537fa4e5216a8.jpeg@webp,199.0,125.0
1000567799,Сыр Oldenburger с грецкими орехами нарезка 45% 125г,49,4.8,Покупайте за 1₽,https://magnit.ru/product/1000567799?shopCode=694420&shopType=express,False,https://images-foodtech.magnit.ru/e0-cJ5EZHNFbZGSv5yY_sXklWG50tE_S2YKXvcM_5LE/rs:fit:1600:1600/plain/s3://img-dostavka/catalog/uf/c61/c6120cbe22d52f175652119495c447bd/ce69e451367bd51831c2dac0464b0947.jpeg@webp,169.0,154.0
1000303403,Рис Бурый Premiere of Taste 400г,50,4.6,Покупайте за 1₽,https://magnit.ru/product/1000303403?shopCode=694420&shopType=express,False,https://images-foodtech.magnit.ru/qAzdRl2MfrtYElqW6Wf4SEv1orRJKkfEasAdoM0vMNY/rs:fit:1600:1600/plain/s3://img-dostavka/catalog/uf/898/898794c221989f2fb7a910956c2d2e3a/08587e1b6dc15c2b766fca9145871ce9.jpeg@webp,119.0,101.0
1000422920,Подушечки Любятово с молочной начинкой 220г,51,4.8,Покупайте за 1₽,https://magnit.ru/product/1000422920?shopCode=694420&shopType=express,False,https://images-foodtech.magnit.ru/NNpWXYzTia-5F7lq8pyhLbdfQIqKVwPtcOIWotKLqGk/rs:fit:1600:1600/plain/s3://img-dostavka/catalog/uf/0bb/0bb6b2d09373261fcee46ecddba59e9b/7a1ba7dc962857e6c4b7e13b4642a622.jpeg@webp,135.0,109.0
1000382911,Драже M&M's с арахисом и молочным шоколадом 145г,52,5.0,Покупайте за 1₽,https://magnit.ru/product/1000382911?shopCode=694420&shopType=express,False,https://images-foodtech.magnit.ru/-QTxMZxXA34RX4vsZez6Fa1pX0twQSzRc5Vpx8Bgou8/rs:fit:1600:1600/plain/s3://img-dostavka/catalog/uf/39b/39bb5c056382e205bc6a90a1739bcb95/962eaee4466b8060ed96fcfb23fb397c.jpeg@webp,189.0,
1000129614,Джем Махеевъ Абрикосовый 300г,53,4.9,Покупайте за 1₽,https://magnit.ru/product/1000129614?shopCode=694420&shopType=express,False,https://images-foodtech.magnit.ru/sMZJw6hv6eSoNPMVVGkGEQ86wNXpUHzX03DvQQm4sOA/rs:fit:1600:1600/plain/s3://img-dostavka/catalog/uf/79d/79dc3caf5539ba813f68ec6e9d8b79d1/5b6c5d12ea142935c0da6ac677c2886e.jpeg@webp,124.0,108.0
1000180809,Капуста цветная Agama быстрозамороженная 400г,54,4.5,Покупайте за 1₽,https://magnit.ru/product/1000180809?shopCode=694420&shopType=express,False,https://images-foodtech.magnit.ru/GRvsLSJdfOaWkdHURpn9-ROHfAUKA7kv8qSWYREIHVc/rs:fit:1600:1600/plain/s3://img-dostavka/catalog/uf/2e8/2e8179cd4404eafc5d5626080746aaff/3bfa078394ad2cb996275ae4495fa5d8.jpeg@webp,217.0,177.0
8000024610,Конфеты желейные с вишневой начинкой в молочной шоколадной глазури Шоколадница 160г,55,4.8,Покупайте за 1₽,https://magnit.ru/product/8000024610?shopCode=694420&shopType=express,False,https://images-foodtech.magnit.ru/wEsrztn1hmVB7RCRVGeuJBlhjR37g8J_Yq0Bz9bj2QU/rs:fit:1600:1600/plain/s3://img-dostavka/catalog/uf/d01/d0100327a22c5cef5dd4ccbb5484aed7/c2cf56e06acdcb53134275c9a88681a4.jpeg@webp,229.0,153.0
1457700005,Арахис Джаз жареный соленый 150г,56,4.8,Покупайте за 1₽,https://magnit.ru/product/1457700005?shopCode=694420&shopType=express,False,https://images-foodtech.magnit.ru/K_5mZbHYSRwUke0CrbC0H7wFcO-zsR2TmTc1YsclLwU/rs:fit:1600:1600/plain/s3://img-dostavka/catalog/uf/9ef/9ef568ddd1acfb2b87bda2cc17778c9c/0f84e6b6659cf0f2e2786f6a6081dabd.jpeg@webp,168.0,126.0
1000000732,Молоко сгущенное Коровка из Кореновки 8.5% 270г,57,5.0,Покупайте за 1₽,https://magnit.ru/product/1000000732?shopCode=694420&shopType=express,False,https://images-foodtech.magnit.ru/HjXgaNYgFFAbl78-5j4Im9EdJY81jU2v-ePYDX4783g/rs:fit:1600:1600/plain/s3://img-dostavka/catalog/uf/c55/c55607144b1bcaa35bd52bd248d0c7e1/6320a568a99ae898e566ee05d007cd50.jpeg@webp,183.0,130.0
1000452314,Сыр Село Зеленое Гауда Премиум нарезка 40% 130г,58,4.9,Покупайте за 1₽,https://magnit.ru/product/1000452314?shopCode=694420&shopType=express,False,https://images-foodtech.magnit.ru/AcZsCcBzGYSoNJP27y1FfVRKy_0NyiXvlLveGOuOSlM/rs:fit:1600:1600/plain/s3://img-dostavka/catalog/uf/da1/da15cc8c098da9ee8408c170bfa615f3/d898dafb02b191448ce3b97e8e5cc620.jpeg@webp,189.0,149.0
1000584737,Напиток Rich Спритц Красный апельсин безалкогольный 1л,59,4.7,Покупайте за 1₽,https://magnit.ru/product/1000584737?shopCode=694420&shopType=express,False,https://images-foodtech.magnit.ru/uJFYCxoqBcSQeUGHsM5NEDoF2Ub69D7BXsfGhWdnMc0/rs:fit:1600:1600/plain/s3://img-dostavka/catalog/uf/1a3/1a3ddac1dce9fcfaedd0373e6f596826/c990dd732afab3c53d94154f1a90279c.jpeg@webp,119.0,
1000229307,Солянка по-домашнему Главсуп замороженная 250г,60,4.8,Покупайте за 1₽,https://magnit.ru/product/1000229307?shopCode=694420&shopType=express,False,https://images-foodtech.magnit.ru/h05BJyMyw5x1tc_jC0wftFmuScG5KzWrVdqVFMumpe0/rs:fit:1600:1600/plain/s3://img-dostavka/catalog/uf/e80/e80ab6c8cd12a6da88e2900c606f8c60/aef8b07a31695649d0d3511656508cb5.jpeg@webp,159.0,
1000385807,Соус Sen soy Premium Чили шрирача 310г,61,4.7,Покупайте за 1₽,https://magnit.ru/product/1000385807?shopCode=694420&shopType=express,False,https://images-foodtech.magnit.ru/0hfWdHHOjrerRXkDi5Z04Lr6ydQ3dcPh1PDcU2L5nFs/rs:fit:1600:1600/plain/s3://img-dostavka/catalog/uf/40b/40b32dedf72f43da5529f970936a70db/02fc132d64da3c3fe5848fc80b487af4.jpeg@webp,252.0,186.0
1000293877,Напиток Саперави Натахтари 500мл,62,4.9,Покупайте за 1₽,https://magnit.ru/product/1000293877?shopCode=694420&shopType=express,False,https://images-foodtech.magnit.ru/0ufpKlp23gRvqZBf94bpVWEiyBlt0GsXZ9mYjZHo9IE/rs:fit:1600:1600/plain/s3://img-dostavka/catalog/pim/goods/1000293877/image/b6c1eeafa4a153453c0bbd058ad43682.jpeg@webp,119.0,
1000221483,Крем для ног Evo c мочевиной 75мл,63,4.9,Покупайте за 1₽,https://magnit.ru/product/1000221483?shopCode=694420&shopType=express,False,https://images-foodtech.magnit.ru/Y8BJNlbv2qw_Q_JX_1M2OlCvgYdWRSQpHb0N6U0-4jY/rs:fit:1600:1600/plain/s3://img-dostavka/catalog/uf/f3a/f3ae6c6e5b36151d9d5d8e32d8f44be3/4f979ddd192c5b2fcd606b8dc8ad84d5.jpeg@webp,169.0,119.0
1000278675,Нектар Мамина дача тыквенный с мякотью 750мл,64,4.8,Покупайте за 1₽,https://magnit.ru/product/1000278675?shopCode=694420&shopType=express,False,https://images-foodtech.magnit.ru/xcYTs4xiROY5SoxP1aFQCginjnQW-fh2e4GKT2iZqvg/rs:fit:1600:1600/plain/s3://img-dostavka/catalog/uf/405/405212c22217ceb5a218ce2759dd9631/8dae98bb211b811fba7445de82724410.jpeg@webp,169.0,
1000277358,Чай черный Beta Tea Mix Fruit 90г,65,4.7,Покупайте за 1₽,https://magnit.ru/product/1000277358?shopCode=694420&shopType=express,False,https://images-foodtech.magnit.ru/14_C1jPvyd7waTR6LhbZ6piv6v_7A_wLqwqIgg1O4kY/rs:fit:1600:1600/plain/s3://img-dostavka/catalog/uf/6dc/6dcbdb1bd4b185f06b53c31ba4402e48/f5d97c8a1640413cc705a932dc6659ac.jpeg@webp,189.0,
1000189545,Сметана President 30% 350г,66,4.9,Покупайте за 1₽,https://magnit.ru/product/1000189545?shopCode=694420&shopType=express,False,https://images-foodtech.magnit.ru/fhRK9OepVeJA0IVHJYJyZaj9KTfSMGrWnax4gj1sK_E/rs:fit:1600:1600/plain/s3://img-dostavka/catalog/uf/0f0/0f056d2dcf2011b71dce7e991cb3a61f/78c0a76da0f7be14e076f29e1d98d707.png@webp,229.0,
1000189545,Сметана President 30% 350г,66,4.9,Покупайте за 1₽,https://magnit.ru/product/1000189545?shopCode=694420&shopType=express,False,https://images-foodtech.magnit.ru/fhRK9OepVeJA0IVHJYJyZaj9KTfSMGrWnax4gj1sK_E/rs:fit:1600:1600/plain/s3://img-dostavka/catalog/uf/0f0/0f056d2dcf2011b71dce7e991cb3a61f/78c0a76da0f7be14e076f29e1d98d707.png@webp,229.0,
1000463073,Сливки Простоквашино ультрапастеризованные 20% 500г,67,4.8,Покупайте за 1₽,https://magnit.ru/product/1000463073?shopCode=694420&shopType=express,False,https://images-foodtech.magnit.ru/f5F3pjYyd4oUqzwEIiUsgccg11sJSP8GKDLPKa_nb9M/rs:fit:1600:1600/plain/s3://img-dostavka/catalog/uf/697/697cc38bf25b57b66dc0537a79b09297/c8082d6c2fae7d315fcc9d5acfae6c47.jpeg@webp,263.0,214.0
1000229306,Борщ с курицей Главсуп замороженный 250г,68,4.8,Покупайте за 1₽,https://magnit.ru/product/1000229306?shopCode=694420&shopType=express,False,https://images-foodtech.magnit.ru/drj8gq8h79auZdJZhNx0LCP_GTAO6TZ557VJ4r8xbbU/rs:fit:1600:1600/plain/s3://img-dostavka/catalog/uf/2f5/2f590a267c3d7de243a5b525daa6a1c7/50ca095ef352cb4610bc204f694765b2.jpeg@webp,171.0,156.0
1000440467,Напиток Fancy 1.5л,69,4.8,Покупайте за 1₽,https://magnit.ru/product/1000440467?shopCode=694420&shopType=express,False,https://images-foodtech.magnit.ru/dvS6qqgF9G5U4-QAR-drD2k5Mq1ZgQ9gnBLPE0GbbBw/rs:fit:1600:1600/plain/s3://img-dostavka/catalog/uf/c80/c8077c5891d687bc9a28cb01e387cfb6/6554fa2daade5aeaae1ce7638cc80e10.jpeg@webp,114.0,
1000520330,Зефир Lucky Days со вкусом черной смородины 250г,70,4.7,Покупайте за 1₽,https://magnit.ru/product/1000520330?shopCode=694420&shopType=express,False,https://images-foodtech.magnit.ru/Ose83ClDV3bCgkoTm0DWlhTqC_y5QptU4Dj3jcgLImk/rs:fit:1600:1600/plain/s3://img-dostavka/catalog/uf/223/22344b507cfaec5bc7dd4cca2ff845fb/a8eabdce7f3cae339a50ca277f193747.png@webp,98.0,
1000351084,Молоко Parmalat безлактозное ультрапастеризованное 3.5% 1л,71,5.0,Покупайте за 1₽,https://magnit.ru/product/1000351084?shopCode=694420&shopType=express,False,https://images-foodtech.magnit.ru/4_h6wf_Oy7_oTp10mFKZr3ulDe16HHLwXlXvgqTkvYs/rs:fit:1600:1600/plain/s3://img-dostavka/catalog/uf/0f6/0f68749dc4b2d051854392443097b576/5771617fa3bdd1db959a0449812a4bce.png@webp,179.0,
1000351084,Молоко Parmalat безлактозное ультрапастеризованное 3.5% 1л,71,5.0,Покупайте за 1₽,https://magnit.ru/product/1000351084?shopCode=694420&shopType=express,False,https://images-foodtech.magnit.ru/4_h6wf_Oy7_oTp10mFKZr3ulDe16HHLwXlXvgqTkvYs/rs:fit:1600:1600/plain/s3://img-dostavka/catalog/uf/0f6/0f68749dc4b2d051854392443097b576/5771617fa3bdd1db959a0449812a4bce.png@webp,179.0,
1000038991,Молочко для тела Evo Пантенол 150мл,72,5.0,Покупайте за 1₽,https://magnit.ru/product/1000038991?shopCode=694420&shopType=express,False,https://images-foodtech.magnit.ru/7ivg1pDK4LySLsuI6uhjyp6muqqrmAhFfweI1_-BXME/rs:fit:1600:1600/plain/s3://img-dostavka/catalog/uf/c3e/c3e7dd9697e6d8462ef68d055c92c702/043eec450c652a6f6d8c92b6cf1a16a0.jpeg@webp,219.0,169.0
1000526133,Нектар Апельсиновый Premiere of Taste 1л,73,4.4,Покупайте за 1₽,https://magnit.ru/product/1000526133?shopCode=694420&shopType=express,False,https://images-foodtech.magnit.ru/qe5isROgBSHsSNZJt2W1tRKAp4hoaqfuY5jo0nuS2bE/rs:fit:1600:1600/plain/s3://img-dostavka/catalog/uf/c4b/c4b2813935b7d259ac55f0c82021d887/840721bd385c873635c9c959ed6e2f26.jpeg@webp,179.0,156.0
1000457201,Индиан тоник Rich 1л,74,4.7,Покупайте за 1₽,https://magnit.ru/product/1000457201?shopCode=694420&shopType=express,False,https://images-foodtech.magnit.ru/0ZUaj-qe2ZilwtRrhm94U6yj_zXeNTEy1goabgaWK1M/rs:fit:1600:1600/plain/s3://img-dostavka/catalog/uf/dee/dee560c40431d6f258b640bf8750f1d6/9446489fae87ef192677cfe85b09c33f.jpeg@webp,119.0,
1000277356,Чай черный Akbar Ceylon 100пак,75,4.9,Покупайте за 1₽,https://magnit.ru/product/1000277356?shopCode=694420&shopType=express,False,https://images-foodtech.magnit.ru/eDiP788Zy5eLWnY4PDQTiVUcHRTwVhC6WGrwAg4xRUA/rs:fit:1600:1600/plain/s3://img-dostavka/catalog/uf/f0f/f0fa1336e45dbfec500913de4b2c2b92/c5e189eada4afaa5ddd2631c80baef5b.jpeg@webp,399.0,249.0
1000505365,Сыр Sveza творожный с авокадо 60% 150г,76,4.9,Покупайте за 1₽,https://magnit.ru/product/1000505365?shopCode=694420&shopType=express,False,https://images-foodtech.magnit.ru/Xlb4PVgsr3k4ZzU-86W6mm_2cSziwLJrUJb8Gav0cj0/rs:fit:1600:1600/plain/s3://img-dostavka/catalog/uf/6e5/6e5618f56dafdc895df15f6c00d4cae4/f2e3794492b31c906c19b27a125a4b86.jpeg@webp,,
1000111732,Конфеты Красный октябрь Ирис Золотой ключик 250г,77,4.8,Покупайте за 1₽,https://magnit.ru/product/1000111732?shopCode=694420&shopType=express,False,https://images-foodtech.magnit.ru/sQd6nEsUCt20cdsx09VKpHFwklR08Alkuzy-uFA4134/rs:fit:1600:1600/plain/s3://img-dostavka/catalog/uf/6fa/6fa9940579da463c46c47e1d73a0f7e9/e37216f1cf109d6222288fb55794a38d.jpeg@webp,194.0,168.0
1000435414,Масло детское Мое солнышко с алоэ 200мл,78,4.6,Покупайте за 1₽,https://magnit.ru/product/1000435414?shopCode=694420&shopType=express,False,https://images-foodtech.magnit.ru/C1cnemGWYODGMCL9adwm0nnJV_ydm9xbdC1u6AsHDlY/rs:fit:1600:1600/plain/s3://img-dostavka/catalog/uf/909/909eace992f01c2776e389ad37f3b5d7/91a8f0065f5c5820bbc674b784132c9e.jpeg@webp,212.0,169.0
1000202167,Чипсы картофельные Naturals классические с солью 100г,79,4.8,Покупайте за 1₽,https://magnit.ru/product/1000202167?shopCode=694420&shopType=express,False,https://images-foodtech.magnit.ru/OQLqIJCUwQ7q6rx7hmdU_2_nYOjGjqld8rUK7ZwgYHQ/rs:fit:1600:1600/plain/s3://img-dostavka/catalog/uf/da1/da1d5106c1c9219793f1ba0b84fb36a0/78808728002bea76e26e03057d0f3bbb.jpeg@webp,160.0,139.0
8000043621,Батончик глазированный Bionova с коллагеном Печенье-крем 40г,80,5.0,Покупайте за 1₽,https://magnit.ru/product/8000043621?shopCode=694420&shopType=express,False,https://images-foodtech.magnit.ru/26-p4GR27iODqGMJvrTaWIKcfBqlJnos0IRhimy2oH0/rs:fit:1600:1600/plain/s3://img-dostavka/catalog/uf/8cd/8cd0d41a450614691694f6786b52ab2b/449e7ccfa0aa91048fd6443ac6e85c40.jpeg@webp,104.0,
1000526134,Нектар манговый Premiere of taste 1л,81,4.7,Покупайте за 1₽,https://magnit.ru/product/1000526134?shopCode=694420&shopType=express,False,https://images-foodtech.magnit.ru/h4a2E6LzqJptp14Ok4V62mghN4clkMYHKfcN-ZxiHTk/rs:fit:1600:1600/plain/s3://img-dostavka/catalog/uf/1e0/1e0620c5bb67e324e903bc161e1c7d20/d0a71158b72bf881264be755cd56aa05.jpeg@webp,189.0,136.0
1000460884,Горошек зелёный быстрозамороженный Premiere of Taste 400г,82,4.6,Покупайте за 1₽,https://magnit.ru/product/1000460884?shopCode=694420&shopType=express,False,https://images-foodtech.magnit.ru/1n4yxJXvbz-5MggAedp4XGeqteji_qKomn6D_5BR8cM/rs:fit:1600:1600/plain/s3://img-dostavka/catalog/uf/91a/91a85980d28d76a9fae81eb9aa4037c2/f8c50f00882f0f53ebb2b3aad2ba8faa.jpeg@webp,129.0,104.0
1000296569,Ломтики манго в сиропе Premiere of Taste 425г,83,4.5,Покупайте за 1₽,https://magnit.ru/product/1000296569?shopCode=694420&shopType=express,False,https://images-foodtech.magnit.ru/xnfuN3QXvJ52BFrI2TW4HJXVJkJ17AGsps98qt8ieBs/rs:fit:1600:1600/plain/s3://img-dostavka/catalog/uf/a3f/a3f22fb0015c01d7f6b71293d9c57033/92daf360e1e528f1686481220bb42c7c.jpeg@webp,199.0,161.0
1000112244,Конфеты Рот фронт Коровка молочная 250г,84,4.9,Покупайте за 1₽,https://magnit.ru/product/1000112244?shopCode=694420&shopType=express,False,https://images-foodtech.magnit.ru/S9TMuS0nIFqPUQ2_qqaF9vppwRoDszVRtzO_ViV4A68/rs:fit:1600:1600/plain/s3://img-dostavka/catalog/uf/c91/c91acb771f978eff5de2d1c11dd41231/8a1bfc1a1f53617e320d74674da46392.jpeg@webp,209.0,
1000302693,Батончик протеиновый Bombbar Пудинг Манго-банан 60г,85,4.4,Покупайте за 1₽,https://magnit.ru/product/1000302693?shopCode=694420&shopType=express,False,https://images-foodtech.magnit.ru/At6aPCXAZ8E-yP4zguI8vbX_oTCjt6A7X1sL_KBqyIM/rs:fit:1600:1600/plain/s3://img-dostavka/catalog/uf/bcb/bcbab1bb5148f18f7c3309b522585fbd/56fa2bd3a3a3f06216b8fbe1853b49a1.jpeg@webp,179.0,109.0
1000302690,Батончик Bombbar протеиновый Фисташковый пломбир 60г,86,4.9,Покупайте за 1₽,https://magnit.ru/product/1000302690?shopCode=694420&shopType=express,False,https://images-foodtech.magnit.ru/7BSvwgnfZkSELYS9cckX-55a1uay4AR6FvhmK6wGcxE/rs:fit:1600:1600/plain/s3://img-dostavka/catalog/uf/842/8421a3c3f5a494ebb24770dcfd396a88/6ade3e1d62728ae324ec42ca05911c4d.jpeg@webp,153.0,139.0
1000273987,Печенье Овсяное с кусочками шоколада Хлебный спас 250г,87,4.7,Покупайте за 1₽,https://magnit.ru/product/1000273987?shopCode=694420&shopType=express,False,https://images-foodtech.magnit.ru/3dS-a7LXW6p1LxZN88ivVq7u1JoOTmOuNZQ2xtXooz8/rs:fit:1600:1600/plain/s3://img-dostavka/catalog/uf/596/59611650026cb41c071107d29fc09f16/68f1f607612c94bade360298da080a53.jpeg@webp,166.0,109.0
1000299257,Чай зеленый Richard Royal Melissa мелисса мята лемонграсс 25пак 37.5г,88,4.8,Покупайте за 1₽,https://magnit.ru/product/1000299257?shopCode=694420&shopType=express,False,https://images-foodtech.magnit.ru/zj6B-oJoUQKOXF985KeUUFOks0HUka5OA_8spSBWY5Q/rs:fit:1600:1600/plain/s3://img-dostavka/catalog/uf/35e/35e10f9be7ada2f5d96026e04edf6e91/40bfc937bb7f83761e26ee9dfacef9f3.jpeg@webp,179.0,134.0
1000370125,Конфеты жевательные со вкусом апельсина вишни малины и клубники Mamba 79.5г,89,4.8,Покупайте за 1₽,https://magnit.ru/product/1000370125?shopCode=694420&shopType=express,False,https://images-foodtech.magnit.ru/f3UjDQduWcazHP43YaN-eRLWRdE2Gg-r9yN6Kpb24nc/rs:fit:1600:1600/plain/s3://img-dostavka/catalog/uf/67d/67d3549bca50ccf8a4c97ebd76c2ab1e/cd6ba97048d2525598501a4e43efe641.jpeg@webp,159.0,
1049993164,Губка для обуви Salton для гладкой кожи черная,90,4.9,Покупайте за 1₽,https://magnit.ru/product/1049993164?shopCode=694420&shopType=express,False,https://images-foodtech.magnit.ru/iIufMy7JzvrJmcKNNf1ef_B0DABk1uNkdr21g65VlZU/rs:fit:1600:1600/plain/s3://img-dostavka/catalog/uf/d7c/d7cfff1a31e0557a8042849b6b0fbec0/69128075b80d9559998217ea41f6c372.jpeg@webp,194.0,109.0
1000203889,Чай зеленый Richard Royal Green байховый 25пак,91,5.0,Покупайте за 1₽,https://magnit.ru/product/1000203889?shopCode=694420&shopType=express,False,https://images-foodtech.magnit.ru/8NH3pSbScHXoNAn0tViN4z1nqKjyKnDzQQbpeTH9YQA/rs:fit:1600:1600/plain/s3://img-dostavka/catalog/uf/922/922497db8b12de3a62af1d02f8ef72cd/ef9e6fbbcabd3d57cadca4780a2610db.jpeg@webp,179.0,128.0
1000286796,Напиток Schweppes Citrus Mix безалкогольный 330мл,92,5.0,Покупайте за 1₽,https://magnit.ru/product/1000286796?shopCode=694420&shopType=express,False,https://images-foodtech.magnit.ru/_UryTo2rWDdUfwrVZUrn36AbQ-KJpnfITY99PfpdECw/rs:fit:1600:1600/plain/s3://img-dostavka/catalog/uf/b1e/b1e42ee0a58bb0d91152c66a9006ad6c/22cbe2b74b7177ea176bacac0ebd90a3.jpeg@webp,129.0,
1000469493,Сгущенка Поречский КЗ Сметанин с сахаром 1% 1.25кг,93,4.2,Покупайте за 1₽,https://magnit.ru/product/1000469493?shopCode=694420&shopType=express,False,https://images-foodtech.magnit.ru/m2g4Juv8J3QCOJ_5hmT0YHUr4jfH5_JEA4yez2AlxY0/rs:fit:1600:1600/plain/s3://img-dostavka/catalog/uf/02d/02d2b0a274ab81602a3b2bcaa68e1295/05bf59b2494bd54ccf1d3aeed350ec7c.jpeg@webp,204.0,161.0
1000396703,Молоко Магнит цельное концентрированное 300г,94,4.6,Покупайте за 1₽,https://magnit.ru/product/1000396703?shopCode=694420&shopType=express,False,https://images-foodtech.magnit.ru/Wara8XGmQldIZekLc_gOisRLImPRpLI5hVUHgpc0Uhk/rs:fit:1600:1600/plain/s3://img-dostavka/catalog/uf/61d/61d68ae922fccb1486d6ba7e0f2749a4/a0bc950f5910bb515d8cfa23b535a564.jpeg@webp,129.0,104.0
1000155122,Маслины Бондюэль с косточкой 300г,95,4.9,Покупайте за 1₽,https://magnit.ru/product/1000155122?shopCode=694420&shopType=express,False,https://images-foodtech.magnit.ru/jnzyGACG4rfrSZiQqFMGFymOreCuUCx7bDI4BlMS4Jo/rs:fit:1600:1600/plain/s3://img-dostavka/catalog/uf/81c/81c66de51b03d5779cf3bd383d6b65ed/9fd81f95a55d9dcde18424d74e809b49.jpeg@webp,198.0,
1000247882,Шоколад Red Delight Темный с апельсином и миндалем 70г,96,4.8,Покупайте за 1₽,https://magnit.ru/product/1000247882?shopCode=694420&shopType=express,False,https://images-foodtech.magnit.ru/ylBNqn1FBKwhyAcc4NlQg-eo4cdpuo4WVFMkeagKCmY/rs:fit:1600:1600/plain/s3://img-dostavka/catalog/uf/09e/09ee2dfdf15b779be50c777b5cc09862/a7e70bfbefd07c5212e34dae648e90cb.jpeg@webp,223.0,
1000216535,Чай зеленый Зеленый Дракон крупнолистовой 100г,97,4.7,Покупайте за 1₽,https://magnit.ru/product/1000216535?shopCode=694420&shopType=express,False,https://images-foodtech.magnit.ru/LBJ0yq5eyXIpXRZC83AksyqwATeuaw9o0-sJsfXExK4/rs:fit:1600:1600/plain/s3://img-dostavka/catalog/uf/584/58416ac05ce76e41da9daad95f26646f/d3a93455e5170abc0473eadd379a3533.jpeg@webp,139.0,119.0
1000524149,Молоко сгущенное Коровка Из Кореновки пломбир крем-брюле 8.5% 270г,98,4.8,Покупайте за 1₽,https://magnit.ru/product/1000524149?shopCode=694420&shopType=express,False,https://images-foodtech.magnit.ru/pflOREJPaZLdWJVYfIGqdIQiYnCXW-y8he8aFqPGb6Y/rs:fit:1600:1600/plain/s3://img-dostavka/catalog/uf/bf4/bf4e875ed88669ad71307641bfff4be8/40b764cd07048b314dff1ede2470c568.jpeg@webp,206.0,179.0
1000132400,Кисель Ростагроэкспорт Клюквенный 500мл,99,4.9,Покупайте за 1₽,https://magnit.ru/product/1000132400?shopCode=694420&shopType=express,False,https://images-foodtech.magnit.ru/WCbKXWlEgfBxRmAdDptUaSHKdd2KqleBlLtnFp4n5rE/rs:fit:1600:1600/plain/s3://img-dostavka/catalog/uf/ced/cedc5166145021ce79bc636bdf201159/aeb68046337616dd3c5cb9c21998c8a5.jpeg@webp,99.0,
1000299617,Пятновыводитель Grass G-oxi для цветных вещей спрей 600мл,100,4.8,Покупайте за 1₽,https://magnit.ru/product/1000299617?shopCode=694420&shopType=express,False,https://images-foodtech.magnit.ru/1IGx1GnkEI5qpyAAXTtlW7CPvzy5kwQhdJ8oLei38Uc/rs:fit:1600:1600/plain/s3://img-dostavka/catalog/uf/b25/b25ec5e5a67c6aa19e63e02bc6ade1be/6abb5518fbde51645d357ce13ecdcbc8.jpeg@webp,219.0,139.0
1000460885,Кукуруза сладкая в зернах замороженная Premiere of Taste 400г,101,4.7,Покупайте за 1₽,https://magnit.ru/product/1000460885?shopCode=694420&shopType=express,False,https://images-foodtech.magnit.ru/OxH7MV7YLkY-qahCt-Zrwb8jf7QRFCE1VCCTEi0vDKs/rs:fit:1600:1600/plain/s3://img-dostavka/catalog/uf/c0a/c0a5992b5b3cb281afd25c9cb9ee106b/d01e5292f85c3081e01d31dc6db3082a.jpeg@webp,179.0,149.0
1000578606,Напиток кисломолочный Спа эффект Actitan 0.5% 200мл,102,4.7,Покупайте за 1₽,https://magnit.ru/product/1000578606?shopCode=694420&shopType=express,False,https://images-foodtech.magnit.ru/1T8zj4wj4mMztirr4Na1GEmw7OCTf5C_R6ia-RG0NR0/rs:fit:1600:1600/plain/s3://img-dostavka/catalog/uf/0f5/0f53ca50ef6c7be18d1d29ce76bc9437/2b95cf5d85cf623b34c5a4c9b7bdb73e.jpeg@webp,99.0,
8000066532,Макароны со свеклой Dalla Costa Hello Kitty 250г,103,,Покупайте за 1₽,https://magnit.ru/product/8000066532?shopCode=694420&shopType=express,False,https://images-foodtech.magnit.ru/c_sc0sJQa6oharRj5J4fPFhQDm2dJiSAkfKWcPqeBkU/rs:fit:1600:1600/plain/s3://img-dostavka/catalog/uf/d4a/d4a42cecbe0a11d6c6913ca240ecf5fc/7e5de730c4f29dce31f047dc21f65f44.jpeg@webp,349.0,228.0
8000041737,Борщ по-домашнему Delilabs 300г,104,3.0,Покупайте за 1₽,https://magnit.ru/product/8000041737?shopCode=694420&shopType=express,False,https://images-foodtech.magnit.ru/mQMnkn-YiRz2z_vBhjCCN8tjL25eAPp0dljJFZgNz60/rs:fit:1600:1600/plain/s3://img-dostavka/catalog/uf/8b2/8b21b8de72167d5e4d9408e8a9d6c6e7/416b699649d8c6d513c4d09948d979ea.jpeg@webp,259.0,230.0
8000050658,Напиток винограда с кусочками желе Sac Sac Coco Rich 280мл,105,4.6,Покупайте за 1₽,https://magnit.ru/product/8000050658?shopCode=694420&shopType=express,False,https://images-foodtech.magnit.ru/hl52bSExFiFrNrbcK4R1kT0hKORWjRf3XelsVnrw0n4/rs:fit:1600:1600/plain/s3://img-dostavka/catalog/uf/66e/66ef550b335265f6c12c9100a94c557d/f94c48bccca381f8cb8f6889b86313dd.jpeg@webp,249.0,
1000375440,Сельдь тихоокеанская в желе Доброфлот 260г,106,4.3,Покупайте за 1₽,https://magnit.ru/product/1000375440?shopCode=694420&shopType=express,False,https://images-foodtech.magnit.ru/M2A3Ai7Z2nzpaL1bB2B6dVUUzlOxpSNZkMiHbnhHwCk/rs:fit:1600:1600/plain/s3://img-dostavka/catalog/uf/b0a/b0a1e56451a1a9dfbd05f92aca3453ae/343b0ff618dedd4d1734c2ab610a5586.jpeg@webp,179.0,
8000043617,Батончик глазированный Bionova с коллагеном Шоколад-Банан 40г,107,,Покупайте за 1₽,https://magnit.ru/product/8000043617?shopCode=694420&shopType=express,False,https://images-foodtech.magnit.ru/uoHJkPE_IP1KeM8LcTLWv9tyQFXhV6tSJ1rnNCYWiDc/rs:fit:1600:1600/plain/s3://img-dostavka/catalog/uf/777/777c22560ecfbf33b0848db9d0c3909a/86c04d17c95ca61b9c324ecfb402f205.jpeg@webp,129.0,104.0
1000521564,Напиток Эконад Лимонад Иммунитет 500мл,108,4.5,Покупайте за 1₽,https://magnit.ru/product/1000521564?shopCode=694420&shopType=express,False,https://images-foodtech.magnit.ru/-IoC6krpKF9t7eMHMFPOKvXmXtME3QFwFmvK4Ytlml0/rs:fit:1600:1600/plain/s3://img-dostavka/catalog/uf/d33/d33157e57490ae6ba409b12a84099ad4/9bb869e4a6d900f6231e54e5e83707a6.jpeg@webp,199.0,159.0
1000521563,Лимонад Эконад Антистресс 500мл,109,3.6,Покупайте за 1₽,https://magnit.ru/product/1000521563?shopCode=694420&shopType=express,False,https://images-foodtech.magnit.ru/I83OMWqNCF2lPKfXlItVR8djAoPcNopNHHWB2oDTLkg/rs:fit:1600:1600/plain/s3://img-dostavka/catalog/uf/b97/b97c42a0fa5ae1d25cd03fd594c1cd3c/735cd0a15e4adfc2798fed1d4cf46584.jpeg@webp,199.0,155.0
1000449792,Имбирный пряник на палочке с глазурью Sofi 45г в ассортименте,110,4.7,Покупайте за 1₽,https://magnit.ru/product/1000449792?shopCode=694420&shopType=express,False,https://images-foodtech.magnit.ru/M7gdwnTojLdT-VXdSOQAH7qwu5LFZVR_1XkdpDqRGzw/rs:fit:1600:1600/plain/s3://img-dostavka/catalog/uf/591/5910365a3fc6c7e58f55f1458eaecb7b/5d34be7fdd446a5b1249cb9a287b3502.jpeg@webp,219.0,185.0
1000493946,Макароны Fleur Alpine Паста в форме звездочек 250г,111,4.8,Покупайте за 1₽,https://magnit.ru/product/1000493946?shopCode=694420&shopType=express,False,https://images-foodtech.magnit.ru/TZ4uEALBxy7tV1vyVunDD8hP0cubLycHMvgxxJKQ1j4/rs:fit:1600:1600/plain/s3://img-dostavka/catalog/uf/0ef/0efda347e9bf7e62124fa7c2fcf040e9/eb96fc1debbc35732e4929a30af7607d.jpeg@webp,245.0,198.0
8000043612,Батончик протеиновый Bionova Солёный крем-ирис 50г,112,5.0,Покупайте за 1₽,https://magnit.ru/product/8000043612?shopCode=694420&shopType=express,False,https://images-foodtech.magnit.ru/YjCjWLfrMRpTKNxUAtsNfoksrRXO0paoCmryWjLtT2c/rs:fit:1600:1600/plain/s3://img-dostavka/catalog/uf/f52/f527c5792670ff4babf7f5ab939693e1/8a219e1e4b456d0e9c7271f7b045fa77.jpeg@webp,125.0,
1000393014,Сельдь Доброфлот тихоокеанская натуральная с добавлением масла 245г,113,4.5,Покупайте за 1₽,https://magnit.ru/product/1000393014?shopCode=694420&shopType=express,False,https://images-foodtech.magnit.ru/Of7X7toG61DWEPEYbDJhwXpNupK0ugRFyeL6zJ3Wf8Y/rs:fit:1600:1600/plain/s3://img-dostavka/catalog/pim/goods/1000393014/image/01cd6e2d040bfb28a75e3c04ac7add3f.jpeg@webp,155.0,109.0
1000563616,Напиток Green Milk Barista соевый миндаль 1л,114,4.5,Покупайте за 1₽,https://magnit.ru/product/1000563616?shopCode=694420&shopType=express,False,https://images-foodtech.magnit.ru/O8yHApMevjubvQH5gbZYqkaaD8Y3j5mWD_m3G03GqBM/rs:fit:1600:1600/plain/s3://img-dostavka/catalog/uf/e2a/e2adc592872cac972192e6dfbb4210ed/5fc022e4bb14456a3983a2e4ec4ed85d.jpeg@webp,284.0,
8000047056,Смесь зелени Easy Food 80г,115,5.0,Покупайте за 1₽,https://magnit.ru/product/8000047056?shopCode=694420&shopType=express,False,https://images-foodtech.magnit.ru/8QYCotwhLsoNO0zUJ9v_B2dNE1BODgybAziQd1-ptQU/rs:fit:1600:1600/plain/s3://img-dostavka/catalog/uf/c0e/c0edab091da126b56ecb41fe0a4575cc/e1c08c979641424254fc653d38476009.jpeg@webp,239.0,183.0
8000097055,Молочный коктейль безлактозный со вкусом банана Hyper 0.4% 250г,116,4.7,Покупайте за 1₽,https://magnit.ru/product/8000097055?shopCode=694420&shopType=express,False,https://images-foodtech.magnit.ru/PpInrJInjQzfoOW6BWpOajuyloBghqez07Sl1PWyPvQ/rs:fit:1600:1600/plain/s3://img-dostavka/catalog/uf/24a/24aa41113cec53fa23a37644e2afd26f/52aa16f53723d5e96e6a0f27829f9a6a.jpeg@webp,173.0,
8000072126,Сыр Ореховый Радость вкуса 40% 180г,117,5.0,Покупайте за 1₽,https://magnit.ru/product/8000072126?shopCode=694420&shopType=express,False,https://images-foodtech.magnit.ru/mmOCOrVcuGH0NnL6ahQU2R2BQ_O6TFD6l9oiqcbkaqQ/rs:fit:1600:1600/plain/s3://img-dostavka/catalog/uf/21d/21d779c3dc54efae174cd3ed32b63cf1/be77a30db584b1fd843a923ff94a9988.jpeg@webp,269.0,215.0
1000309408,Вода Святой Источник Светлячок детская негазированная 5л,118,4.9,Покупайте за 1₽,https://magnit.ru/product/1000309408?shopCode=694420&shopType=express,False,https://images-foodtech.magnit.ru/L1QxBciQpGwMaaGAp7nxWZzDP0lXmeRWNJa4lZH34W0/rs:fit:1600:1600/plain/s3://img-dostavka/catalog/uf/081/0819ea435b54db0d83aecf2e7f8a8284/8ba26f8fa1a8db69184253d46b82b790.jpeg@webp,169.0,139.0
8000075252,Напиток со вкусом клубники Fanta Strawberry 355мл,119,,Покупайте за 1₽,https://magnit.ru/product/8000075252?shopCode=694420&shopType=express,False,https://images-foodtech.magnit.ru/mxVZUvBlLYPjw7_NsgezLKPPk1tqNYKjQYAmCOW5Nns/rs:fit:1600:1600/plain/s3://img-dostavka/catalog/uf/cf5/cf57b2a51c5bd0ee3ecddb5046ec01bc/6d13a6496f12e0169c6a451c4a33a9b7.jpeg@webp,199.0,169.0
8000075252,Напиток со вкусом клубники Fanta Strawberry 355мл,119,,Покупайте за 1₽,https://magnit.ru/product/8000075252?shopCode=694420&shopType=express,False,https://images-foodtech.magnit.ru/mxVZUvBlLYPjw7_NsgezLKPPk1tqNYKjQYAmCOW5Nns/rs:fit:1600:1600/plain/s3://img-dostavka/catalog/uf/cf5/cf57b2a51c5bd0ee3ecddb5046ec01bc/6d13a6496f12e0169c6a451c4a33a9b7.jpeg@webp,199.0,169.0
8000075811,Сыр полутвердый Манчего Burenka Club 45% 125г,120,3.0,Покупайте за 1₽,https://magnit.ru/product/8000075811?shopCode=694420&shopType=express,False,https://images-foodtech.magnit.ru/DGMKJlcvJt7CnKyNARVUa3VjtrZA5LKvQmkcAD7Dwd4/rs:fit:1600:1600/plain/s3://img-dostavka/catalog/uf/4d1/4d1a87aa57ef4237cf19824c322e8d90/8d65c8d8d9cb564a4ba322d4a9701a88.jpeg@webp,257.0,
8000070740,Зефир ванильный без сахара Жизель 130г,121,5.0,Покупайте за 1₽,https://magnit.ru/product/8000070740?shopCode=694420&shopType=express,False,https://images-foodtech.magnit.ru/k3je6m98GACN71s0uz94TgemdMiUvHuWL5ucDIeBBXo/rs:fit:1600:1600/plain/s3://img-dostavka/catalog/uf/dbf/dbfb4f96b43a3cd8e08b388cf7fca565/6b26c1e446027bdedae4eba0352c54b2.jpeg@webp,139.0,
8000085687,Колбаса Фирменная сырокопченая Дубки 180г,122,4.6,Покупайте за 1₽,https://magnit.ru/product/8000085687?shopCode=694420&shopType=express,False,https://images-foodtech.magnit.ru/tFLQCdQVJttzQlAvt_gCaSM5Iw_2sUV0R1Kono6lbjg/rs:fit:1600:1600/plain/s3://img-dostavka/catalog/uf/c09/c09ae74e6dbd11fb1f1d658560ec0fa1/99009efad1e0cd25faf9b657bdbad4f2.jpeg@webp,211.0,99.0
8000075258,Напиток со вкусом ежевики Dr. Pepper Blackberry 355мл,123,5.0,Покупайте за 1₽,https://magnit.ru/product/8000075258?shopCode=694420&shopType=express,False,https://images-foodtech.magnit.ru/q3KtJxTPJ8adxYfWAxyJcdxTYkVnPwxCOufHTx3kXZA/rs:fit:1600:1600/plain/s3://img-dostavka/catalog/uf/318/3187747eb6dbdb4b7a92c01ab4981180/119e6764fce38b497f61c35d62f43b32.jpeg@webp,179.0,159.0
8000075258,Напиток со вкусом ежевики Dr. Pepper Blackberry 355мл,123,5.0,Покупайте за 1₽,https://magnit.ru/product/8000075258?shopCode=694420&shopType=express,False,https://images-foodtech.magnit.ru/q3KtJxTPJ8adxYfWAxyJcdxTYkVnPwxCOufHTx3kXZA/rs:fit:1600:1600/plain/s3://img-dostavka/catalog/uf/318/3187747eb6dbdb4b7a92c01ab4981180/119e6764fce38b497f61c35d62f43b32.jpeg@webp,179.0,159.0
1000302472,Кукуруза Green Ray Молодая без сахара 340г,124,4.8,Покупайте за 1₽,https://magnit.ru/product/1000302472?shopCode=694420&shopType=express,False,https://images-foodtech.magnit.ru/6Bjo7tbYIf7O-WzaGpR8seHb86H-NfjpesvREi3YDt0/rs:fit:1600:1600/plain/s3://img-dostavka/catalog/uf/9ac/9ac99c8878f5f182138c8a576d8aff1b/ea21fce5a72e58f71c3a997e617407e8.jpeg@webp,184.0,
8000064744,Макароны без глютена из гречневой муки Federici Linguine 250г,125,1.0,Покупайте за 1₽,https://magnit.ru/product/8000064744?shopCode=694420&shopType=express,False,https://images-foodtech.magnit.ru/EQbr2WgqqAOid58lp_CbGfkg8Hj2g7tr5DBcfp2NNtU/rs:fit:1600:1600/plain/s3://img-dostavka/catalog/uf/0fd/0fd1821af1f0d155c86ae9f4b261a211/13322665349281cd0f8b991b8f8557d2.jpeg@webp,179.0,123.0
8000068589,Горячий шоколад порошок А.П.Селиванов 150г,126,,Покупайте за 1₽,https://magnit.ru/product/8000068589?shopCode=694420&shopType=express,False,https://images-foodtech.magnit.ru/prVVkXfQe6AjF0RMp5OmMSNXbLTW4aCMSoikiLrwDjc/rs:fit:1600:1600/plain/s3://img-dostavka/catalog/uf/606/606c23f41849f09df84ddf48698b0a58/e8b44df9b15345f28e31a98836cae567.jpeg@webp,329.0,
8000105738,Горбуша натуральная Владкон 250г,127,,Покупайте за 1₽,https://magnit.ru/product/8000105738?shopCode=694420&shopType=express,False,https://images-foodtech.magnit.ru/QwddcBVy1Ys_OgEWHdox4Drsxu9J36AwP6pT7B0d8vQ/rs:fit:1600:1600/plain/s3://img-dostavka/catalog/uf/d6e/d6e56d863e980e7eeaeaa0898dd70e27/b8d68caa6374a3974cb5ad8fc4b38d0d.jpeg@webp,238.0,209.0
8000058027,Риет рыбный с соусом терияки Меридиан 100г,128,4.3,Покупайте за 1₽,https://magnit.ru/product/8000058027?shopCode=694420&shopType=express,False,https://images-foodtech.magnit.ru/ygiKak7wyinePNU9jMICRDF-wYRQAOz24zEJkdxTOhA/rs:fit:1600:1600/plain/s3://img-dostavka/catalog/uf/744/744ca63dd01542e3ee8e568524ca246e/71ca16536cbf9f9e9e1465892a404bc5.jpeg@webp,189.0,154.0
8000062611,Рисовая каша на молоке с манго и миндалем 250г,129,4.8,Покупайте за 1₽,https://magnit.ru/product/8000062611?shopCode=694420&shopType=express,False,https://images-foodtech.magnit.ru/UNr8sWaVaYVkZ3x2SIMXKP3hrBW-fQC7oTRSUm6nfxM/rs:fit:1600:1600/plain/s3://img-dostavka/catalog/uf/c67/c674a434fc48e4a80b5229c42b61a8ec/c4857e4d1cbfc149196dcaed9283c4c8.jpeg@webp,249.0,139.0
8000075254,Напиток со вкусом персика Fanta Peach 355мл,130,,Покупайте за 1₽,https://magnit.ru/product/8000075254?shopCode=694420&shopType=express,False,https://images-foodtech.magnit.ru/DtvNbtXma8U5_uVm-r5Ga4o-8XQ4BMpjlEyNde2Oq4w/rs:fit:1600:1600/plain/s3://img-dostavka/catalog/uf/c78/c78659a666717bfdf151a49ac185630e/372859d3d95202245300f51e6c358f6c.jpeg@webp,169.0,
8000075254,Напиток со вкусом персика Fanta Peach 355мл,130,,Покупайте за 1₽,https://magnit.ru/product/8000075254?shopCode=694420&shopType=express,False,https://images-foodtech.magnit.ru/DtvNbtXma8U5_uVm-r5Ga4o-8XQ4BMpjlEyNde2Oq4w/rs:fit:1600:1600/plain/s3://img-dostavka/catalog/uf/c78/c78659a666717bfdf151a49ac185630e/372859d3d95202245300f51e6c358f6c.jpeg@webp,169.0,
8000097057,Молочный коктейль безлактозный со вкусом шоколада Hyper 0.5% 250г,131,4.9,Покупайте за 1₽,https://magnit.ru/product/8000097057?shopCode=694420&shopType=express,False,https://images-foodtech.magnit.ru/4nNuOocqMJI_5mU5c8RZX0654jncd5Am62hEi51hGAE/rs:fit:1600:1600/plain/s3://img-dostavka/catalog/uf/b49/b4988668d2ca2514b70d91eb6d700c72/fab893c83904c5e892ef395ea482d095.jpeg@webp,173.0,
8000053553,Смесь сыров Простосыр тертый 47% 100г,132,4.8,Покупайте за 1₽,https://magnit.ru/product/8000053553?shopCode=694420&shopType=express,False,https://images-foodtech.magnit.ru/DwXS_Hh8sPXmYUqewWXiYwZ3SQfzP9mi0eJa8Wj0PCc/rs:fit:1600:1600/plain/s3://img-dostavka/catalog/uf/1c7/1c7da2f74fdc4af301f854ec689f192e/e86f96267c1f4aefdef4bbc934d4913f.jpeg@webp,129.0,99.0
3070940309,Конфеты с цельным миндальным орехом в кокосовой обсыпке Raffaello 150г,1,4.9,Суперцены,https://magnit.ru/product/3070940309?shopCode=694420&shopType=express,True,https://images-foodtech.magnit.ru/EWVCAyZNdaurkoDadtAH2CN9_nMXL0hwUNbxDecXaVI/rs:fit:1600:1600/plain/s3://img-dostavka/catalog/uf/8a1/8a1137922a149366a3f005ac41e7443a/e582cdbb1e1639f0c24d0d1a8787a983.jpeg@webp,459.0,349.0
8000048120,Малина в белом и молочном шоколаде быстрозамороженная Frambini 130г,2,4.9,Суперцены,https://magnit.ru/product/8000048120?shopCode=694420&shopType=express,True,https://images-foodtech.magnit.ru/eQzmA5ZkdxhVllGPfRoLmcfcbY8TuM54KLxYw1Rg6O8/rs:fit:1600:1600/plain/s3://img-dostavka/catalog/uf/5b4/5b4ebe3867702cb6d3e8a2785932f0cf/e689d316d828e5733b9ff7a62fa3e46f.jpeg@webp,999.0,499.0
1000459823,Салат Греческий М Кухня 190г,3,4.7,Суперцены,https://magnit.ru/product/1000459823?shopCode=694420&shopType=express,True,https://images-foodtech.magnit.ru/TShy589SidjWhIvO5YS2CR7RME1d8rf1mvtGgcfSXs0/rs:fit:1600:1600/plain/s3://img-dostavka/catalog/uf/f32/f3255a3a667296c3c600d905b8d262c0/30d046e4c4eb4993eb108d8e1d3ac02d.jpeg@webp,263.0,199.0
1000275844,Колбаса Мясная история Ассорти Сальчичон Тоскана сырокопченая нарезка 100г,4,4.9,Суперцены,https://magnit.ru/product/1000275844?shopCode=694420&shopType=express,True,https://images-foodtech.magnit.ru/MwKYT-uqN3c5U2yEYJcNah-wPSuK2mgum3DN7qXupDk/rs:fit:1600:1600/plain/s3://img-dostavka/catalog/uf/db4/db47ef6a55673978a443fbba2f9a0d77/a92fc84811d5f6830d2bebfe5ca7782d.jpeg@webp,189.0,99.0
1000275844,Колбаса Мясная история Ассорти Сальчичон Тоскана сырокопченая нарезка 100г,4,4.9,Суперцены,https://magnit.ru/product/1000275844?shopCode=694420&shopType=express,True,https://images-foodtech.magnit.ru/MwKYT-uqN3c5U2yEYJcNah-wPSuK2mgum3DN7qXupDk/rs:fit:1600:1600/plain/s3://img-dostavka/catalog/uf/db4/db47ef6a55673978a443fbba2f9a0d77/a92fc84811d5f6830d2bebfe5ca7782d.jpeg@webp,189.0,99.0
8000045816,Масло сливочное Вкуснотеево Традиционное 82.5% 180г,5,4.9,Суперцены,https://magnit.ru/product/8000045816?shopCode=694420&shopType=express,True,https://images-foodtech.magnit.ru/Lu38ix11lLCtNnnZeu73Iwnj6CTDbYiJTw_egmmVUWc/rs:fit:1600:1600/plain/s3://img-dostavka/catalog/uf/41f/41f118a9a07bb599fde6113cdd2a87b7/829bbd7b42f32b69562f4cf41d2fc07e.jpeg@webp,279.0,199.0
8000045816,Масло сливочное Вкуснотеево Традиционное 82.5% 180г,5,4.9,Суперцены,https://magnit.ru/product/8000045816?shopCode=694420&shopType=express,True,https://images-foodtech.magnit.ru/Lu38ix11lLCtNnnZeu73Iwnj6CTDbYiJTw_egmmVUWc/rs:fit:1600:1600/plain/s3://img-dostavka/catalog/uf/41f/41f118a9a07bb599fde6113cdd2a87b7/829bbd7b42f32b69562f4cf41d2fc07e.jpeg@webp,279.0,199.0
1000052910,Сливки стерилизованные Домик в деревне 10% 480г,6,5.0,Суперцены,https://magnit.ru/product/1000052910?shopCode=694420&shopType=express,True,https://images-foodtech.magnit.ru/eASM601EbZIrjKQYh4LHHWD-SEckur3EGL6BDUe7ki0/rs:fit:1600:1600/plain/s3://img-dostavka/catalog/uf/7d2/7d22c59727dae006c5baf4150264f4e7/2fb0dc2614eab98195024f3d6a50ab99.jpeg@webp,151.5,129.0
1000052910,Сливки стерилизованные Домик в деревне 10% 480г,6,5.0,Суперцены,https://magnit.ru/product/1000052910?shopCode=694420&shopType=express,True,https://images-foodtech.magnit.ru/eASM601EbZIrjKQYh4LHHWD-SEckur3EGL6BDUe7ki0/rs:fit:1600:1600/plain/s3://img-dostavka/catalog/uf/7d2/7d22c59727dae006c5baf4150264f4e7/2fb0dc2614eab98195024f3d6a50ab99.jpeg@webp,151.5,129.0
8000045816,Масло сливочное Вкуснотеево Традиционное 82.5% 180г,7,4.9,Суперцены,https://magnit.ru/product/8000045816?shopCode=694420&shopType=express,True,https://images-foodtech.magnit.ru/Lu38ix11lLCtNnnZeu73Iwnj6CTDbYiJTw_egmmVUWc/rs:fit:1600:1600/plain/s3://img-dostavka/catalog/uf/41f/41f118a9a07bb599fde6113cdd2a87b7/829bbd7b42f32b69562f4cf41d2fc07e.jpeg@webp,279.0,199.0
8000045816,Масло сливочное Вкуснотеево Традиционное 82.5% 180г,7,4.9,Суперцены,https://magnit.ru/product/8000045816?shopCode=694420&shopType=express,True,https://images-foodtech.magnit.ru/Lu38ix11lLCtNnnZeu73Iwnj6CTDbYiJTw_egmmVUWc/rs:fit:1600:1600/plain/s3://img-dostavka/catalog/uf/41f/41f118a9a07bb599fde6113cdd2a87b7/829bbd7b42f32b69562f4cf41d2fc07e.jpeg@webp,279.0,199.0
3060830547,Горошек Бондюэль зеленый 400г,8,5.0,Суперцены,https://magnit.ru/product/3060830547?shopCode=694420&shopType=express,True,https://images-foodtech.magnit.ru/fsmb-ItX7o8R--xJyXo2-4vp3e8aIVv9v-ZC1u7nyu0/rs:fit:1600:1600/plain/s3://img-dostavka/catalog/uf/8c3/8c3bb244c2c6d0a13e1578efd0c49fab/d98734c6c5c187217b20ac2fd929fd17.jpeg@webp,134.0,139.0
3060830547,Горошек Бондюэль зеленый 400г,8,5.0,Суперцены,https://magnit.ru/product/3060830547?shopCode=694420&shopType=express,True,https://images-foodtech.magnit.ru/fsmb-ItX7o8R--xJyXo2-4vp3e8aIVv9v-ZC1u7nyu0/rs:fit:1600:1600/plain/s3://img-dostavka/catalog/uf/8c3/8c3bb244c2c6d0a13e1578efd0c49fab/d98734c6c5c187217b20ac2fd929fd17.jpeg@webp,134.0,139.0
9072651503,Апельсины,9,4.8,Суперцены,https://magnit.ru/product/9072651503?shopCode=694420&shopType=express,False,https://images-foodtech.magnit.ru/VvLG2BRdBDlmfkdtsVBBXMTFtbyPbfhS1OwN3VuNHqA/rs:fit:1600:1600/plain/s3://img-dostavka/catalog/uf/f24/f24792123ffb042b3265aee2709a35bd/a2d4453ec4a95d8c0daa9cf40403001b.jpeg@webp,109.0,
8000012556,Томаты Черри Green Ribbon маринованные 680г,10,4.8,Суперцены,https://magnit.ru/product/8000012556?shopCode=694420&shopType=express,True,https://images-foodtech.magnit.ru/sY94d7yJ7Hy9NgI4_xENakE_WHIkvGyxb6H4YI1b5Ls/rs:fit:1600:1600/plain/s3://img-dostavka/catalog/uf/c04/c045a39c2b44eda108d402745ac6e587/b1a9c2d655e55b2eef1e3ca6500c0505.jpeg@webp,223.0,
8000012556,Томаты Черри Green Ribbon маринованные 680г,10,4.8,Суперцены,https://magnit.ru/product/8000012556?shopCode=694420&shopType=express,True,https://images-foodtech.magnit.ru/sY94d7yJ7Hy9NgI4_xENakE_WHIkvGyxb6H4YI1b5Ls/rs:fit:1600:1600/plain/s3://img-dostavka/catalog/uf/c04/c045a39c2b44eda108d402745ac6e587/b1a9c2d655e55b2eef1e3ca6500c0505.jpeg@webp,223.0,
1000096161,Оладушки С пылу с жару пышные домашние 280г,11,4.8,Суперцены,https://magnit.ru/product/1000096161?shopCode=694420&shopType=express,False,https://images-foodtech.magnit.ru/IQf1rV_bDKYUeZ-S1ZLfq4-xiyTOhURpK_2KrBpF1-U/rs:fit:1600:1600/plain/s3://img-dostavka/catalog/uf/fa1/fa1bb88d21fc160103de34e535663143/e4b3706078a629c547842d5a7cc9b4e0.jpeg@webp,118.0,104.0
1000322391,Продукт питьевой J7  Смузи Киви-Ананас -Манго-Яблоко-Банан со злаками и витаминами 300мл,12,5.0,Суперцены,https://magnit.ru/product/1000322391?shopCode=694420&shopType=express,True,https://images-foodtech.magnit.ru/DMclVicRj3k-5_bQ8MzvWTRPSQV7G4LjfXvx804BuvE/rs:fit:1600:1600/plain/s3://img-dostavka/catalog/uf/e6d/e6dc5361cc5ab36ab15fb666d7122ff4/3d795e1dbd70ce4f29c07ff0c21aa439.jpeg@webp,89.0,
1000322391,Продукт питьевой J7  Смузи Киви-Ананас -Манго-Яблоко-Банан со злаками и витаминами 300мл,12,5.0,Суперцены,https://magnit.ru/product/1000322391?shopCode=694420&shopType=express,True,https://images-foodtech.magnit.ru/DMclVicRj3k-5_bQ8MzvWTRPSQV7G4LjfXvx804BuvE/rs:fit:1600:1600/plain/s3://img-dostavka/catalog/uf/e6d/e6dc5361cc5ab36ab15fb666d7122ff4/3d795e1dbd70ce4f29c07ff0c21aa439.jpeg@webp,89.0,
1000322391,Продукт питьевой J7  Смузи Киви-Ананас -Манго-Яблоко-Банан со злаками и витаминами 300мл,12,5.0,Суперцены,https://magnit.ru/product/1000322391?shopCode=694420&shopType=express,True,https://images-foodtech.magnit.ru/DMclVicRj3k-5_bQ8MzvWTRPSQV7G4LjfXvx804BuvE/rs:fit:1600:1600/plain/s3://img-dostavka/catalog/uf/e6d/e6dc5361cc5ab36ab15fb666d7122ff4/3d795e1dbd70ce4f29c07ff0c21aa439.jpeg@webp,89.0,
1000322391,Продукт питьевой J7  Смузи Киви-Ананас -Манго-Яблоко-Банан со злаками и витаминами 300мл,12,5.0,Суперцены,https://magnit.ru/product/1000322391?shopCode=694420&shopType=express,True,https://images-foodtech.magnit.ru/DMclVicRj3k-5_bQ8MzvWTRPSQV7G4LjfXvx804BuvE/rs:fit:1600:1600/plain/s3://img-dostavka/catalog/uf/e6d/e6dc5361cc5ab36ab15fb666d7122ff4/3d795e1dbd70ce4f29c07ff0c21aa439.jpeg@webp,89.0,
1000322391,Смузи J7 Киви-ананас-яблоко-банан-манго 300мл,13,5.0,Суперцены,https://magnit.ru/product/1000322391?shopCode=694420&shopType=express,True,https://images-foodtech.magnit.ru/DMclVicRj3k-5_bQ8MzvWTRPSQV7G4LjfXvx804BuvE/rs:fit:1600:1600/plain/s3://img-dostavka/catalog/uf/e6d/e6dc5361cc5ab36ab15fb666d7122ff4/3d795e1dbd70ce4f29c07ff0c21aa439.jpeg@webp,89.0,
1000322391,Смузи J7 Киви-ананас-яблоко-банан-манго 300мл,13,5.0,Суперцены,https://magnit.ru/product/1000322391?shopCode=694420&shopType=express,True,https://images-foodtech.magnit.ru/DMclVicRj3k-5_bQ8MzvWTRPSQV7G4LjfXvx804BuvE/rs:fit:1600:1600/plain/s3://img-dostavka/catalog/uf/e6d/e6dc5361cc5ab36ab15fb666d7122ff4/3d795e1dbd70ce4f29c07ff0c21aa439.jpeg@webp,89.0,
1000322391,Смузи J7 Киви-ананас-яблоко-банан-манго 300мл,13,5.0,Суперцены,https://magnit.ru/product/1000322391?shopCode=694420&shopType=express,True,https://images-foodtech.magnit.ru/DMclVicRj3k-5_bQ8MzvWTRPSQV7G4LjfXvx804BuvE/rs:fit:1600:1600/plain/s3://img-dostavka/catalog/uf/e6d/e6dc5361cc5ab36ab15fb666d7122ff4/3d795e1dbd70ce4f29c07ff0c21aa439.jpeg@webp,89.0,
1000322391,Смузи J7 Киви-ананас-яблоко-банан-манго 300мл,13,5.0,Суперцены,https://magnit.ru/product/1000322391?shopCode=694420&shopType=express,True,https://images-foodtech.magnit.ru/DMclVicRj3k-5_bQ8MzvWTRPSQV7G4LjfXvx804BuvE/rs:fit:1600:1600/plain/s3://img-dostavka/catalog/uf/e6d/e6dc5361cc5ab36ab15fb666d7122ff4/3d795e1dbd70ce4f29c07ff0c21aa439.jpeg@webp,89.0,
1000334294,Шпикачки Дым Дымыч Деревенские 500г,14,4.8,Суперцены,https://magnit.ru/product/1000334294?shopCode=694420&shopType=express,False,https://images-foodtech.magnit.ru/h4-TWAXw0JuFuVJ6tEJzVBqQLzX6xlrybZEnKMmpOXc/rs:fit:1600:1600/plain/s3://img-dostavka/catalog/uf/cfb/cfb15f53be4be7f3d76873f6eff758ba/de1f8f85454355a844a6a983089068a8.jpeg@webp,259.0,169.0
1000201629,Йогурт питьевой Чудо Клубника земляника 1.9% 260г,15,4.8,Суперцены,https://magnit.ru/product/1000201629?shopCode=694420&shopType=express,True,https://images-foodtech.magnit.ru/XV_e3u10Bq7ed-m4OPOwQnmP_mAdkWXqQZItwpo_WGc/rs:fit:1600:1600/plain/s3://img-dostavka/catalog/uf/5d7/5d782c0ca79280e3f11f0314777d18aa/f3cf1aa6f8a3dafae8aac8d1e467efd1.jpeg@webp,81.5,62.0
1000201629,Йогурт питьевой Чудо Клубника земляника 1.9% 260г,15,4.8,Суперцены,https://magnit.ru/product/1000201629?shopCode=694420&shopType=express,True,https://images-foodtech.magnit.ru/XV_e3u10Bq7ed-m4OPOwQnmP_mAdkWXqQZItwpo_WGc/rs:fit:1600:1600/plain/s3://img-dostavka/catalog/uf/5d7/5d782c0ca79280e3f11f0314777d18aa/f3cf1aa6f8a3dafae8aac8d1e467efd1.jpeg@webp,81.5,62.0
1000201629,Йогурт питьевой Чудо Клубника земляника 1.9% 260г,15,4.8,Суперцены,https://magnit.ru/product/1000201629?shopCode=694420&shopType=express,True,https://images-foodtech.magnit.ru/XV_e3u10Bq7ed-m4OPOwQnmP_mAdkWXqQZItwpo_WGc/rs:fit:1600:1600/plain/s3://img-dostavka/catalog/uf/5d7/5d782c0ca79280e3f11f0314777d18aa/f3cf1aa6f8a3dafae8aac8d1e467efd1.jpeg@webp,81.5,62.0
1000201629,Йогурт питьевой Чудо Клубника земляника 1.9% 260г,15,4.8,Суперцены,https://magnit.ru/product/1000201629?shopCode=694420&shopType=express,True,https://images-foodtech.magnit.ru/XV_e3u10Bq7ed-m4OPOwQnmP_mAdkWXqQZItwpo_WGc/rs:fit:1600:1600/plain/s3://img-dostavka/catalog/uf/5d7/5d782c0ca79280e3f11f0314777d18aa/f3cf1aa6f8a3dafae8aac8d1e467efd1.jpeg@webp,81.5,62.0
1000201629,Питьевой йогурт со вкусом клубника-земляника Чудо 1.9% 260г,16,4.8,Суперцены,https://magnit.ru/product/1000201629?shopCode=694420&shopType=express,True,https://images-foodtech.magnit.ru/XV_e3u10Bq7ed-m4OPOwQnmP_mAdkWXqQZItwpo_WGc/rs:fit:1600:1600/plain/s3://img-dostavka/catalog/uf/5d7/5d782c0ca79280e3f11f0314777d18aa/f3cf1aa6f8a3dafae8aac8d1e467efd1.jpeg@webp,81.5,62.0
1000201629,Питьевой йогурт со вкусом клубника-земляника Чудо 1.9% 260г,16,4.8,Суперцены,https://magnit.ru/product/1000201629?shopCode=694420&shopType=express,True,https://images-foodtech.magnit.ru/XV_e3u10Bq7ed-m4OPOwQnmP_mAdkWXqQZItwpo_WGc/rs:fit:1600:1600/plain/s3://img-dostavka/catalog/uf/5d7/5d782c0ca79280e3f11f0314777d18aa/f3cf1aa6f8a3dafae8aac8d1e467efd1.jpeg@webp,81.5,62.0
1000201629,Питьевой йогурт со вкусом клубника-земляника Чудо 1.9% 260г,16,4.8,Суперцены,https://magnit.ru/product/1000201629?shopCode=694420&shopType=express,True,https://images-foodtech.magnit.ru/XV_e3u10Bq7ed-m4OPOwQnmP_mAdkWXqQZItwpo_WGc/rs:fit:1600:1600/plain/s3://img-dostavka/catalog/uf/5d7/5d782c0ca79280e3f11f0314777d18aa/f3cf1aa6f8a3dafae8aac8d1e467efd1.jpeg@webp,81.5,62.0
1000201629,Питьевой йогурт со вкусом клубника-земляника Чудо 1.9% 260г,16,4.8,Суперцены,https://magnit.ru/product/1000201629?shopCode=694420&shopType=express,True,https://images-foodtech.magnit.ru/XV_e3u10Bq7ed-m4OPOwQnmP_mAdkWXqQZItwpo_WGc/rs:fit:1600:1600/plain/s3://img-dostavka/catalog/uf/5d7/5d782c0ca79280e3f11f0314777d18aa/f3cf1aa6f8a3dafae8aac8d1e467efd1.jpeg@webp,81.5,62.0
1000390742,Крупа Булгур Premiere of Taste 450г,17,4.9,Суперцены,https://magnit.ru/product/1000390742?shopCode=694420&shopType=express,False,https://images-foodtech.magnit.ru/x6-Gw4gfGwy1uyJMOmrrrquBQ4a9L1Eo3HoBNYH5XsM/rs:fit:1600:1600/plain/s3://img-dostavka/catalog/uf/b98/b985ac6c3659751e53f44966e2c8cd2e/e478293292134f655d7d5b866fde05c5.jpeg@webp,135.0,
1000096499,Огурчики Скатерть-самобранка маринованные хрустящие 680г,18,4.8,Суперцены,https://magnit.ru/product/1000096499?shopCode=694420&shopType=express,True,https://images-foodtech.magnit.ru/_g06vsx5Nhfnt1EPBswYa8BcsvlTEy4YyXE3uMPnCks/rs:fit:1600:1600/plain/s3://img-dostavka/catalog/uf/09a/09a5b027ae55c90d3b043c4a14e05f3e/0fce5df49530cc4f260b11f31ed4caa1.jpeg@webp,207.0,
1000096499,Огурчики Скатерть-самобранка маринованные хрустящие 680г,18,4.8,Суперцены,https://magnit.ru/product/1000096499?shopCode=694420&shopType=express,True,https://images-foodtech.magnit.ru/_g06vsx5Nhfnt1EPBswYa8BcsvlTEy4YyXE3uMPnCks/rs:fit:1600:1600/plain/s3://img-dostavka/catalog/uf/09a/09a5b027ae55c90d3b043c4a14e05f3e/0fce5df49530cc4f260b11f31ed4caa1.jpeg@webp,207.0,
1000178594,Сыр Вкуснотеево Тильзитер Премиум 45% 200г,19,4.9,Суперцены,https://magnit.ru/product/1000178594?shopCode=694420&shopType=express,False,https://images-foodtech.magnit.ru/PlXkhMUY3PDmW_RX9LVzZETvxPG4l6Wfefn1iDPZcVY/rs:fit:1600:1600/plain/s3://img-dostavka/catalog/uf/eaa/eaa5b8272959e0584007466d66109332/498b8d6c48f121c7a97eb4b705e8a935.jpeg@webp,288.0,199.0
1000393014,Сельдь Доброфлот тихоокеанская натуральная с добавлением масла 245г,20,4.5,Суперцены,https://magnit.ru/product/1000393014?shopCode=694420&shopType=express,True,https://images-foodtech.magnit.ru/Of7X7toG61DWEPEYbDJhwXpNupK0ugRFyeL6zJ3Wf8Y/rs:fit:1600:1600/plain/s3://img-dostavka/catalog/pim/goods/1000393014/image/01cd6e2d040bfb28a75e3c04ac7add3f.jpeg@webp,155.0,109.0
1000393014,Сельдь Доброфлот тихоокеанская натуральная с добавлением масла 245г,20,4.5,Суперцены,https://magnit.ru/product/1000393014?shopCode=694420&shopType=express,True,https://images-foodtech.magnit.ru/Of7X7toG61DWEPEYbDJhwXpNupK0ugRFyeL6zJ3Wf8Y/rs:fit:1600:1600/plain/s3://img-dostavka/catalog/pim/goods/1000393014/image/01cd6e2d040bfb28a75e3c04ac7add3f.jpeg@webp,155.0,109.0
1899911873,Продукт рассольный Сиртаки Original 55% 200г,21,4.9,Суперцены,https://magnit.ru/product/1899911873?shopCode=694420&shopType=express,False,https://images-foodtech.magnit.ru/214qIZcFbi-7ALDN5FvWnA9wmJbmscNwptQNPJlPgBY/rs:fit:1600:1600/plain/s3://img-dostavka/catalog/uf/371/371aa4ee77c9013210ce333d4b090376/4835a37da96028b805c6c368c5b9a160.jpeg@webp,124.0,
8000065505,Мороженое эскимо с рисовыми шариками в малиновой глазури Чистая линия 12% 70г,22,4.8,Суперцены,https://magnit.ru/product/8000065505?shopCode=694420&shopType=express,False,https://images-foodtech.magnit.ru/SpKrk4cKuDh-jqp4HqimoGMnjicdaF_2OA7xHKpEzB4/rs:fit:1600:1600/plain/s3://img-dostavka/catalog/uf/c96/c9617fe5d81be18f2f87fbaec39c3d05/0514abcb4eecbe9e6624f70284c211a6.jpeg@webp,149.0,
1000314597,Сыр Село Зеленое Сливочный 50% 200г,23,4.9,Суперцены,https://magnit.ru/product/1000314597?shopCode=694420&shopType=express,False,https://images-foodtech.magnit.ru/KbZzFlTdQ7l9hhAde0yKasmcq-eA_ZNObg3X8P79hKA/rs:fit:1600:1600/plain/s3://img-dostavka/catalog/uf/277/27785f37eb76d488b00525506091ea16/e0ed17c12bcc5430b814b16783d8b38b.jpeg@webp,259.0,218.0
1000298471,Горбуша Курильский Берег натуральная 250г,24,4.7,Суперцены,https://magnit.ru/product/1000298471?shopCode=694420&shopType=express,True,https://images-foodtech.magnit.ru/8oC7QbrKLL7hLnKOKBfjwvD2bNtlxoVdtYqmqnS1CIQ/rs:fit:1600:1600/plain/s3://img-dostavka/catalog/uf/f1e/f1e33ac73cea284899492472b108996b/23e06fbfef3aeed88678f9d6a40d385d.jpeg@webp,309.0,249.0
1000298471,Горбуша Курильский Берег натуральная 250г,24,4.7,Суперцены,https://magnit.ru/product/1000298471?shopCode=694420&shopType=express,True,https://images-foodtech.magnit.ru/8oC7QbrKLL7hLnKOKBfjwvD2bNtlxoVdtYqmqnS1CIQ/rs:fit:1600:1600/plain/s3://img-dostavka/catalog/uf/f1e/f1e33ac73cea284899492472b108996b/23e06fbfef3aeed88678f9d6a40d385d.jpeg@webp,309.0,249.0
1000451006,Сыр Брест-Литовск Королевский полутвёрдый 45% 200г,25,4.8,Суперцены,https://magnit.ru/product/1000451006?shopCode=694420&shopType=express,False,https://images-foodtech.magnit.ru/C3I_jvRSdc80eRyz5Lm8ZlBLpDxxMLrEz8ML7TE_AhM/rs:fit:1600:1600/plain/s3://img-dostavka/catalog/uf/6ab/6ab85a3a4f4bc9ab6030e2e1c9d4a571/2a60c6abf744e1c21a3af10ae7da2da5.jpeg@webp,189.0,179.0
3062820028,Ананасы кусочки Lorado 580мл,26,4.9,Суперцены,https://magnit.ru/product/3062820028?shopCode=694420&shopType=express,True,https://images-foodtech.magnit.ru/wtkHpZPw1oKvlqPNATy9K3pT3WChQhG30NSHGAyUM-Q/rs:fit:1600:1600/plain/s3://img-dostavka/catalog/uf/3b9/3b9fb0474b60357ae7029d4b24ad5aed/57ab012d18dcb30276afe3b961bc9859.jpeg@webp,286.0,226.0
3062820028,Ананасы кусочки Lorado 580мл,26,4.9,Суперцены,https://magnit.ru/product/3062820028?shopCode=694420&shopType=express,True,https://images-foodtech.magnit.ru/wtkHpZPw1oKvlqPNATy9K3pT3WChQhG30NSHGAyUM-Q/rs:fit:1600:1600/plain/s3://img-dostavka/catalog/uf/3b9/3b9fb0474b60357ae7029d4b24ad5aed/57ab012d18dcb30276afe3b961bc9859.jpeg@webp,286.0,226.0
1000358774,Сыр рассольный Sveza Брынза 45% 200г,27,4.8,Суперцены,https://magnit.ru/product/1000358774?shopCode=694420&shopType=express,False,https://images-foodtech.magnit.ru/ymTulAtZX0JT4CY5w1M75dW1FOPsIYqtPSmgDgQ_eLI/rs:fit:1600:1600/plain/s3://img-dostavka/catalog/uf/b68/b685321034d4963e74e769700f8d18f9/d6c5ddf10d3c47a42f95cd2988862bfd.jpeg@webp,159.0,
1000155020,Оливки с косточкой Bonduelle 300г,28,4.9,Суперцены,https://magnit.ru/product/1000155020?shopCode=694420&shopType=express,True,https://images-foodtech.magnit.ru/0oBBYRrFHTFCgEajrPMzxcJ_M_8ZIkFOiy04mIXbJ_s/rs:fit:1600:1600/plain/s3://img-dostavka/catalog/uf/246/24687c8adca57eaa2fc156bb89b9f63f/a14d18eedb845fc7af4314c03b4ae7de.jpeg@webp,305.0,
1000155020,Оливки с косточкой Bonduelle 300г,28,4.9,Суперцены,https://magnit.ru/product/1000155020?shopCode=694420&shopType=express,True,https://images-foodtech.magnit.ru/0oBBYRrFHTFCgEajrPMzxcJ_M_8ZIkFOiy04mIXbJ_s/rs:fit:1600:1600/plain/s3://img-dostavka/catalog/uf/246/24687c8adca57eaa2fc156bb89b9f63f/a14d18eedb845fc7af4314c03b4ae7de.jpeg@webp,305.0,
8000032665,Сыр Молокавоз Гауда Голд 45% 180г,29,4.9,Суперцены,https://magnit.ru/product/8000032665?shopCode=694420&shopType=express,False,https://images-foodtech.magnit.ru/hTmsW6gn6uCTT_dEw7tLrYpC7TwaDkaini0Vj64yhUs/rs:fit:1600:1600/plain/s3://img-dostavka/catalog/uf/383/38307d6870937906fbbe8a957e9c59a2/26ae636d92b23f7e77f31494224f7037.jpeg@webp,199.0,174.0
1799900201,Майонез Слобода Оливковый 67% 750г,30,4.9,Суперцены,https://magnit.ru/product/1799900201?shopCode=694420&shopType=express,False,https://images-foodtech.magnit.ru/2F92JAo8IluBDBSCLBOEj4pzWH7u7ZmrPk3rH47aHJg/rs:fit:1600:1600/plain/s3://img-dostavka/catalog/uf/5e5/5e5af72648aa80f3a85c64147a80a202/a888f18c2036f6970aae2051cffd7fab.jpeg@webp,179.0,
1000096767,Корнишоны Дядя Ваня По-Французски 460г,31,5.0,Суперцены,https://magnit.ru/product/1000096767?shopCode=694420&shopType=express,False,https://images-foodtech.magnit.ru/6t1SJ1noSoeVsGp5GjQsT2K0KM4Kka2ZvfOcXnnnta8/rs:fit:1600:1600/plain/s3://img-dostavka/catalog/uf/234/2342941fc840c7428bdcffd10c7c3c6a/67da51c2ba92a76bab57f3091e345be5.jpeg@webp,209.0,
1523200059,Заправка Maggi для борща 250г,32,5.0,Суперцены,https://magnit.ru/product/1523200059?shopCode=694420&shopType=express,False,https://images-foodtech.magnit.ru/pWnLmFFAq_eRiK-M2SW97E_XH3fNQ6_doS4doW6S1hY/rs:fit:1600:1600/plain/s3://img-dostavka/catalog/uf/a2c/a2c5f4c289bac10fc58f8a95072d3b1c/c481f4f3553f2b272c7e3723fb710e54.jpeg@webp,121.0,
1000302965,Бекон Великолукский МК из свинины сырокопченый нарезка 150г,33,4.7,Суперцены,https://magnit.ru/product/1000302965?shopCode=694420&shopType=express,False,https://images-foodtech.magnit.ru/lJHTmzZEjAKBedsqMg2yUWpnsyvpuDtB4T6eaEJXh70/rs:fit:1600:1600/plain/s3://img-dostavka/catalog/uf/b0d/b0d8f33cf6d3119dd8d72a648a6e5dbe/ba111208ecfd7cad51699471e1246138.jpeg@webp,259.0,234.0
1000584946,Смузи клубника-банан-яблоко со злаками и витаминами J7 300мл,34,4.9,Суперцены,https://magnit.ru/product/1000584946?shopCode=694420&shopType=express,False,https://images-foodtech.magnit.ru/8O89LfeEyG-y5RBQt9wn4XTkxoyJ5jF1OzlOPPTpf08/rs:fit:1600:1600/plain/s3://img-dostavka/catalog/uf/80e/80e15d16f4b033bc837fe49eb10e911e/0f65ff148d043fd9730d37243212a700.jpeg@webp,94.0,89.0
3103540015,Ветчина Империя вкуса из индейки 400г,35,4.7,Суперцены,https://magnit.ru/product/3103540015?shopCode=694420&shopType=express,False,https://images-foodtech.magnit.ru/Mtw8vkNG-pLPDm61slQRiAMDKKg-zx6OfNW8Vbz6wWw/rs:fit:1600:1600/plain/s3://img-dostavka/catalog/uf/378/3783b73b820a1b4988b363e3368c56f1/7933b0c0bce50ea1e17ae49805c413e3.jpeg@webp,211.0,149.0
1000309039,Соус Astoria Бургер 200г,36,4.9,Суперцены,https://magnit.ru/product/1000309039?shopCode=694420&shopType=express,False,https://images-foodtech.magnit.ru/KdbwBx3YCHriyR_ZrcKr38Q0PBLPGAaIadpof_GsacI/rs:fit:1600:1600/plain/s3://img-dostavka/catalog/uf/37a/37aa921b9fa29d36c44c307ee1159ed9/edd174964807a2d4c5a89303bb114010.jpeg@webp,137.0,101.0
8000032302,Блинчики Останкино с мясом 350г,37,4.7,Суперцены,https://magnit.ru/product/8000032302?shopCode=694420&shopType=express,False,https://images-foodtech.magnit.ru/MufDCDFXvZSFUhSrN_IfsvrE7EBIVT7aL-oE9_u2E70/rs:fit:1600:1600/plain/s3://img-dostavka/catalog/uf/625/6253f2d3a5378ac55308a47f5563e46b/358617e4591076a028d8596f3e3c92fe.jpeg@webp,119.0,119.0
1000333429,Бедро цыпленка-бройлера Петелинка охлажденное,38,4.9,Суперцены,https://magnit.ru/product/1000333429?shopCode=694420&shopType=express,False,https://images-foodtech.magnit.ru/UR-EISJTpwl4N6iNlhGM58umfuc6f6GwkxUfC6OWdWA/rs:fit:1600:1600/plain/s3://img-dostavka/catalog/uf/e8e/e8ef5e8421e72b41e27d4bb745d777e0/15528bf042e95f3f817d91976921ac55.jpeg@webp,339.0,291.0
1000465133,Ветчина Черкизово По-черкизовски вареная 400г,39,4.8,Суперцены,https://magnit.ru/product/1000465133?shopCode=694420&shopType=express,False,https://images-foodtech.magnit.ru/l_YaXP_uQnknbHOy57y3MZA_DO-gW-LJxIRQF3ZSWPI/rs:fit:1600:1600/plain/s3://img-dostavka/catalog/uf/399/39972f60738b8c5381ddee26e81a4d5a/cb33a3113b85215ba4be33d2d9df2275.jpeg@webp,288.0,179.0
1000157438,Соус Кисло-сладкий Heinz 200г,40,4.9,Суперцены,https://magnit.ru/product/1000157438?shopCode=694420&shopType=express,False,https://images-foodtech.magnit.ru/uHMxecKxtJOp4uNJUjGx2RhyhAuplPnantG_yXbjoic/rs:fit:1600:1600/plain/s3://img-dostavka/catalog/uf/570/570d8952ca1d257f4d2c214d6fac9df5/866be6ee2c473fe69a8ee328d6f174b7.jpeg@webp,129.0,
1000517225,Сосиски Папа может Сочные 410г,41,4.8,Суперцены,https://magnit.ru/product/1000517225?shopCode=694420&shopType=express,False,https://images-foodtech.magnit.ru/QzDbShvUixJbFBzrBWGfWpvp27lYs47cKH2TkV2zOiU/rs:fit:1600:1600/plain/s3://img-dostavka/catalog/uf/4ab/4ab49c6cdc25f35c5fe569c37b642f8e/1e0907805244b84fba6b6274d4b72833.jpeg@webp,139.0,
1000456965,Напиток Добрый Cola 1.5л,42,4.7,Суперцены,https://magnit.ru/product/1000456965?shopCode=694420&shopType=express,False,https://images-foodtech.magnit.ru/2rMLKsxOlYjuZ_wROxuqc4fMjuNDn6_8_shDeX-Rifk/rs:fit:1600:1600/plain/s3://img-dostavka/catalog/uf/5d1/5d1c34a6cb3ba26789268f4ab73f8925/11ee5538b1ba5c01fe273c80ed6a1b90.jpeg@webp,139.0,
1000110068,Крендели с солью классические Saltletts 150г,43,4.9,Суперцены,https://magnit.ru/product/1000110068?shopCode=694420&shopType=express,False,https://images-foodtech.magnit.ru/KkRPRz1GQ5n2dSfBOOmTDnGsaXRb5oxhjSjXX6zUrjs/rs:fit:1600:1600/plain/s3://img-dostavka/catalog/uf/0f9/0f95d4bab9da9677ac5f9ec378294d23/a3ac5ff40ca69fdab3642356cf85881c.jpeg@webp,89.0,
1000514759,Колбаса Папа может Классическая вареная 300г,44,4.8,Суперцены,https://magnit.ru/product/1000514759?shopCode=694420&shopType=express,False,https://images-foodtech.magnit.ru/OGyurA3NwiZQ7Gy5Esy3vfuR2jQ6uUahyN8iCXDmPEc/rs:fit:1600:1600/plain/s3://img-dostavka/catalog/uf/c1e/c1e00cc82bbb977d20ec8d270fa8c75a/f369e3930b741e4877d8d180da6927e2.jpeg@webp,160.0,89.0
1000175642,Рис Увелка Круглозерный шлифованный 5пак*80г,45,4.9,Суперцены,https://magnit.ru/product/1000175642?shopCode=694420&shopType=express,False,https://images-foodtech.magnit.ru/PXIUF0xw0khxZAaigTJT46Yf1juZjCAFlx3oORnnVWc/rs:fit:1600:1600/plain/s3://img-dostavka/catalog/uf/daa/daaaf2c6312dc990575eecff6937ced1/3587c292a7bd7637b038dfe1f1c05052.jpeg@webp,97.0,76.0
1000166893,Чистящее средство Grass Azelit для кухни 600мл,46,4.9,Суперцены,https://magnit.ru/product/1000166893?shopCode=694420&shopType=express,False,https://images-foodtech.magnit.ru/ehxD3TMkCkB2NJ-QtooI-lGIX__FyPoIGYsNicvdd0E/rs:fit:1600:1600/plain/s3://img-dostavka/catalog/uf/372/37269c22ad000353cef00fc4e0bb9264/6c8a996c41095f71cd6c78e34f9eb5a8.jpeg@webp,189.0,
1000567451,Рис Басмати Premiere of Taste 450г,47,4.8,Суперцены,https://magnit.ru/product/1000567451?shopCode=694420&shopType=express,False,https://images-foodtech.magnit.ru/4YYNvM0GHOLnJ4IVM0_jQEhLtSU-XxIFofXLWaQB0Zs/rs:fit:1600:1600/plain/s3://img-dostavka/catalog/uf/8d8/8d8baf9a96347bdf35cfddc1807417c2/e6592a7fd9e8b36eb171b718a86836a2.jpeg@webp,209.0,152.0
1000475610,Напиток Добрый Cola без сахара 1.5л,48,4.8,Суперцены,https://magnit.ru/product/1000475610?shopCode=694420&shopType=express,False,https://images-foodtech.magnit.ru/T06IeNVBk8NDTowCGz-EXyMXuhW26k1tnyL3NsfsZm0/rs:fit:1600:1600/plain/s3://img-dostavka/catalog/uf/3ea/3eaa54eb070855d118257f7c86ebfae3/6a64598606d01366fd68b8b8d9ddf8e1.jpeg@webp,160.0,139.0
1000264408,Йогурт Савушкин Греческий Teos 2% 250г,49,5.0,Суперцены,https://magnit.ru/product/1000264408?shopCode=694420&shopType=express,False,https://images-foodtech.magnit.ru/70ODd3CzgcJSOtzyQ5cnhr_CkjlJxcgXQfvnFCQ4XSc/rs:fit:1600:1600/plain/s3://img-dostavka/catalog/uf/c6f/c6f00c83cf5cc68825674445c30d4dd0/37b50db1484b5130da31f972025a8c75.jpeg@webp,91.0,
1000279519,Дамплинги Бибиго Королевские свинина и овощи 385г,50,4.9,Суперцены,https://magnit.ru/product/1000279519?shopCode=694420&shopType=express,False,https://images-foodtech.magnit.ru/d2mh_uEjEuIAfg_O9v8McFtnF1QGBFNnw6Yj9xduJpE/rs:fit:1600:1600/plain/s3://img-dostavka/catalog/uf/099/099f15e5c28c7a79171ca150a4b8b76a/79d08f5453e486fa4763845f3815d4aa.jpeg@webp,390.0,299.0
1000310698,Мороженое Maxiduo Страчателла брикет 92г,51,4.7,Суперцены,https://magnit.ru/product/1000310698?shopCode=694420&shopType=express,False,https://images-foodtech.magnit.ru/xqMaQuxypaDY1oGgS0KZ6Bhc76dtIHaoHumCeb9cHc0/rs:fit:1600:1600/plain/s3://img-dostavka/catalog/uf/e98/e98bcba5cc75861f710fb62d0159e086/761091ccff2ebecee0ff415d22afda29.jpeg@webp,126.0,99.0
1000372785,Сметана Простоквашино 15% 300г,52,4.9,Суперцены,https://magnit.ru/product/1000372785?shopCode=694420&shopType=express,False,https://images-foodtech.magnit.ru/8rArugijIu-dl8hsFpkAWDpAgYZgFXNbEAOJMMxmPKk/rs:fit:1600:1600/plain/s3://img-dostavka/catalog/uf/1e2/1e2c62c787a435751b34f2eb894f0cf9/e8635cbe25a0399b02d10cd10722e15e.jpeg@webp,84.0,74.0
1393100213,Мука Увелка Пшеничная 2кг,53,4.9,Суперцены,https://magnit.ru/product/1393100213?shopCode=694420&shopType=express,False,https://images-foodtech.magnit.ru/Pgi0djgzWKgQXXafIGp1j1IWUu8jrCda93wuJ0XHR68/rs:fit:1600:1600/plain/s3://img-dostavka/catalog/uf/b55/b551ce3bfa8a9bf8cc97e6ad45deb122/0195248578fa1088f1ba730a6aa420ad.jpeg@webp,129.0,106.0
1000109120,Конфитюр Zuegg Экстра Груша Вильямс 320г,54,4.9,Суперцены,https://magnit.ru/product/1000109120?shopCode=694420&shopType=express,False,https://images-foodtech.magnit.ru/MJPqwq5JpdTN40C5zfiSgqqjdLAhhUniZyZPcUwiNc0/rs:fit:1600:1600/plain/s3://img-dostavka/catalog/uf/350/3508e56637ae783c95631b99ea79498d/deece1ec08a9764b7cf433366c44bbfc.jpeg@webp,419.0,280.0
1000547475,Грудинка Папа может Охотничья варено-копченая 300г,55,4.8,Суперцены,https://magnit.ru/product/1000547475?shopCode=694420&shopType=express,False,https://images-foodtech.magnit.ru/_cu5Ya84e5pvJ57EPg_iAOZgX_1tt4U4Wp2FsMVHegk/rs:fit:1600:1600/plain/s3://img-dostavka/catalog/uf/f83/f83c360bc243250021adeff8fa06ca51/20c8f89fc6c74a136a607a09aad83f15.jpeg@webp,349.0,199.0
1000566266,Масло сливочное Экомилк Традиционное 82.5% 160г,56,4.9,Суперцены,https://magnit.ru/product/1000566266?shopCode=694420&shopType=express,False,https://images-foodtech.magnit.ru/fjrujNfLeigg2sP9eyoUiIVXG9XLtVoDeZ2cGOsxwag/rs:fit:1600:1600/plain/s3://img-dostavka/catalog/uf/f38/f3874790287b6b275addad1ff07c8565/71b7212d7bd209ba32557c023c8c8a43.jpeg@webp,202.0,169.0
1000110082,Тесто Хлебный дом Звездное слоеное бездрожжевое 500г,57,4.9,Суперцены,https://magnit.ru/product/1000110082?shopCode=694420&shopType=express,False,https://images-foodtech.magnit.ru/gCIxP766lyc7ETeiTeUAbbXFqtDMigXWT7Arux2ajLA/rs:fit:1600:1600/plain/s3://img-dostavka/catalog/uf/d73/d73e2c98c8a5fd08dfcd640c99890209/482c1ce21a256cf01623bd8f5403d6be.jpeg@webp,125.0,109.0
1000542472,Зелёный горошек Green Ribbon 400г,58,4.9,Суперцены,https://magnit.ru/product/1000542472?shopCode=694420&shopType=express,False,https://images-foodtech.magnit.ru/M1SXVLXt01qdZDURG8UNpTIfCF3CeWsxiMMzufwWvEs/rs:fit:1600:1600/plain/s3://img-dostavka/catalog/uf/d7d/d7d26eadda50cddf65054cd389247617/947152f82e3fc790615dc443e41a1477.jpeg@webp,114.0,89.0
8000040410,Отруби ржаные 200г,59,5.0,Суперцены,https://magnit.ru/product/8000040410?shopCode=694420&shopType=express,False,https://images-foodtech.magnit.ru/oLROXmbMhtWPb4FHxukhg4SCcVr0a8I1C2uPiGIXAYU/rs:fit:1600:1600/plain/s3://img-dostavka/catalog/uf/430/430520caead638095aec79815ddd2ac6/f87f5e47984813e4a958a57107355dad.jpeg@webp,53.0,
1000464588,Печенье Chocostix палочки в молочном шоколаде Яшкино 130г,60,4.9,Суперцены,https://magnit.ru/product/1000464588?shopCode=694420&shopType=express,False,https://images-foodtech.magnit.ru/9LhwFn-wquWAZ9fltzHqUsd2WL7NmeEvChKz1jqdI3o/rs:fit:1600:1600/plain/s3://img-dostavka/catalog/uf/1da/1da77192b74fda532ed00956a54060a7/c7cc0c220b57421a3d883fe71a5c092f.jpeg@webp,129.0,
7505551301,Крабовые палочки Русское море охлажденные 200г,61,4.9,Суперцены,https://magnit.ru/product/7505551301?shopCode=694420&shopType=express,False,https://images-foodtech.magnit.ru/C4COVx3ZPYVwkmTXVBuGFv9T2nuZyByWVPO_DGU2hKs/rs:fit:1600:1600/plain/s3://img-dostavka/catalog/uf/d52/d5286d6165eac8aa40d491de478125ea/4a82c1cfb87a61ca9b4a141e0f3c954c.jpeg@webp,139.0,99.0
1000108547,Чебупицца Горячая штучка Пепперони 250г,62,4.7,Суперцены,https://magnit.ru/product/1000108547?shopCode=694420&shopType=express,False,https://images-foodtech.magnit.ru/Chuwyw9_wYWW41bDEW9NqW7jdtlaVh6LktK-85AUtsA/rs:fit:1600:1600/plain/s3://img-dostavka/catalog/uf/64d/64db9ca255f66604a0fd932c35332c0e/e9f58d3c7515019ba59adcbd2729d19f.jpeg@webp,183.0,139.0
1000157392,Сыр творожный Hochland сливочный 60% 220г,63,5.0,Суперцены,https://magnit.ru/product/1000157392?shopCode=694420&shopType=express,False,https://images-foodtech.magnit.ru/Cm181RW9HLeJUrCpK42n8c-5iluJM4i4FnIc5R_txkA/rs:fit:1600:1600/plain/s3://img-dostavka/catalog/uf/7c2/7c2b955d66ffc301e9153b44cc13dfe7/726fa6dea31a8ad8457760c45fa46766.jpeg@webp,179.0,
1623699906,Пирожное бисквитное в шоколадной глазури Orion Choco Pie 360г в ассортименте,64,4.9,Суперцены,https://magnit.ru/product/1623699906?shopCode=694420&shopType=express,False,https://images-foodtech.magnit.ru/Iqk5BKcuIeHT89Pr9AjnPUnPuOaOodXNHOAcNYtb_Hc/rs:fit:1600:1600/plain/s3://img-dostavka/catalog/uf/915/9153f9962e9a529a30c266fdeddae26d/ab5ce322e592631fec7c8e4673907401.jpeg@webp,159.0,
1000216596,Сыр Pretto Маскарпоне 80% 250г,65,4.8,Суперцены,https://magnit.ru/product/1000216596?shopCode=694420&shopType=express,False,https://images-foodtech.magnit.ru/GH14eyPMOxReOUW8xIIAJzNdMjfx-Q5yppBsVTystss/rs:fit:1600:1600/plain/s3://img-dostavka/catalog/uf/049/049931a4010849a01a80014376b5b24c/0c3bd3092cb9e3c70dedfd157dd86ab2.jpeg@webp,339.0,269.0
8000053893,Шоколад Дубайский с фисташковой начинкой и катаифи King Of Nuts 30г,66,4.6,Суперцены,https://magnit.ru/product/8000053893?shopCode=694420&shopType=express,False,https://images-foodtech.magnit.ru/oMQno-BhDJyUvg5hR5c9ynwLeHEW_xYaQmadY6sSZqo/rs:fit:1600:1600/plain/s3://img-dostavka/catalog/uf/c09/c09b0462a01b84419acd05fb0c890d2f/0b97cb842f02d19916cd1fa11b264ce1.jpeg@webp,189.0,164.0
1635300020,Шоколадный батончик с карамелью Twix Xtra 82г,67,4.9,Суперцены,https://magnit.ru/product/1635300020?shopCode=694420&shopType=express,False,https://images-foodtech.magnit.ru/omqqePlOvRo3dt4Tie7IHv-ZNHmeojsr2wmX7gRQ2mM/rs:fit:1600:1600/plain/s3://img-dostavka/catalog/uf/813/8132c72030a7fce368b54047f0d7b953/d56e67f29a2195a9924dad834c5ef480.jpeg@webp,89.0,
1635300020,Шоколадный батончик с карамелью Twix Xtra 82г,67,4.9,Суперцены,https://magnit.ru/product/1635300020?shopCode=694420&shopType=express,False,https://images-foodtech.magnit.ru/omqqePlOvRo3dt4Tie7IHv-ZNHmeojsr2wmX7gRQ2mM/rs:fit:1600:1600/plain/s3://img-dostavka/catalog/uf/813/8132c72030a7fce368b54047f0d7b953/d56e67f29a2195a9924dad834c5ef480.jpeg@webp,89.0,
1635300020,Батончик шоколадный Twix Xtra с карамелью 82г,68,4.9,Суперцены,https://magnit.ru/product/1635300020?shopCode=694420&shopType=express,False,https://images-foodtech.magnit.ru/omqqePlOvRo3dt4Tie7IHv-ZNHmeojsr2wmX7gRQ2mM/rs:fit:1600:1600/plain/s3://img-dostavka/catalog/uf/813/8132c72030a7fce368b54047f0d7b953/d56e67f29a2195a9924dad834c5ef480.jpeg@webp,89.0,
1635300020,Батончик шоколадный Twix Xtra с карамелью 82г,68,4.9,Суперцены,https://magnit.ru/product/1635300020?shopCode=694420&shopType=express,False,https://images-foodtech.magnit.ru/omqqePlOvRo3dt4Tie7IHv-ZNHmeojsr2wmX7gRQ2mM/rs:fit:1600:1600/plain/s3://img-dostavka/catalog/uf/813/8132c72030a7fce368b54047f0d7b953/d56e67f29a2195a9924dad834c5ef480.jpeg@webp,89.0,
1000216597,Сыр Pretto Моцарелла Чильеджина 45% 100г,69,4.9,Суперцены,https://magnit.ru/product/1000216597?shopCode=694420&shopType=express,False,https://images-foodtech.magnit.ru/uQkulcQTGRv2S-jZeHEpIdhT9J9lQlj57prwAa8THJs/rs:fit:1600:1600/plain/s3://img-dostavka/catalog/uf/357/357465671cfa3d1d944535b4e4a7a970/7fa8107b6ade88700eaf33949a9b90d0.jpeg@webp,143.0,119.0
1000483435,Десерт Тортимилка Плюс Акконд 200г,70,4.9,Суперцены,https://magnit.ru/product/1000483435?shopCode=694420&shopType=express,False,https://images-foodtech.magnit.ru/RBKMErPH71m0480enUF7zTXUe7f-qDg9Mp6uPa4SRDg/rs:fit:1600:1600/plain/s3://img-dostavka/catalog/uf/28a/28a09f2906878f3459222af2d1a45a07/ebaf1a5f871cad65573f4fcf5e38dd07.jpeg@webp,169.0,
8000042396,Кофе растворимый Monarch Original натуральный 160г,71,4.9,Суперцены,https://magnit.ru/product/8000042396?shopCode=694420&shopType=express,False,https://images-foodtech.magnit.ru/k-nzy9uAx1dZITvw35QPzkFNg2ygAn07KSua_U30IOI/rs:fit:1600:1600/plain/s3://img-dostavka/catalog/uf/1b4/1b4947f1513d540cd49249aafdab73e6/6a4f5bb096280c63bb12cf8ac8cb718b.jpeg@webp,1299.0,644.0
1000241504,Крупа Makfa Гречневая ядрица 800г,72,4.8,Суперцены,https://magnit.ru/product/1000241504?shopCode=694420&shopType=express,False,https://images-foodtech.magnit.ru/larxNeHqAb1N6GdxTALFbevm8jJRlFVVthaa4f2a_k4/rs:fit:1600:1600/plain/s3://img-dostavka/catalog/uf/6e2/6e2e85f8237c8e7ecfba8a4d318aa687/d81313c79bec23579b5202803b84459d.jpeg@webp,129.0,89.0
2400022587,Шоколад Алёнка молочный 75г,73,4.9,Суперцены,https://magnit.ru/product/2400022587?shopCode=694420&shopType=express,False,https://images-foodtech.magnit.ru/MEA1uZc8EgZwZLs6jrUiCyDhBptyRs1mjBn8QJd3nMk/rs:fit:1600:1600/plain/s3://img-dostavka/catalog/uf/bdd/bddba98d4dd8ba1a3bf82ebaaad11243/3b8dd99625368fec25c11118f3fa2180.jpeg@webp,189.0,139.0
1000445164,Печенье шоколадное Любятово 228г,74,4.9,Суперцены,https://magnit.ru/product/1000445164?shopCode=694420&shopType=express,False,https://images-foodtech.magnit.ru/zB78rAxkKXDTevB2W1mTNl76_D_iKdP9ARGjRKnAcV8/rs:fit:1600:1600/plain/s3://img-dostavka/catalog/uf/b96/b966c219742580e2f438656401338fbb/13870dbeb8906328a768624786413c10.jpeg@webp,74.0,
1000094319,Дезинфицирующее средство Sanfor Белизна 700г,75,4.9,Суперцены,https://magnit.ru/product/1000094319?shopCode=694420&shopType=express,False,https://images-foodtech.magnit.ru/YogIpQ6Qlt2TTfNtfkVeFxtw7Sl7alU_VCmtyvJVbFA/rs:fit:1600:1600/plain/s3://img-dostavka/catalog/uf/220/22051a37ed0612341d3c958cd18326ce/8c3892fca51bfd4b779f98abe18ae8dc.jpeg@webp,167.0,112.0
1000105781,Тест для определения беременности Evitest 1шт,76,4.8,Суперцены,https://magnit.ru/product/1000105781?shopCode=694420&shopType=express,False,https://images-foodtech.magnit.ru/pLGSjv1SfsG9FmxfRM3rTxZsuu-9BnBREP0JiUK1hd4/rs:fit:1600:1600/plain/s3://img-dostavka/catalog/uf/eb5/eb50ec59b7b0d5295c04ec90addee2c1/9c716afc7fbf25bb2789aec5ec094080.jpeg@webp,208.0,144.0
1000285847,Соус Болоньезе Gusto Di Roma 350г,77,4.9,Суперцены,https://magnit.ru/product/1000285847?shopCode=694420&shopType=express,False,https://images-foodtech.magnit.ru/DlQtjYH7yyQjOTuKCdhlaLLs-HjL7tkJ0vCGjqwIUsg/rs:fit:1600:1600/plain/s3://img-dostavka/catalog/uf/8d1/8d1a388f2dc98d172477990a63716393/da9b16df9439fa840a4e804d23f64250.jpeg@webp,179.0,133.0
1000426484,Сыр Natura Сливочный 45% 300г,78,4.8,Суперцены,https://magnit.ru/product/1000426484?shopCode=694420&shopType=express,False,https://images-foodtech.magnit.ru/C3x5XlYw2EqAlT62G9jjpQ4mqqpuNVJMpq_Y4EoA-aI/rs:fit:1600:1600/plain/s3://img-dostavka/catalog/uf/af9/af9384dbe479766bd80b8e85314d5fda/c917dce79797540d45dfffae73339633.jpeg@webp,373.0,314.0
1000551504,Колбаса Стародворье Стародворская в обвязке вареная 370г,79,4.9,Суперцены,https://magnit.ru/product/1000551504?shopCode=694420&shopType=express,False,https://images-foodtech.magnit.ru/vD37NfFVR9UI6BTcjh-BHdAOcMlPgNqAbm2cStFI67k/rs:fit:1600:1600/plain/s3://img-dostavka/catalog/uf/c81/c819573018915ec1a92a7ff39da347cd/ef6fdff9295f5b1d11a39da5175ed66c.jpeg@webp,199.0,99.0
1000533857,Колбаса Папа может Сервелат Карельский варено-копченый 280г,80,4.9,Суперцены,https://magnit.ru/product/1000533857?shopCode=694420&shopType=express,False,https://images-foodtech.magnit.ru/JcEU2Mu7FJG4oCmfUy4QRaF-56ZBqFyJIBTE7iPmr0w/rs:fit:1600:1600/plain/s3://img-dostavka/catalog/uf/b2a/b2a2da59240eea16e791b630ebf65b75/1e8c1b7ac456a7f2067c81b16cb989f8.jpeg@webp,194.0,119.0
8000019870,Соус Крем-Шоколад Heinz 200г,81,4.7,Суперцены,https://magnit.ru/product/8000019870?shopCode=694420&shopType=express,False,https://images-foodtech.magnit.ru/4YsXG1TvJYdcgDkG2ArYDx-ewgC7kv1gS_bCjEMVlfk/rs:fit:1600:1600/plain/s3://img-dostavka/catalog/uf/352/3528c2ee44f941d21a280d6392d6d16a/9f2f849d614baf06f2ae4ced89b6a65c.jpeg@webp,154.0,
1000178484,Шоколад молочный Россия щедрая душа 75/82г,82,4.9,Суперцены,https://magnit.ru/product/1000178484?shopCode=694420&shopType=express,False,https://images-foodtech.magnit.ru/Dr6CM1zRPTl4LpMt8vmn7SIOyMWtVesOr9c4-aTx8v0/rs:fit:1600:1600/plain/s3://img-dostavka/catalog/uf/fd0/fd00fa8414821bccd8137adbf6045ab7/669e5d9d9a845b8f2dd1261a776e98c6.jpeg@webp,89.0,79.0
1818600001,Напиток молочно-соковый Мажитэль Персик-маракуйя 950г,83,4.9,Суперцены,https://magnit.ru/product/1818600001?shopCode=694420&shopType=express,False,https://images-foodtech.magnit.ru/MEYv0ujIrw_ndTwzZIMN3T9ZJKiq4YlamZ-yHtOHAdA/rs:fit:1600:1600/plain/s3://img-dostavka/catalog/uf/095/095767ef8f4479d4f8cd4a0c8caec119/8db88624315a6b13e6b2a6e99ce1f331.jpeg@webp,129.0,
1818600001,Напиток молочно-соковый Мажитэль Персик-маракуйя 950г,83,4.9,Суперцены,https://magnit.ru/product/1818600001?shopCode=694420&shopType=express,False,https://images-foodtech.magnit.ru/MEYv0ujIrw_ndTwzZIMN3T9ZJKiq4YlamZ-yHtOHAdA/rs:fit:1600:1600/plain/s3://img-dostavka/catalog/uf/095/095767ef8f4479d4f8cd4a0c8caec119/8db88624315a6b13e6b2a6e99ce1f331.jpeg@webp,129.0,
1818600001,Напиток сывороточно-молочный коктейль Мажитэль с соком и с витаминами со вкусом Персик-маракуйя 950г,84,4.9,Суперцены,https://magnit.ru/product/1818600001?shopCode=694420&shopType=express,False,https://images-foodtech.magnit.ru/MEYv0ujIrw_ndTwzZIMN3T9ZJKiq4YlamZ-yHtOHAdA/rs:fit:1600:1600/plain/s3://img-dostavka/catalog/uf/095/095767ef8f4479d4f8cd4a0c8caec119/8db88624315a6b13e6b2a6e99ce1f331.jpeg@webp,129.0,
1818600001,Напиток сывороточно-молочный коктейль Мажитэль с соком и с витаминами со вкусом Персик-маракуйя 950г,84,4.9,Суперцены,https://magnit.ru/product/1818600001?shopCode=694420&shopType=express,False,https://images-foodtech.magnit.ru/MEYv0ujIrw_ndTwzZIMN3T9ZJKiq4YlamZ-yHtOHAdA/rs:fit:1600:1600/plain/s3://img-dostavka/catalog/uf/095/095767ef8f4479d4f8cd4a0c8caec119/8db88624315a6b13e6b2a6e99ce1f331.jpeg@webp,129.0,
1000216614,Кукуруза Бондюэль молодая 340г,85,5.0,Суперцены,https://magnit.ru/product/1000216614?shopCode=694420&shopType=express,False,https://images-foodtech.magnit.ru/8cB9Ww_zQPeoxk08dmwYi3Jjm92M6ZdW9Z2H-z9n6nE/rs:fit:1600:1600/plain/s3://img-dostavka/catalog/uf/f4b/f4bcb3d9a0b0772dc8143872e5c96967/1735b66fe0124ed3103da66f8fd38b95.jpeg@webp,206.0,139.0
1623699905,Пирожное Orion в глазури Choco Pie 180г,86,5.0,Суперцены,https://magnit.ru/product/1623699905?shopCode=694420&shopType=express,False,https://images-foodtech.magnit.ru/vcTCbLi2L8w0fEwxDOZuxGK6vcc4QojzpqnKeaNTdpw/rs:fit:1600:1600/plain/s3://img-dostavka/catalog/uf/d35/d351ab179ccac5c078c04c9340b212b7/3c3c01dbb53ba8fef5987ee289e944a3.jpeg@webp,94.0,76.0
8000023021,Сосиски Ядрена копоть с сыром варёные 300г,87,4.8,Суперцены,https://magnit.ru/product/8000023021?shopCode=694420&shopType=express,False,https://images-foodtech.magnit.ru/VMRNHevbcETGwNXHB_GvCeBm2xAT_wjzKjhz0N923iY/rs:fit:1600:1600/plain/s3://img-dostavka/catalog/uf/be2/be2478db242ce17386154c1110fe166a/2ea217146798d00de1272c01e5e90bc5.jpeg@webp,219.0,173.0
1000242776,Сыр Брест-Литовск Легкий 35% 200г,88,4.9,Суперцены,https://magnit.ru/product/1000242776?shopCode=694420&shopType=express,False,https://images-foodtech.magnit.ru/ytbdYWW4cW6Q7O2a1wtHTPEleMyHQDNOEUxEx3Z38Z8/rs:fit:1600:1600/plain/s3://img-dostavka/catalog/uf/1da/1da95fe6295c92d735516ac026dd0f7f/59ccd991ada1fe2dd1bcb802386762f7.jpeg@webp,221.0,189.0
1000241503,Рис Makfa круглозерный шлифованный 800г,89,4.9,Суперцены,https://magnit.ru/product/1000241503?shopCode=694420&shopType=express,False,https://images-foodtech.magnit.ru/GDYjJ3dHJyLLKsSvDNRhB78G2R44rN-75gsTavIF0ys/rs:fit:1600:1600/plain/s3://img-dostavka/catalog/uf/e9f/e9faeaeb04662e62eedccbc368fc6930/4de7c48bef407ddd81cfaee75709fad4.jpeg@webp,119.0,
1032420023,Чай черный Greenfield Golden Ceylon 100пак,90,5.0,Суперцены,https://magnit.ru/product/1032420023?shopCode=694420&shopType=express,False,https://images-foodtech.magnit.ru/OYS7IswP9v5aXVkBv2n5b3o-aZOLDW59JunyPNS2vs0/rs:fit:1600:1600/plain/s3://img-dostavka/catalog/uf/3f1/3f1fe1d74f09029915989581093fac8d/59befca1c13b047b3986b393d90a6993.jpeg@webp,299.0,
1000395342,Икра рыбная Северная гавань/Магнит в соусе с креветкой 160г,91,4.9,Суперцены,https://magnit.ru/product/1000395342?shopCode=694420&shopType=express,False,https://images-foodtech.magnit.ru/XSZWKkIXkjC40ZCQxwBo2WX3YN883om5doTa8k4AM8U/rs:fit:1600:1600/plain/s3://img-dostavka/catalog/uf/34f/34ff6b5f311bbf4fb66972a765302de7/42bd4719f9a85b277450fbd6a0d3f604.jpeg@webp,139.0,92.0
1000204039,Крекер Витаминный Любятово 300г,92,4.7,Суперцены,https://magnit.ru/product/1000204039?shopCode=694420&shopType=express,False,https://images-foodtech.magnit.ru/qjXkgAkYX3IJxbTcub6mTZsEJhhHlv5T7BZhUFzl4E4/rs:fit:1600:1600/plain/s3://img-dostavka/catalog/uf/cbb/cbbd62da955bb90d2adb0fec9713eb36/dfa7365741786109b2e8ca013b2af77e.jpeg@webp,194.0,117.0
8000012562,Корнишоны Green Ribbon маринованные 680г,93,4.5,Суперцены,https://magnit.ru/product/8000012562?shopCode=694420&shopType=express,False,https://images-foodtech.magnit.ru/Dw0YEERYGNYlT6NBjzNIqjrZeD-PP88ZfRnsdsgrJZs/rs:fit:1600:1600/plain/s3://img-dostavka/catalog/uf/e52/e5208790f0d5d1267633216276ced54b/fc15b6cdb3191305ef9fa731a64fc11b.jpeg@webp,251.0,164.0
1000374937,Сок Сады Придонья из зеленых яблок 2л,94,4.9,Суперцены,https://magnit.ru/product/1000374937?shopCode=694420&shopType=express,False,https://images-foodtech.magnit.ru/xL5u9j62FPHl60oy3wURBMv-Wyzcz31WJw6Z0OzshK8/rs:fit:1600:1600/plain/s3://img-dostavka/catalog/uf/52c/52c97dd574889da57c76584aaa6be3ff/da803d941916981b4c626ce4fb0b2332.jpeg@webp,263.0,196.0
1000220193,Стейк форели свежемороженый Premiere of Taste 500г,95,4.4,Суперцены,https://magnit.ru/product/1000220193?shopCode=694420&shopType=express,False,https://images-foodtech.magnit.ru/49o3s621rVquXy3yp7-brZNLpHJtXNYdIU5gNeVsQoI/rs:fit:1600:1600/plain/s3://img-dostavka/catalog/uf/59d/59d2fc4692728e3aba6cad81f12cdbc4/086edc88f6e2165b96b2c5696806e7e4.jpeg@webp,1049.0,726.0
8000023741,Сыр Экомилк творожный 60% 350г,96,4.9,Суперцены,https://magnit.ru/product/8000023741?shopCode=694420&shopType=express,False,https://images-foodtech.magnit.ru/CFPSYysZAZRUWrGkNoWuqs8Pfj8hPwTF2aREYiO1Bik/rs:fit:1600:1600/plain/s3://img-dostavka/catalog/uf/a66/a6621361c15d84c4a661d56610ba2820/07ae54027d2c5f54c02dc1586fba261f.jpeg@webp,239.0,239.0
1000452280,Сосиски Стародворье Сочинки с сочным окороком вареные 400г,97,4.8,Суперцены,https://magnit.ru/product/1000452280?shopCode=694420&shopType=express,False,https://images-foodtech.magnit.ru/pCzvV11RLvRHsl_soynJwUYBiB8ZdiZaPa0EfKLBf0s/rs:fit:1600:1600/plain/s3://img-dostavka/catalog/uf/9d1/9d1853ddc307cca3aa952fabe9951d7d/9715ac06d61e2e443429d6a4f3310c71.jpeg@webp,259.0,231.0
1000032375,Сыр творожный Hochland с зеленью 60% 140г,98,5.0,Суперцены,https://magnit.ru/product/1000032375?shopCode=694420&shopType=express,False,https://images-foodtech.magnit.ru/vsaXdfrAa2OLONI4MlmZ968vAVPMS9zrXoaW0eEzEto/rs:fit:1600:1600/plain/s3://img-dostavka/catalog/uf/647/647986135e5d9af8629ebd312a8a8913/820f025fb02338b42d5b05d7e331bfe0.jpeg@webp,124.0,
1000395829,Кетчуп Томатный Heinz 320г,99,4.8,Суперцены,https://magnit.ru/product/1000395829?shopCode=694420&shopType=express,False,https://images-foodtech.magnit.ru/7uNs0bQaj8nq7-gRcehhcb-d9FlGNQctk5kbTtFl-OU/rs:fit:1600:1600/plain/s3://img-dostavka/catalog/uf/eb0/eb0b36bc67d75129dbd0dcf9a7b590d8/ff51d0bf1042a424701e2f76bea53637.jpeg@webp,124.0,
1812490113,Напиток сывороточно-молочный коктейль Мажитэль с соком и с витаминами со вкусом Клубника 950г,100,4.9,Суперцены,https://magnit.ru/product/1812490113?shopCode=694420&shopType=express,False,https://images-foodtech.magnit.ru/2SRsxF7WVGYHRdU5NYrPifO1P2jgj36BtzzQXzLqFig/rs:fit:1600:1600/plain/s3://img-dostavka/catalog/uf/3ac/3ac8816aefdffdb8e9e2170600d5449a/a981e9c919d6fe47087d0e760b8fb212.jpeg@webp,139.0,
1812429016,Напиток кисломолочный Имунеле со вкусом Лесные ягоды 1.2% 100г,101,4.9,Суперцены,https://magnit.ru/product/1812429016?shopCode=694420&shopType=express,False,https://images-foodtech.magnit.ru/F1tVtvBvD71xPyj5KDn18ywRq9xObiL8dT4A4frJRVo/rs:fit:1600:1600/plain/s3://img-dostavka/catalog/uf/6cb/6cb72bc539d8d5303ae4c18287147bb3/397c9981daa323c167a389d71744d2e4.jpeg@webp,31.0,
1000190928,Шоколад Молочный Merci 100г,102,4.9,Суперцены,https://magnit.ru/product/1000190928?shopCode=694420&shopType=express,False,https://images-foodtech.magnit.ru/-wd_njYEF9DWHbiy1nf33oTbklr6R-cJa63FHnQjSEk/rs:fit:1600:1600/plain/s3://img-dostavka/catalog/uf/1d3/1d3905b3e0df581fd2525f8dfdb98f7a/1ec96883cd673f871c467ef6872b2613.jpeg@webp,309.0,199.0
1000531627,Горошек зеленый Green Ribbon 450г/460г,103,4.7,Суперцены,https://magnit.ru/product/1000531627?shopCode=694420&shopType=express,False,https://images-foodtech.magnit.ru/KxvAHfiA2uK234fo6TUR24ALwMQSzsvvIoCNUIk4J5M/rs:fit:1600:1600/plain/s3://img-dostavka/catalog/uf/55f/55ff159fbc825a6403c1e34cce15ef9d/0138e7c8c98d373952bf8ed9e981bdf1.jpeg@webp,121.0,104.0
1000484203,Печенье Топленое молоко Любятово 444г,104,4.8,Суперцены,https://magnit.ru/product/1000484203?shopCode=694420&shopType=express,False,https://images-foodtech.magnit.ru/_raD1LH4h0eyyNuD9Vla70ODIwoG3Bp9qKhJOQ9UlUA/rs:fit:1600:1600/plain/s3://img-dostavka/catalog/uf/aa3/aa35472148c66713cf28ea8bf7136d3d/e92ecb520cd2c8da1f43129229121e84.jpeg@webp,171.0,139.0
1000020779,Халва Восточный гость подсолнечная 500г,105,4.9,Суперцены,https://magnit.ru/product/1000020779?shopCode=694420&shopType=express,False,https://images-foodtech.magnit.ru/nXSceRaLEpWxTlDTllGJYY9M4f6nIpbIfJ78LdVfhis/rs:fit:1600:1600/plain/s3://img-dostavka/catalog/uf/582/582e2c6151922e66a31a4d3bf6ff226c/7a221d93abe7756e30f564c26613df4f.jpeg@webp,144.0,
1000178487,Шоколад молочный и белый пористый Россия щедрая душа 70/75г,106,4.9,Суперцены,https://magnit.ru/product/1000178487?shopCode=694420&shopType=express,False,https://images-foodtech.magnit.ru/1K-fbo8PzwznzqG6NXSpmcQkBHBz0wN0BGK-XPiBmAg/rs:fit:1600:1600/plain/s3://img-dostavka/catalog/uf/5ac/5ac93a16f50b425c3e47aa8ce18b0530/73941657071c226b2aaffd03d52ab3de.jpeg@webp,119.0,84.0
1000275844,Колбаса Мясная история Ассорти Сальчичон Тоскана сырокопченая нарезка 100г,107,4.9,Суперцены,https://magnit.ru/product/1000275844?shopCode=694420&shopType=express,False,https://images-foodtech.magnit.ru/MwKYT-uqN3c5U2yEYJcNah-wPSuK2mgum3DN7qXupDk/rs:fit:1600:1600/plain/s3://img-dostavka/catalog/uf/db4/db47ef6a55673978a443fbba2f9a0d77/a92fc84811d5f6830d2bebfe5ca7782d.jpeg@webp,189.0,99.0
1000275844,Колбаса Мясная история Ассорти Сальчичон Тоскана сырокопченая нарезка 100г,107,4.9,Суперцены,https://magnit.ru/product/1000275844?shopCode=694420&shopType=express,False,https://images-foodtech.magnit.ru/MwKYT-uqN3c5U2yEYJcNah-wPSuK2mgum3DN7qXupDk/rs:fit:1600:1600/plain/s3://img-dostavka/catalog/uf/db4/db47ef6a55673978a443fbba2f9a0d77/a92fc84811d5f6830d2bebfe5ca7782d.jpeg@webp,189.0,99.0
1000378229,Шоколадный батончик с карамелью арахисом и нугой Snickers Super 80г в ассортименте,108,5.0,Суперцены,https://magnit.ru/product/1000378229?shopCode=694420&shopType=express,False,https://images-foodtech.magnit.ru/C19KfPucRx8V3oI7CALCCI0NcCSbUdVpUxsMGcjX9-A/rs:fit:1600:1600/plain/s3://img-dostavka/catalog/uf/ad4/ad4c0b113bd4cbe30e04a60240baf668/6fba97bbda08144c0a9500821e5be05a.jpeg@webp,84.0,74.0
1000378229,Шоколадный батончик с карамелью арахисом и нугой Snickers Super 80г в ассортименте,108,5.0,Суперцены,https://magnit.ru/product/1000378229?shopCode=694420&shopType=express,False,https://images-foodtech.magnit.ru/C19KfPucRx8V3oI7CALCCI0NcCSbUdVpUxsMGcjX9-A/rs:fit:1600:1600/plain/s3://img-dostavka/catalog/uf/ad4/ad4c0b113bd4cbe30e04a60240baf668/6fba97bbda08144c0a9500821e5be05a.jpeg@webp,84.0,74.0
1000378229,Батончик шоколадный Snickers Super с карамелью арахисом и нугой 80г,109,5.0,Суперцены,https://magnit.ru/product/1000378229?shopCode=694420&shopType=express,False,https://images-foodtech.magnit.ru/C19KfPucRx8V3oI7CALCCI0NcCSbUdVpUxsMGcjX9-A/rs:fit:1600:1600/plain/s3://img-dostavka/catalog/uf/ad4/ad4c0b113bd4cbe30e04a60240baf668/6fba97bbda08144c0a9500821e5be05a.jpeg@webp,84.0,74.0
1000378229,Батончик шоколадный Snickers Super с карамелью арахисом и нугой 80г,109,5.0,Суперцены,https://magnit.ru/product/1000378229?shopCode=694420&shopType=express,False,https://images-foodtech.magnit.ru/C19KfPucRx8V3oI7CALCCI0NcCSbUdVpUxsMGcjX9-A/rs:fit:1600:1600/plain/s3://img-dostavka/catalog/uf/ad4/ad4c0b113bd4cbe30e04a60240baf668/6fba97bbda08144c0a9500821e5be05a.jpeg@webp,84.0,74.0
1000560169,Напиток Green Milk ячменно-нутовый кокос 1л,110,4.8,Суперцены,https://magnit.ru/product/1000560169?shopCode=694420&shopType=express,False,https://images-foodtech.magnit.ru/RFsV3YXFXIfIBACvEbPe6qQ_mW8zkrO9yfYeb0neJO8/rs:fit:1600:1600/plain/s3://img-dostavka/catalog/uf/3f8/3f88d20fe9d4b57d6a7245fca6505beb/fc6b22c8a877e852156103b9f18b6fc0.jpeg@webp,189.0,
1000533854,Рулет бисквитный трюфельный Truffle 200г,111,4.7,Суперцены,https://magnit.ru/product/1000533854?shopCode=694420&shopType=express,False,https://images-foodtech.magnit.ru/JbcezVlu5KgrenRw6tEDHYgRRtUk-vXWNBLCofKv_Go/rs:fit:1600:1600/plain/s3://img-dostavka/catalog/uf/6a4/6a43b4629dab5d67ccce4739154865ec/de0fbb5c22ee6e3454b08a9b5cd649e1.jpeg@webp,140.0,84.0
1000559782,Варенье малиновое 330г,112,4.8,Суперцены,https://magnit.ru/product/1000559782?shopCode=694420&shopType=express,False,https://images-foodtech.magnit.ru/ypaFNFaBM_d2HpqNYl2-C4oAcUJQLwfXqQIe66hS7hs/rs:fit:1600:1600/plain/s3://img-dostavka/catalog/uf/885/885fd4f44ac665bc86e7b581178b9ce1/2774203636fe925a8cca5d9ed36e4216.jpeg@webp,203.0,159.0
1000453886,Влажный корм для кошек Аппетитные кусочки с говядиной в желе Felix 75г,113,4.9,Суперцены,https://magnit.ru/product/1000453886?shopCode=694420&shopType=express,False,https://images-foodtech.magnit.ru/TKBGImJLJUmcr8uWkEJ1YzgwAJ-P2yo28Xy62Pmx6P4/rs:fit:1600:1600/plain/s3://img-dostavka/catalog/uf/44e/44eb2ed08b9e2fdb8c8ec2d274e3f9cd/23e9c6bb8915b9054aef931dc81f34e1.jpeg@webp,26.0,26.0
1812432014,Творог детский Яблоко-банан Агуша с 6 месяцев 3.9% 100г,114,4.9,Суперцены,https://magnit.ru/product/1812432014?shopCode=694420&shopType=express,False,https://images-foodtech.magnit.ru/LYDVKTXsAzynub9E5O33TmGIuBBPeANgpP7EMJQqgtM/rs:fit:1600:1600/plain/s3://img-dostavka/catalog/uf/536/53691285142633fdb406654637fe9c51/c0a2308ce4398a93263563de36d397c8.jpeg@webp,38.0,
1812432014,Творог детский Яблоко-банан Агуша с 6 месяцев 3.9% 100г,114,4.9,Суперцены,https://magnit.ru/product/1812432014?shopCode=694420&shopType=express,False,https://images-foodtech.magnit.ru/LYDVKTXsAzynub9E5O33TmGIuBBPeANgpP7EMJQqgtM/rs:fit:1600:1600/plain/s3://img-dostavka/catalog/uf/536/53691285142633fdb406654637fe9c51/c0a2308ce4398a93263563de36d397c8.jpeg@webp,38.0,
1812432014,Творог детский Агуша Яблоко банан 3.9% 100г,115,4.9,Суперцены,https://magnit.ru/product/1812432014?shopCode=694420&shopType=express,False,https://images-foodtech.magnit.ru/LYDVKTXsAzynub9E5O33TmGIuBBPeANgpP7EMJQqgtM/rs:fit:1600:1600/plain/s3://img-dostavka/catalog/uf/536/53691285142633fdb406654637fe9c51/c0a2308ce4398a93263563de36d397c8.jpeg@webp,38.0,
1812432014,Творог детский Агуша Яблоко банан 3.9% 100г,115,4.9,Суперцены,https://magnit.ru/product/1812432014?shopCode=694420&shopType=express,False,https://images-foodtech.magnit.ru/LYDVKTXsAzynub9E5O33TmGIuBBPeANgpP7EMJQqgtM/rs:fit:1600:1600/plain/s3://img-dostavka/catalog/uf/536/53691285142633fdb406654637fe9c51/c0a2308ce4398a93263563de36d397c8.jpeg@webp,38.0,
1000530495,Морковь по-корейски 400г,116,4.9,Суперцены,https://magnit.ru/product/1000530495?shopCode=694420&shopType=express,False,https://images-foodtech.magnit.ru/nlPj00qCFUgTi39mVK7XgZkOEnGVUAJz8HgfLbqTmN8/rs:fit:1600:1600/plain/s3://img-dostavka/catalog/uf/969/96950a8ec4e9a13c6f046d76a4321e25/2f797ca5fc61d6ac1e9d5780820f4f57.jpeg@webp,137.0,99.0
1000478623,Колбаса Вязанка Молокуша вареная 450г,117,4.9,Суперцены,https://magnit.ru/product/1000478623?shopCode=694420&shopType=express,False,https://images-foodtech.magnit.ru/-MR2JdrXsSdXJ72iZD4lUVjlvrDT6jx-RtEVDDC7c8w/rs:fit:1600:1600/plain/s3://img-dostavka/catalog/uf/aa4/aa4bb633a979cba948fdf181306ca095/e55548b799036c804b6d4108b024fa09.jpeg@webp,182.5,139.0
1000135455,Томатная паста Кухмастер 270г,118,5.0,Суперцены,https://magnit.ru/product/1000135455?shopCode=694420&shopType=express,False,https://images-foodtech.magnit.ru/Ep3K-jvMMWVMdE7q6bpbqMZhO-za8J7iES9Iuy2mGvY/rs:fit:1600:1600/plain/s3://img-dostavka/catalog/uf/74c/74c4e17b9eb4ed33f900f132ededf681/94a735da456c2496ce15fc431bb9bb35.jpeg@webp,89.0,
3275570023,Нектар Мультифрукт Добрый 1л,119,5.0,Суперцены,https://magnit.ru/product/3275570023?shopCode=694420&shopType=express,False,https://images-foodtech.magnit.ru/-1B9kKkMJ3iHVfIEqikMTtXNtQk-X7rZb7iSQ2NNvOU/rs:fit:1600:1600/plain/s3://img-dostavka/catalog/uf/6a5/6a5e83e226615b638d3800a1cd74f5e7/c4bd98b06c0f991fc34f4c49ef49b82f.jpeg@webp,171.0,134.0
1000560170,Напиток Green Milk ферментированный ячменно-нутовый миндаль 1л,120,4.9,Суперцены,https://magnit.ru/product/1000560170?shopCode=694420&shopType=express,False,https://images-foodtech.magnit.ru/0AQbUcbyPys7z3HjX4EFqVceBKyO3uxnjkmOWS4p9R8/rs:fit:1600:1600/plain/s3://img-dostavka/catalog/uf/3a3/3a3efb9963fe19d0497148cbb31b3b80/7c7ca0336a54e97f419288861e3b1539.jpeg@webp,129.0,
1000032374,Сыр творожный Hochland сливочный 60% 140г,121,5.0,Суперцены,https://magnit.ru/product/1000032374?shopCode=694420&shopType=express,False,https://images-foodtech.magnit.ru/XUFYxNFNXXOIRnhGlqnBXY8TCog9-rAWoQncOS563ss/rs:fit:1600:1600/plain/s3://img-dostavka/catalog/uf/f61/f615401a799f83501fbdc753a49e5a26/8985ff659256f030a069bed99a1b938c.jpeg@webp,124.0,
1000533752,Колбаса Владимирский стандарт Сервелат Мраморный варено-копченый 270г,122,4.8,Суперцены,https://magnit.ru/product/1000533752?shopCode=694420&shopType=express,False,https://images-foodtech.magnit.ru/6KJDpTRVQxe3j2vLS-VuEgUGkQyJuXoIs2Zv5_Fz1wE/rs:fit:1600:1600/plain/s3://img-dostavka/catalog/uf/1fc/1fc049cad43edd0790b89fc8eed466ca/0e99afdfb38c6c10e7b251ae2434afd5.jpeg@webp,259.0,129.0
1000239608,Ветчина Великолукский МК Консервированная 325г,123,4.7,Суперцены,https://magnit.ru/product/1000239608?shopCode=694420&shopType=express,False,https://images-foodtech.magnit.ru/JvuckMTDpxtr7NnIQH2wEjz_fVDtkifG4Cq953tb2wI/rs:fit:1600:1600/plain/s3://img-dostavka/catalog/uf/c3a/c3a241c3afa21a0869d1b6e566d0103f/d452a5525b5d37ce73b712a1cebec134.jpeg@webp,174.0,159.0
1000351363,Майонез Я люблю готовить Домашний 55% 600мл,124,4.9,Суперцены,https://magnit.ru/product/1000351363?shopCode=694420&shopType=express,False,https://images-foodtech.magnit.ru/04vpQKE3nwmpXIXKZ_3hhOQ2zmmP02EcQsaqfGTIssk/rs:fit:1600:1600/plain/s3://img-dostavka/catalog/uf/539/53920d896f6a2f688cd58e8428593794/b885bacab5e0e1bf67e5f15dd353fe6b.jpeg@webp,219.0,144.0
3201241161,Кисломолочный напиток Имунеле Земляника 1.2% 95мл,125,4.9,Суперцены,https://magnit.ru/product/3201241161?shopCode=694420&shopType=express,False,https://images-foodtech.magnit.ru/bP9j9emW0vx-zZjfyd5hApQv9tH3MMS9Mr9Z7wuGbog/rs:fit:1600:1600/plain/s3://img-dostavka/catalog/uf/e1a/e1a06d131d5cedb332e9b89d2d38a15f/c6c952fd297379bda3677a95103e70d7.jpeg@webp,31.0,
3201241161,Кисломолочный напиток Имунеле Земляника 1.2% 95мл,125,4.9,Суперцены,https://magnit.ru/product/3201241161?shopCode=694420&shopType=express,False,https://images-foodtech.magnit.ru/bP9j9emW0vx-zZjfyd5hApQv9tH3MMS9Mr9Z7wuGbog/rs:fit:1600:1600/plain/s3://img-dostavka/catalog/uf/e1a/e1a06d131d5cedb332e9b89d2d38a15f/c6c952fd297379bda3677a95103e70d7.jpeg@webp,31.0,
3201241161,Напиток кисломолочный Имунеле со вкусом Земляника 1.2% 100г,126,4.9,Суперцены,https://magnit.ru/product/3201241161?shopCode=694420&shopType=express,False,https://images-foodtech.magnit.ru/bP9j9emW0vx-zZjfyd5hApQv9tH3MMS9Mr9Z7wuGbog/rs:fit:1600:1600/plain/s3://img-dostavka/catalog/uf/e1a/e1a06d131d5cedb332e9b89d2d38a15f/c6c952fd297379bda3677a95103e70d7.jpeg@webp,31.0,
3201241161,Напиток кисломолочный Имунеле со вкусом Земляника 1.2% 100г,126,4.9,Суперцены,https://magnit.ru/product/3201241161?shopCode=694420&shopType=express,False,https://images-foodtech.magnit.ru/bP9j9emW0vx-zZjfyd5hApQv9tH3MMS9Mr9Z7wuGbog/rs:fit:1600:1600/plain/s3://img-dostavka/catalog/uf/e1a/e1a06d131d5cedb332e9b89d2d38a15f/c6c952fd297379bda3677a95103e70d7.jpeg@webp,31.0,
1000501587,Маслины без косточки Federici 300г,127,4.9,Суперцены,https://magnit.ru/product/1000501587?shopCode=694420&shopType=express,False,https://images-foodtech.magnit.ru/GQqJBag1a5TmBVEhqoJqvw4EW9qr3gXOVEb8OL62rt8/rs:fit:1600:1600/plain/s3://img-dostavka/catalog/uf/d77/d771f4b1c13c2b921959682ee7e6312c/331e36a6aa7bec41b615650348c69ce8.jpeg@webp,209.0,179.0
8000042212,Йогурт Чудо вкус Шоколадное настроение 4% 105г,128,4.9,Суперцены,https://magnit.ru/product/8000042212?shopCode=694420&shopType=express,False,https://images-foodtech.magnit.ru/rzHPEG1QXj5AtJR8MLBws-44q186Xy6Lt7nRBdU8PRk/rs:fit:1600:1600/plain/s3://img-dostavka/catalog/uf/358/35826ba848de5d748efe2822248f1cfc/99d1c5a7642e98c50e7036bb6d772a70.jpeg@webp,73.0,64.0
8000042212,Йогурт Чудо вкус Шоколадное настроение 4% 105г,128,4.9,Суперцены,https://magnit.ru/product/8000042212?shopCode=694420&shopType=express,False,https://images-foodtech.magnit.ru/rzHPEG1QXj5AtJR8MLBws-44q186Xy6Lt7nRBdU8PRk/rs:fit:1600:1600/plain/s3://img-dostavka/catalog/uf/358/35826ba848de5d748efe2822248f1cfc/99d1c5a7642e98c50e7036bb6d772a70.jpeg@webp,73.0,64.0
8000042212,Йогурт со вкусом Шоколадное настроение с хрустящими насыпками-шариками Чудо 4% 105г,129,4.9,Суперцены,https://magnit.ru/product/8000042212?shopCode=694420&shopType=express,False,https://images-foodtech.magnit.ru/rzHPEG1QXj5AtJR8MLBws-44q186Xy6Lt7nRBdU8PRk/rs:fit:1600:1600/plain/s3://img-dostavka/catalog/uf/358/35826ba848de5d748efe2822248f1cfc/99d1c5a7642e98c50e7036bb6d772a70.jpeg@webp,73.0,64.0
8000042212,Йогурт со вкусом Шоколадное настроение с хрустящими насыпками-шариками Чудо 4% 105г,129,4.9,Суперцены,https://magnit.ru/product/8000042212?shopCode=694420&shopType=express,False,https://images-foodtech.magnit.ru/rzHPEG1QXj5AtJR8MLBws-44q186Xy6Lt7nRBdU8PRk/rs:fit:1600:1600/plain/s3://img-dostavka/catalog/uf/358/35826ba848de5d748efe2822248f1cfc/99d1c5a7642e98c50e7036bb6d772a70.jpeg@webp,73.0,64.0
1000417197,Сыр Экомилк Фетика рассольный 40% 220г,130,4.9,Суперцены,https://magnit.ru/product/1000417197?shopCode=694420&shopType=express,False,https://images-foodtech.magnit.ru/VH0zZMeSPRSH8_8W-MN95U4c3__mlMWZt_w2W9VwVpw/rs:fit:1600:1600/plain/s3://img-dostavka/catalog/uf/962/962192e5f53908b6c854145876394219/86031f0150b43dd62d202c08505f337f.jpeg@webp,203.0,179.0
8000025588,Наггетсы Стародворье Курушки с ветчиной и сыр 230г,131,4.9,Суперцены,https://magnit.ru/product/8000025588?shopCode=694420&shopType=express,False,https://images-foodtech.magnit.ru/FsVn8-DEIaF5ckpvHHasq-kEOnwsG5mbyqMsnU5O_Js/rs:fit:1600:1600/plain/s3://img-dostavka/catalog/uf/da5/da5e9c2263c7bd5094965500c7fcc34a/d59cb874bda98d104aa66103f60195e5.jpeg@webp,259.0,219.0
1000160972,Вафли Коломенские Каприччио 200г,132,4.9,Суперцены,https://magnit.ru/product/1000160972?shopCode=694420&shopType=express,False,https://images-foodtech.magnit.ru/zXZ8GMrNUVutjgjy458rxkY3WjnCR17l4PJICP6eY0Q/rs:fit:1600:1600/plain/s3://img-dostavka/catalog/pim/goods/1000160972/image/5c97d8872cc3e3988bdd960311146544.jpeg@webp,109.0,89.0
1000099695,Закусочка Дядя Ваня Венгерская 460г,133,4.8,Суперцены,https://magnit.ru/product/1000099695?shopCode=694420&shopType=express,False,https://images-foodtech.magnit.ru/-vcok_E_4vIyv7P1F8OZOyB7dP_Hb6vhN_tEMpHG1Hg/rs:fit:1600:1600/plain/s3://img-dostavka/catalog/uf/74a/74a8748496497b6296b2a0b35079db95/b33de16e2ac1df07f45c7037d54a0fc2.jpeg@webp,189.0,
1000418489,Влажный корм для кошек Ломтики в соусе телятиной и языком Sheba 75г,134,4.9,Суперцены,https://magnit.ru/product/1000418489?shopCode=694420&shopType=express,False,https://images-foodtech.magnit.ru/T2uaSbf-Qe406XKX_CnL704egtIrDPy7Uy456IExYOE/rs:fit:1600:1600/plain/s3://img-dostavka/catalog/uf/476/476a0e3ecb1e4299304874d3c714dc27/4461c9183e61953e57e565cff15837a4.jpeg@webp,34.0,
1524200026,Чай черный Greenfield Kenyan Sunrise 25пак,135,5.0,Суперцены,https://magnit.ru/product/1524200026?shopCode=694420&shopType=express,False,https://images-foodtech.magnit.ru/9JfcjFhgmjbQ3d2ocepzmMa3WOBlCylEJqDNUQtwsws/rs:fit:1600:1600/plain/s3://img-dostavka/catalog/uf/e90/e90b2e9ae963b2f878d8183777ec598d/ac101e027e90e99e66524205e29d1772.jpeg@webp,170.0,89.0
1000177278,Творог детский Агуша Засыпай-ка Клубника банан мелисса 3.8% 100г,136,5.0,Суперцены,https://magnit.ru/product/1000177278?shopCode=694420&shopType=express,False,https://images-foodtech.magnit.ru/2yEK3K7qbc4EV18oBeYcWWOeHpFQrfpPwDHtxG9TxQU/rs:fit:1600:1600/plain/s3://img-dostavka/catalog/uf/d0b/d0bebc6fc3081afec16069d4488621de/762abf8b771adf8632ed205ba917b06f.jpeg@webp,38.0,
1000177278,Творог детский Агуша Засыпай-ка Клубника банан мелисса 3.8% 100г,136,5.0,Суперцены,https://magnit.ru/product/1000177278?shopCode=694420&shopType=express,False,https://images-foodtech.magnit.ru/2yEK3K7qbc4EV18oBeYcWWOeHpFQrfpPwDHtxG9TxQU/rs:fit:1600:1600/plain/s3://img-dostavka/catalog/uf/d0b/d0bebc6fc3081afec16069d4488621de/762abf8b771adf8632ed205ba917b06f.jpeg@webp,38.0,
1000177278,Творог детский Клубника банан с 6 месяцев Агуша 3.8% 100г,137,5.0,Суперцены,https://magnit.ru/product/1000177278?shopCode=694420&shopType=express,False,https://images-foodtech.magnit.ru/2yEK3K7qbc4EV18oBeYcWWOeHpFQrfpPwDHtxG9TxQU/rs:fit:1600:1600/plain/s3://img-dostavka/catalog/uf/d0b/d0bebc6fc3081afec16069d4488621de/762abf8b771adf8632ed205ba917b06f.jpeg@webp,38.0,
1000177278,Творог детский Клубника банан с 6 месяцев Агуша 3.8% 100г,137,5.0,Суперцены,https://magnit.ru/product/1000177278?shopCode=694420&shopType=express,False,https://images-foodtech.magnit.ru/2yEK3K7qbc4EV18oBeYcWWOeHpFQrfpPwDHtxG9TxQU/rs:fit:1600:1600/plain/s3://img-dostavka/catalog/uf/d0b/d0bebc6fc3081afec16069d4488621de/762abf8b771adf8632ed205ba917b06f.jpeg@webp,38.0,
8000046709,Классический сыр слайсы 45% Брест-Литовск 130г,138,4.9,Суперцены,https://magnit.ru/product/8000046709?shopCode=694420&shopType=express,False,https://images-foodtech.magnit.ru/25xOl8xsTld-bEy2u3kw3fsq1ZT1C2lqAQ6gXH9dCd8/rs:fit:1600:1600/plain/s3://img-dostavka/catalog/uf/6eb/6eb9d6d0228c665eaea90b597dd55f5d/1fbf6a237cc36ad3c866b620eebba70c.jpeg@webp,219.0,199.0
1000547192,Маслины без косточки Premiere of Taste 170г,139,4.8,Суперцены,https://magnit.ru/product/1000547192?shopCode=694420&shopType=express,False,https://images-foodtech.magnit.ru/nfym7GIPZbgJbr0sCdF9KseV2FTGCDPq3SQyV8BN16k/rs:fit:1600:1600/plain/s3://img-dostavka/catalog/uf/446/446724a518746133c65df92959b3824c/169d7302548b9c9afc0a6d0fbe8d0549.jpeg@webp,180.0,109.0
1000045560,Мороженое Коровка из Кореновки Пломбир Шоколадный в вафельном стаканчике 100г,140,4.9,Суперцены,https://magnit.ru/product/1000045560?shopCode=694420&shopType=express,False,https://images-foodtech.magnit.ru/c9wYPL1svAe_iKqm9fa9P2iFw1sNX4ASf-H8xYg1TyQ/rs:fit:1600:1600/plain/s3://img-dostavka/catalog/uf/c86/c865b7e22504e7f792672c0a7536d57d/a219cb7896416b7370a0af25e6ffce3e.jpeg@webp,79.0,
1000014681,Молоко сгущенное Алексеевское 8.5% 270г,141,4.9,Суперцены,https://magnit.ru/product/1000014681?shopCode=694420&shopType=express,False,https://images-foodtech.magnit.ru/pNWaehP7piU66f7SLVzah968EbJ4x0Oa59PuoAy6u24/rs:fit:1600:1600/plain/s3://img-dostavka/catalog/uf/015/0159f799ec179a1e13552b596fb9d492/4662e1e98484fb9142fd1f6110a7e7ec.jpeg@webp,129.0,
8000057121,Шоколадный батончик Больше арахиса Snickers 87г,142,4.9,Суперцены,https://magnit.ru/product/8000057121?shopCode=694420&shopType=express,False,https://images-foodtech.magnit.ru/U9wuvLpCIVDBDUx6mnPbLzJel89DB5uxHPDEMqkOWSQ/rs:fit:1600:1600/plain/s3://img-dostavka/catalog/uf/991/9916d655bdae220b3683909a7e6c9da2/4dbc838a06d5797ceea3f5e7590916e0.jpeg@webp,97.0,
1000225906,Пюре фруктовое Агуша Яблоко ежевика малина с 5 месяцев 90г,143,4.9,Суперцены,https://magnit.ru/product/1000225906?shopCode=694420&shopType=express,False,https://images-foodtech.magnit.ru/7wJQQEfXBCUqHeQ7T6Wd95eobVavnpZ2d9brnhIQz9s/rs:fit:1600:1600/plain/s3://img-dostavka/catalog/uf/a92/a92be6b8461b71d627253dd72691509a/7c110e44802ecf6a7f035b08a1be65cf.jpeg@webp,81.5,49.0
1000225906,Пюре фруктовое Агуша Яблоко ежевика малина с 5 месяцев 90г,143,4.9,Суперцены,https://magnit.ru/product/1000225906?shopCode=694420&shopType=express,False,https://images-foodtech.magnit.ru/7wJQQEfXBCUqHeQ7T6Wd95eobVavnpZ2d9brnhIQz9s/rs:fit:1600:1600/plain/s3://img-dostavka/catalog/uf/a92/a92be6b8461b71d627253dd72691509a/7c110e44802ecf6a7f035b08a1be65cf.jpeg@webp,81.5,49.0
1000225906,Детское фруктово-ягодное пюре Агуша Яблоко-ежевика-малина с 5 месяцев 90г,144,4.9,Суперцены,https://magnit.ru/product/1000225906?shopCode=694420&shopType=express,False,https://images-foodtech.magnit.ru/7wJQQEfXBCUqHeQ7T6Wd95eobVavnpZ2d9brnhIQz9s/rs:fit:1600:1600/plain/s3://img-dostavka/catalog/uf/a92/a92be6b8461b71d627253dd72691509a/7c110e44802ecf6a7f035b08a1be65cf.jpeg@webp,81.5,49.0
1000225906,Детское фруктово-ягодное пюре Агуша Яблоко-ежевика-малина с 5 месяцев 90г,144,4.9,Суперцены,https://magnit.ru/product/1000225906?shopCode=694420&shopType=express,False,https://images-foodtech.magnit.ru/7wJQQEfXBCUqHeQ7T6Wd95eobVavnpZ2d9brnhIQz9s/rs:fit:1600:1600/plain/s3://img-dostavka/catalog/uf/a92/a92be6b8461b71d627253dd72691509a/7c110e44802ecf6a7f035b08a1be65cf.jpeg@webp,81.5,49.0
1000516557,Масло кокосовое Delicato 400г,145,4.8,Суперцены,https://magnit.ru/product/1000516557?shopCode=694420&shopType=express,False,https://images-foodtech.magnit.ru/7r4Ao9UfAszgHAIPVRtcxoyQ7Zr-eoB91V7Hy3lwVkM/rs:fit:1600:1600/plain/s3://img-dostavka/catalog/uf/e22/e222c4865f8994530f9012dcb934354c/1f60fd14bfe2c67633f7c54dfd51e216.jpeg@webp,299.0,
1000239562,Минтай Магнит/Северная гавань филе 600г,146,3.8,Суперцены,https://magnit.ru/product/1000239562?shopCode=694420&shopType=express,False,https://images-foodtech.magnit.ru/mNDNzR9ShHmGskQCbOKe2z7kIjxqpKuxLAFRTr7_4qQ/rs:fit:1600:1600/plain/s3://img-dostavka/catalog/uf/ecb/ecbc9645eadce22766084cfc64fec9fa/2d444eda86969ece1a7259474b1ab056.jpeg@webp,419.0,314.0
1000269655,Цикорий Экологика натуральный растворимый 85г,147,5.0,Суперцены,https://magnit.ru/product/1000269655?shopCode=694420&shopType=express,False,https://images-foodtech.magnit.ru/8BI4t2GoI7OOoiwZbr8sQAnO9OycGHjpb5oc2MA8SDo/rs:fit:1600:1600/plain/s3://img-dostavka/catalog/uf/8dc/8dcb8fc74c16d473d02d96d9c3195b3e/193ce42cd412f8635d537601e8d88013.jpeg@webp,469.0,389.0
1000045538,Колбаса Останкинский МК Пресижн сырокопченая 250г,148,4.9,Суперцены,https://magnit.ru/product/1000045538?shopCode=694420&shopType=express,False,https://images-foodtech.magnit.ru/PEviCEIRg5dnrXWGIloL4VsrY4TfAsBtVhjAPITIiQY/rs:fit:1600:1600/plain/s3://img-dostavka/catalog/uf/d58/d588c18b8cd54242a4dce430bcc3f64a/c1a6019cabdd775bb166cf2a93036257.jpeg@webp,296.0,189.0
1000445165,Печенье Топленое молоко Любятово 267г,149,4.9,Суперцены,https://magnit.ru/product/1000445165?shopCode=694420&shopType=express,False,https://images-foodtech.magnit.ru/V3Zq4BQpXmAC4zmvsVJfvcfkcZ-8Nu_sip0XnW_BODw/rs:fit:1600:1600/plain/s3://img-dostavka/catalog/uf/cf5/cf5025265a41d1e06595bb1f59f98606/fd899f1fd40232daf97ea5f57dc9039c.jpeg@webp,77.0,69.0
1000247225,Печенье с маковой посыпкой в шоколадной глазури Lucky Days 375г,150,4.9,Суперцены,https://magnit.ru/product/1000247225?shopCode=694420&shopType=express,False,https://images-foodtech.magnit.ru/ZmTmJDhBmZGn-2stgfMzBQdagDZJKQ7IZXVbPmehtK0/rs:fit:1600:1600/plain/s3://img-dostavka/catalog/uf/640/6400dd13ea26d8e1037af4b921a792cb/072321098ae30f23f7e92012b8f9712a.jpeg@webp,165.0,
1000443717,Колбаса Ближние горки Балыковая варено-копченая 350г,151,4.9,Суперцены,https://magnit.ru/product/1000443717?shopCode=694420&shopType=express,False,https://images-foodtech.magnit.ru/vpunYmoUkXKMYAdYoV2RArVP3h32Z1W-J3kr_7CIDWg/rs:fit:1600:1600/plain/s3://img-dostavka/catalog/uf/810/810ebb78c74a86cefe629ead59502db2/c28b480492b2abc5600f6a5dccbc6c19.jpeg@webp,381.0,229.0
1000177277,Каша детская жидкая молочная рисовая Агуша Яблоко-Груша 200мл с 6 месяцев,152,4.9,Суперцены,https://magnit.ru/product/1000177277?shopCode=694420&shopType=express,False,https://images-foodtech.magnit.ru/zMoN8dzqfEG08xWVusizBnw-_10C_tGAJ8W0M_2ou7E/rs:fit:1600:1600/plain/s3://img-dostavka/catalog/uf/229/229ca4761775dc5bc9c855ad3bcca97d/d4ddc795a6c1b474b88c9cc2b24d03b4.jpeg@webp,50.5,49.0
1000180808,Гавайская смесь Agama быстрозамороженная 400г,153,5.0,Суперцены,https://magnit.ru/product/1000180808?shopCode=694420&shopType=express,False,https://images-foodtech.magnit.ru/-yIK7E7bpjkyk7-GrnDVZ9cOuey8Z-ldKL0bbV7z_Bs/rs:fit:1600:1600/plain/s3://img-dostavka/catalog/uf/ea3/ea382118c0753acf2862f3f3d856d832/312ebb8c306432fa7e6c6504af6cf999.jpeg@webp,169.0,149.0
1000277150,Вафли Сливочные Коломенские 200г,154,4.8,Суперцены,https://magnit.ru/product/1000277150?shopCode=694420&shopType=express,False,https://images-foodtech.magnit.ru/4IXL06cr3XQ-vFGBXl46PvonJX9_46FphVhWQvZGhwg/rs:fit:1600:1600/plain/s3://img-dostavka/catalog/pim/goods/1000277150/image/75ec19cd2d30e0d73db073ad8f1d6f2d.jpeg@webp,74.0,
1000273664,Чай черный Азерчай байховый 100пак*2г,155,4.9,Суперцены,https://magnit.ru/product/1000273664?shopCode=694420&shopType=express,False,https://images-foodtech.magnit.ru/fSMDGJ2eTxREhrh_KlwrX5SiIASxJml9pvkhXgyF_c8/rs:fit:1600:1600/plain/s3://img-dostavka/catalog/uf/dfe/dfee565abd32a0c5e5365cb131592a18/a19598350f7bda16a7422fe2b469f1dd.jpeg@webp,424.0,249.0
1000296346,Сыр творожный Савушкин Воздушный сливочный 60% 150г,156,4.9,Суперцены,https://magnit.ru/product/1000296346?shopCode=694420&shopType=express,False,https://images-foodtech.magnit.ru/3jwzZzdoBKf-mZafnP1Puov-D0reLTCH-vsmvwi3fQM/rs:fit:1600:1600/plain/s3://img-dostavka/catalog/uf/d63/d63a3bdf4191373f47d34953bf8aa05b/d8bda0fffcb15481ae8ce8420e3688fe.jpeg@webp,109.0,
1000084229,Масло сладко-сливочное Брест-Литовск 82.5% 180г,157,5.0,Суперцены,https://magnit.ru/product/1000084229?shopCode=694420&shopType=express,False,https://images-foodtech.magnit.ru/dX-iu7yvebfDV7hpbB0W7DJT38CP76LO0wodzfgLRwo/rs:fit:1600:1600/plain/s3://img-dostavka/catalog/uf/1e6/1e62e2a1ef534dd42d8181ec5b53c47e/e9bf7aacde6c438960437bbe38ba1b12.jpeg@webp,199.0,
1000454958,Напиток Cool Cola Zero 1.5л,158,4.8,Суперцены,https://magnit.ru/product/1000454958?shopCode=694420&shopType=express,False,https://images-foodtech.magnit.ru/BEwmGJps-_rvhx83RttIIxU2FucnFU0SbN36oU4H848/rs:fit:1600:1600/plain/s3://img-dostavka/catalog/uf/0aa/0aad53504c773d9f7fd87e0f60e8eff8/8d47484ee3672e4cae812837c39a2238.jpeg@webp,114.0,
3024600003,Вешенки М Свежесть 300г,159,4.5,Суперцены,https://magnit.ru/product/3024600003?shopCode=694420&shopType=express,False,https://images-foodtech.magnit.ru/ZD5c-SuQwSTU9lcvulPvmISo5jlf8ceiyvMd-SCR8_c/rs:fit:1600:1600/plain/s3://img-dostavka/catalog/uf/8e3/8e31df1a21acf364bdb0484e50f6059d/83e7daaf0442d8bb561a74592227aee9.jpeg@webp,245.0,
8000019030,Конфеты Galaxy Sphere шоколадные с молочной начинкой Babyfox 130г,160,5.0,Суперцены,https://magnit.ru/product/8000019030?shopCode=694420&shopType=express,False,https://images-foodtech.magnit.ru/kviDaBUkzPy6jKgllTLdmX2JU5XiKd9QwqP4YxnEdzc/rs:fit:1600:1600/plain/s3://img-dostavka/catalog/uf/249/249f24b15a9afec7924bba30edfe6146/e609924f5cf7a7deafef3f08658a8e17.jpeg@webp,275.0,229.0
1499910374,Семечки От Мартина Отборные обжаренные 200г,161,5.0,Суперцены,https://magnit.ru/product/1499910374?shopCode=694420&shopType=express,False,https://images-foodtech.magnit.ru/Tvcj3kedcXieP3Mohb3ja1Q1WMwr620Xtbq44ja4gDc/rs:fit:1600:1600/plain/s3://img-dostavka/catalog/uf/384/384d7e282dc03c6b6a4ff8762388c20c/fd1e527c9dd616fc536ee04a026ea7fa.jpeg@webp,119.0,
1000453889,Влажный корм для кошек Аппетитные кусочки с кроликом в желе Felix 75г,162,5.0,Суперцены,https://magnit.ru/product/1000453889?shopCode=694420&shopType=express,False,https://images-foodtech.magnit.ru/k3VjOAf0BgL4qwNG2CjXPX4xN-sxeY0y5X4OowgEybo/rs:fit:1600:1600/plain/s3://img-dostavka/catalog/uf/b5a/b5a373eb63c8a52e20e1b0d18796db05/0727f41549549f696d6ce38f7c272a5b.jpeg@webp,26.0,26.0
1000456619,Напиток Добрый Апельсин 1.5л,163,4.9,Суперцены,https://magnit.ru/product/1000456619?shopCode=694420&shopType=express,False,https://images-foodtech.magnit.ru/MhP_dKK0ZvGXDWj-Dba4UkXevyASWVBWbMkZT0JOpaM/rs:fit:1600:1600/plain/s3://img-dostavka/catalog/uf/3e0/3e006e2e8d6fcd32fd7fd60a38c9c891/0c3a00e45aba2c42f8600eb05187d3db.jpeg@webp,139.0,
1000461116,Форель Северная гавань филе-кусок слабосоленый 180г,164,4.9,Суперцены,https://magnit.ru/product/1000461116?shopCode=694420&shopType=express,False,https://images-foodtech.magnit.ru/U4pW_7rWK-O1TFEXZRPj7tuHI52AnZ_0yfZLEhZX98M/rs:fit:1600:1600/plain/s3://img-dostavka/catalog/uf/15a/15a6ff6def4e0a47902a4a344344a7fc/1c9d437b7b601217da620c2557209585.jpeg@webp,529.0,385.0
1000157230,Печенье Oreo 228г,165,5.0,Суперцены,https://magnit.ru/product/1000157230?shopCode=694420&shopType=express,False,https://images-foodtech.magnit.ru/heuc0ujLxWERNkVzoJCjiD8FmgbjlwpmNO8OD4UhbPY/rs:fit:1600:1600/plain/s3://img-dostavka/catalog/uf/97c/97c9158ac0be11f13a151608fe7682e5/8f109efb860026433b12db6f08c225bf.jpeg@webp,179.0,
8000020972,Тунец филе в собственном соку Северная Гавань 185г,166,4.6,Суперцены,https://magnit.ru/product/8000020972?shopCode=694420&shopType=express,False,https://images-foodtech.magnit.ru/UhQ3MrEeQywchxp7bNxEKlx9Ot2ToInktr8ZGkIrfj0/rs:fit:1600:1600/plain/s3://img-dostavka/catalog/uf/dde/dde63c385d2000a85c1685bf50da774b/5146794e1cdbb194daf8d50c9319823d.jpeg@webp,205.0,169.0
1000052910,Сливки стерилизованные Домик в деревне 10% 480г,167,5.0,Суперцены,https://magnit.ru/product/1000052910?shopCode=694420&shopType=express,False,https://images-foodtech.magnit.ru/eASM601EbZIrjKQYh4LHHWD-SEckur3EGL6BDUe7ki0/rs:fit:1600:1600/plain/s3://img-dostavka/catalog/uf/7d2/7d22c59727dae006c5baf4150264f4e7/2fb0dc2614eab98195024f3d6a50ab99.jpeg@webp,151.5,129.0
1000052910,Сливки стерилизованные Домик в деревне 10% 480г,167,5.0,Суперцены,https://magnit.ru/product/1000052910?shopCode=694420&shopType=express,False,https://images-foodtech.magnit.ru/eASM601EbZIrjKQYh4LHHWD-SEckur3EGL6BDUe7ki0/rs:fit:1600:1600/plain/s3://img-dostavka/catalog/uf/7d2/7d22c59727dae006c5baf4150264f4e7/2fb0dc2614eab98195024f3d6a50ab99.jpeg@webp,151.5,129.0
3060830554,Фасоль Бондюэль красная 400г,168,4.7,Суперцены,https://magnit.ru/product/3060830554?shopCode=694420&shopType=express,False,https://images-foodtech.magnit.ru/xybVPHn3AFPcEfyxbiicmXiz_ivVUvXrMzNVnNKgri4/rs:fit:1600:1600/plain/s3://img-dostavka/catalog/uf/427/4270a1103ea2e39ee611262091ad27a7/edd629872f51302d0cd017bbfd064ae9.jpeg@webp,165.0,129.0
1000570763,Колбаса Мираторг Сервелат варено-копченая 250г,169,4.6,Суперцены,https://magnit.ru/product/1000570763?shopCode=694420&shopType=express,False,https://images-foodtech.magnit.ru/e8ELDDM4kif5YuB3pYWwF6moxvQLXq2lLw9fYIMFIa0/rs:fit:1600:1600/plain/s3://img-dostavka/catalog/uf/baf/bafab69be3ca814d7625c725311743d9/6d1b5bfe135ba4620dbc98b8769d1522.jpeg@webp,288.0,169.0
1524200017,Чай зеленый Greenfield Green Melissa 25пак,170,5.0,Суперцены,https://magnit.ru/product/1524200017?shopCode=694420&shopType=express,False,https://images-foodtech.magnit.ru/6YJkI5SDjVyIW2At0EsfkDUfqgbfJtsJ_3gc6icellI/rs:fit:1600:1600/plain/s3://img-dostavka/catalog/uf/79a/79a25573c7cfefe049b85d79ac24be18/828be24b24b89af98efcd56bf5c5e0fb.jpeg@webp,171.0,99.0
1000472961,Пицца Di Manchini 4 сыра 350г,171,4.5,Суперцены,https://magnit.ru/product/1000472961?shopCode=694420&shopType=express,False,https://images-foodtech.magnit.ru/xYadG7xwpALKO_N14uquITslBrdro0i1J57jf4pw0W4/rs:fit:1600:1600/plain/s3://img-dostavka/catalog/uf/817/81763f6c1d5afcfb016aa9ab655b61e8/cae6d826a9bc1da9385c485c5e291a9b.jpeg@webp,339.0,227.0
1000437519,Напиток Cool Cola 1.5л,172,4.9,Суперцены,https://magnit.ru/product/1000437519?shopCode=694420&shopType=express,False,https://images-foodtech.magnit.ru/88VzQtXW2GWJDnsw-Hev7U_es3oCJ7Q61eMLeBqbYVM/rs:fit:1600:1600/plain/s3://img-dostavka/catalog/uf/992/99223e5326d011de32b66a222b1eae12/fe5176ffc3847d319b99997c27558d87.jpeg@webp,115.0,
1891200042,Сыр плавленый President Сливочный 45% 400г,173,4.9,Суперцены,https://magnit.ru/product/1891200042?shopCode=694420&shopType=express,False,https://images-foodtech.magnit.ru/lrsfbhydVXi5_9fsPIEx7pa2BbWAUuL4djRtr5jg-jM/rs:fit:1600:1600/plain/s3://img-dostavka/catalog/uf/c98/c98fd8a615c815a371e65a595bfbf62b/0dddebc6b55fd6b1377cfb8b17b5eace.jpeg@webp,389.0,239.0
1000064338,Кукуруза Globus сладкая в зернах 340г,174,4.9,Суперцены,https://magnit.ru/product/1000064338?shopCode=694420&shopType=express,False,https://images-foodtech.magnit.ru/WIr2gTxYoU-OzugjIeBT5833SBOWdbZdtKEvUJTCuBI/rs:fit:1600:1600/plain/s3://img-dostavka/catalog/uf/a71/a71325666521f107bcfd7fa4aff02e6d/15e78afe29b09fcdbcceb6b65d8aca49.jpeg@webp,119.0,
1000456536,Вафли-мяфли мягкие Акульчев 310г,175,4.8,Суперцены,https://magnit.ru/product/1000456536?shopCode=694420&shopType=express,False,https://images-foodtech.magnit.ru/NhDg7nhu7XzNirToKUytBhlMmxH9WtciZgGgrs6pl6k/rs:fit:1600:1600/plain/s3://img-dostavka/catalog/uf/f04/f04af8351e687a29336df3ccb89f8bbb/3d1265c6643d54ff01c271e0ad02cc0f.jpeg@webp,228.0,159.0
1000129520,Молоко сгущенное Рогачевъ с сахаром 8.5% 380г,176,5.0,Суперцены,https://magnit.ru/product/1000129520?shopCode=694420&shopType=express,False,https://images-foodtech.magnit.ru/BzkjenAIqFbIjeAcSUf2oXBw4wLtqpfGwM-pjImtu_k/rs:fit:1600:1600/plain/s3://img-dostavka/catalog/uf/448/44864344814650d3d2aa6b088283fbcb/6e783aa23049d3eff12ea822b05648b0.jpeg@webp,139.0,139.0
1000099631,Вода Святой Источник питьевая негазированная 5л,177,4.9,Суперцены,https://magnit.ru/product/1000099631?shopCode=694420&shopType=express,False,https://images-foodtech.magnit.ru/CcOLqbSU14kOLeoT4DemLuTOqIm6xvtR78gNXOd4lzc/rs:fit:1600:1600/plain/s3://img-dostavka/catalog/uf/c59/c59b034fe7f47fc8879ab3fa49ba909e/f180cafeae294a3b39c3bd30b902f82f.jpeg@webp,137.0,
3272062001,Сок Сады Придонья Зеленое яблоко 1л,178,4.9,Суперцены,https://magnit.ru/product/3272062001?shopCode=694420&shopType=express,False,https://images-foodtech.magnit.ru/mxP26fnCT3RIfwHZ4-iMb76KO_iSXWaSQQg91cHYKzw/rs:fit:1600:1600/plain/s3://img-dostavka/catalog/uf/8fd/8fde1161837b2151003e138be501ba59/5372a164aefba2b76d92d375a509cdaf.jpeg@webp,99.0,
1000177276,Каша детская жидкая молочная гречневая Агуша 200мл с 6 месяцев,179,4.9,Суперцены,https://magnit.ru/product/1000177276?shopCode=694420&shopType=express,False,https://images-foodtech.magnit.ru/IDZE_SzKbj3CYlJtaSCaUSc_zUBin4hcu_riH6RLgSk/rs:fit:1600:1600/plain/s3://img-dostavka/catalog/uf/258/2581fc0e509603670e8c6345b598fddb/4a7d770dbc51e7aeed04f3614f47309e.jpeg@webp,52.0,49.0
3157710001,Рис Националь Золотистый длиннозерный 900г,180,4.8,Суперцены,https://magnit.ru/product/3157710001?shopCode=694420&shopType=express,False,https://images-foodtech.magnit.ru/7t4mo5HPrySsuxBAoBmxbI8zKUWCbVd9_h8EibZBPSo/rs:fit:1600:1600/plain/s3://img-dostavka/catalog/uf/ef7/ef77795d6f0647eafc9b9803812f3a78/aaa15a70f54a532be6b1118b11dc80e9.jpeg@webp,169.0,151.0
1524200028,Чай черный Greenfield Earl Grey Fantasy 25пак,181,4.9,Суперцены,https://magnit.ru/product/1524200028?shopCode=694420&shopType=express,False,https://images-foodtech.magnit.ru/0BwSrpwaJ2QNtxtzQ7X7PfHJCYBf4rIMJnSCUjH85PU/rs:fit:1600:1600/plain/s3://img-dostavka/catalog/uf/020/020d1a4fcec9be1af2150bc5064c6341/38942fdff9656d5ce86864818481d3b1.jpeg@webp,171.0,99.0
1000453901,Влажный корм для кошек Felix Двойная вкуснятина говядина и птица в желе 75г,182,4.9,Суперцены,https://magnit.ru/product/1000453901?shopCode=694420&shopType=express,False,https://images-foodtech.magnit.ru/WDt8NTu6-UE37QtAzAt4RUWuNGdbztI6y2IiuS9XNGY/rs:fit:1600:1600/plain/s3://img-dostavka/catalog/uf/c6e/c6e0b4ed60f1648adc4cc55a90364904/0aea1b102861625ae33638f469360cd3.jpeg@webp,29.0,
1000453888,Влажный корм для кошек Аппетитные кусочки с лососем в желе Felix 75г,183,4.8,Суперцены,https://magnit.ru/product/1000453888?shopCode=694420&shopType=express,False,https://images-foodtech.magnit.ru/TPZsnD4lNExZyxRoCR_iv41vpD1kI7wJUtU7sIcUbXg/rs:fit:1600:1600/plain/s3://img-dostavka/catalog/uf/e34/e34a9bcbae24365b3500604e1f1ef596/129661569b6abb5f16905d64184b9c36.jpeg@webp,29.0,26.0
1000170226,Напиток сывороточный коктейль Мажитэль с соком Ананас-Манго 950г,184,4.9,Суперцены,https://magnit.ru/product/1000170226?shopCode=694420&shopType=express,False,https://images-foodtech.magnit.ru/mcMP7t20kqZL-mhDHOE3hxfyMTiDam0actM2TfUPIGE/rs:fit:1600:1600/plain/s3://img-dostavka/catalog/uf/981/9815690670db2fe432459e565324b91f/963ed16e48b83a04f75be71e3266f3ff.jpeg@webp,134.0,109.0
1000148015,Килька Вкусные консервы обжаренная в томатном соусе 240г,185,4.7,Суперцены,https://magnit.ru/product/1000148015?shopCode=694420&shopType=express,False,https://images-foodtech.magnit.ru/2h2IwOwPt-bmaVNALRDXDQlPRy2EDjaNCF-zD-vDt8Q/rs:fit:1600:1600/plain/s3://img-dostavka/catalog/uf/cb9/cb995d891b4934a1d529f26d9846995a/1be07dd05f2f30501b1896270111e9d6.jpeg@webp,136.0,99.0
8000043625,Батончик-мюсли Ол'лайт Zerno Малина 35г,186,4.5,Суперцены,https://magnit.ru/product/8000043625?shopCode=694420&shopType=express,False,https://images-foodtech.magnit.ru/ivIHpdnL3fl0U60mpYi1zm9d1mpu4Emq0s2xkJauM38/rs:fit:1600:1600/plain/s3://img-dostavka/catalog/uf/705/705c93259063830b202eefd79080e975/53e6dd31e5616d88ca14dcc65328744a.jpeg@webp,30.0,
1000249994,Сок Сады Придонья Яблоко-черная смородина 1л,187,4.9,Суперцены,https://magnit.ru/product/1000249994?shopCode=694420&shopType=express,False,https://images-foodtech.magnit.ru/PkNc4_AD9UVlpdApiY5oNEfgsTicuLMcGt_988ySGKI/rs:fit:1600:1600/plain/s3://img-dostavka/catalog/uf/4d6/4d61becabbb828544308c84f5a369b59/ce4c397e2fbf20f602801122df02e539.jpeg@webp,99.0,
8000049983,Творожок детский со вкусом Малиновый пломбир с 12 месяцев Агуша 100г,188,4.9,Суперцены,https://magnit.ru/product/8000049983?shopCode=694420&shopType=express,False,https://images-foodtech.magnit.ru/s47XjPpP5oQDY9EBUQwZrbkxv5WUua1wWOHPIset-kw/rs:fit:1600:1600/plain/s3://img-dostavka/catalog/uf/c7e/c7ed143bebeee13eb5a5ef47fcca1cc9/ac89ce8c1e6d81d69d9cf9ad6fe61656.jpeg@webp,38.0,
1000179722,Кофе растворимый Черная карта Gold сублимированный 190г,189,4.9,Суперцены,https://magnit.ru/product/1000179722?shopCode=694420&shopType=express,False,https://images-foodtech.magnit.ru/GERfMlYdCAaVcPOMQJQLTSGOLFcwkA7UvCgm9sQpNY8/rs:fit:1600:1600/plain/s3://img-dostavka/catalog/uf/f33/f33c028d28a3474a027bb28aec7b492f/770e1491ce6150aaa45e7b01dc5eb85a.jpeg@webp,934.0,786.0
1000026813,Соус Сырный Heinz 200г,190,4.8,Суперцены,https://magnit.ru/product/1000026813?shopCode=694420&shopType=express,False,https://images-foodtech.magnit.ru/CvfdGjHUkowEe5O6B6uWL2UHSnfdG8eQrqvriG2MKNk/rs:fit:1600:1600/plain/s3://img-dostavka/catalog/uf/cc9/cc99749bb4349dd738ae773f98fb03e0/53c3f11283c5c969bfaa347f72c88828.jpeg@webp,129.0,
1000514932,Сосиски Черкизово Премиум Молочные Экстра 400г,191,4.9,Суперцены,https://magnit.ru/product/1000514932?shopCode=694420&shopType=express,False,https://images-foodtech.magnit.ru/mVzZTuRAXb07RMOds_IVjkX1hF6P523DumGqsYnnkmE/rs:fit:1600:1600/plain/s3://img-dostavka/catalog/uf/4e0/4e0f643ca1fd6c4f557d3d8fb5c6a89d/98878b5604250b0841ac5c5afa112608.jpeg@webp,254.0,159.0
1000302890,Повидло Стоевъ малиновое 500г,192,4.5,Суперцены,https://magnit.ru/product/1000302890?shopCode=694420&shopType=express,False,https://images-foodtech.magnit.ru/aB0KyAlqagxn85yV8Tf6k61V3L4dsuBZMmPIr1n5OmE/rs:fit:1600:1600/plain/s3://img-dostavka/catalog/uf/07b/07b994d9ceea9200e226790bf0a00171/1b80a03b6b8081af76bfdb7d3a9b5360.jpeg@webp,165.0,132.0
1499910424,Чипсы картофельные соломкой Pomsticks со вкусом сметаны и специй 100г,193,4.9,Суперцены,https://magnit.ru/product/1499910424?shopCode=694420&shopType=express,False,https://images-foodtech.magnit.ru/XboZWRPXXtw21wpTgUKt6tEmtIH8YyiWUs-HEpsjGd4/rs:fit:1600:1600/plain/s3://img-dostavka/catalog/uf/09c/09c1df700eea04a02dc18b1637ba425b/6c24b3938d02e62e478f088db6832c79.jpeg@webp,129.0,109.0
1000374935,Сок Сады Придонья яблоко-виноград 2л,194,4.9,Суперцены,https://magnit.ru/product/1000374935?shopCode=694420&shopType=express,False,https://images-foodtech.magnit.ru/ZFVSo_ojb-tO2J-BvdYio2fH7W95-ZXO_3bZnhdxsoM/rs:fit:1600:1600/plain/s3://img-dostavka/catalog/uf/9ae/9aece37574731d67b12d574f52700c81/a1cfa31ea7a25c086ca569f511828b9d.jpeg@webp,249.0,189.0
1499910213,Семечки подсолнечника Бабкины семечки жареные 300/330г,195,4.9,Суперцены,https://magnit.ru/product/1499910213?shopCode=694420&shopType=express,False,https://images-foodtech.magnit.ru/NyTwYYNGrfb1vLMPAJ4mEOHOArC-bH0WaXlpxvFDZxM/rs:fit:1600:1600/plain/s3://img-dostavka/catalog/uf/3da/3daea9c38d24094779d947f8b1edbd01/cbe5d08a6fa9a8b195a8ab0e666cc2a2.jpeg@webp,121.0,
1635300035,Шоколадный батончик с нежной мякотью кокоса Bounty Trio 82.5г,196,4.9,Суперцены,https://magnit.ru/product/1635300035?shopCode=694420&shopType=express,False,https://images-foodtech.magnit.ru/3-oXRjjN8KqEmYz8L4rGLd_xqo1fb6XLGcocgwqUrQU/rs:fit:1600:1600/plain/s3://img-dostavka/catalog/uf/9c5/9c5eb856319d6bd59d0c6ce587f00211/70f7860020e552ff495fcdbdd2cd931e.jpeg@webp,89.0,
1635300035,Шоколадный батончик с нежной мякотью кокоса Bounty Trio 82.5г,196,4.9,Суперцены,https://magnit.ru/product/1635300035?shopCode=694420&shopType=express,False,https://images-foodtech.magnit.ru/3-oXRjjN8KqEmYz8L4rGLd_xqo1fb6XLGcocgwqUrQU/rs:fit:1600:1600/plain/s3://img-dostavka/catalog/uf/9c5/9c5eb856319d6bd59d0c6ce587f00211/70f7860020e552ff495fcdbdd2cd931e.jpeg@webp,89.0,
1635300035,Батончик шоколадный трио с нежной мякотью кокоса Bounty 82.5г,197,4.9,Суперцены,https://magnit.ru/product/1635300035?shopCode=694420&shopType=express,False,https://images-foodtech.magnit.ru/3-oXRjjN8KqEmYz8L4rGLd_xqo1fb6XLGcocgwqUrQU/rs:fit:1600:1600/plain/s3://img-dostavka/catalog/uf/9c5/9c5eb856319d6bd59d0c6ce587f00211/70f7860020e552ff495fcdbdd2cd931e.jpeg@webp,89.0,
1635300035,Батончик шоколадный трио с нежной мякотью кокоса Bounty 82.5г,197,4.9,Суперцены,https://magnit.ru/product/1635300035?shopCode=694420&shopType=express,False,https://images-foodtech.magnit.ru/3-oXRjjN8KqEmYz8L4rGLd_xqo1fb6XLGcocgwqUrQU/rs:fit:1600:1600/plain/s3://img-dostavka/catalog/uf/9c5/9c5eb856319d6bd59d0c6ce587f00211/70f7860020e552ff495fcdbdd2cd931e.jpeg@webp,89.0,
3060830547,Горошек Бондюэль зеленый 400г,198,5.0,Суперцены,https://magnit.ru/product/3060830547?shopCode=694420&shopType=express,False,https://images-foodtech.magnit.ru/fsmb-ItX7o8R--xJyXo2-4vp3e8aIVv9v-ZC1u7nyu0/rs:fit:1600:1600/plain/s3://img-dostavka/catalog/uf/8c3/8c3bb244c2c6d0a13e1578efd0c49fab/d98734c6c5c187217b20ac2fd929fd17.jpeg@webp,134.0,139.0
3060830547,Горошек Бондюэль зеленый 400г,198,5.0,Суперцены,https://magnit.ru/product/3060830547?shopCode=694420&shopType=express,False,https://images-foodtech.magnit.ru/fsmb-ItX7o8R--xJyXo2-4vp3e8aIVv9v-ZC1u7nyu0/rs:fit:1600:1600/plain/s3://img-dostavka/catalog/uf/8c3/8c3bb244c2c6d0a13e1578efd0c49fab/d98734c6c5c187217b20ac2fd929fd17.jpeg@webp,134.0,139.0
9858700006,Напиток Черноголовка Байкал 2л,199,5.0,Суперцены,https://magnit.ru/product/9858700006?shopCode=694420&shopType=express,False,https://images-foodtech.magnit.ru/OX73HLcpJcz3zJbz29ROlhiDojz83zYWhctkN1ETGTY/rs:fit:1600:1600/plain/s3://img-dostavka/catalog/uf/aa9/aa9e3f9c896a83ae60e016ffb52a5f2d/e87d52eda6babd6971f9538249be6958.jpeg@webp,134.0,
1524200089,Чай черный Greenfield Spring Melody 25пак,200,4.9,Суперцены,https://magnit.ru/product/1524200089?shopCode=694420&shopType=express,False,https://images-foodtech.magnit.ru/RpFO_ybcN-ofiriFxBCqM5VX0apy7GQw0NgX0ZXnZjA/rs:fit:1600:1600/plain/s3://img-dostavka/catalog/uf/f10/f107dc6ab15e78d192f4f10715f63e28/e2af3524c038b34a893692af0b6f3c10.jpeg@webp,171.0,99.0
1000429638,Мини-кексы с кусочками молочного шоколада Юбилейное 140г,201,5.0,Суперцены,https://magnit.ru/product/1000429638?shopCode=694420&shopType=express,False,https://images-foodtech.magnit.ru/UE25gs6HFMR3Qfe2zp7Jj_bz4kyxvqs4kRytmUK_Gkc/rs:fit:1600:1600/plain/s3://img-dostavka/catalog/uf/7db/7dbeedc79403410c0d3a952ed355e671/9112bc9564e8a2f7d0d5183acb7314df.jpeg@webp,139.0,119.0
1000141775,Напиток сокосодержащий Вишневая черешня Любимый 1.93л,202,5.0,Суперцены,https://magnit.ru/product/1000141775?shopCode=694420&shopType=express,False,https://images-foodtech.magnit.ru/COcsNkQ5KltiTiOViYA22BPcsj1fkbUgIzmriTBbTws/rs:fit:1600:1600/plain/s3://img-dostavka/catalog/uf/382/382ae4767e351526828f22b9a5dff70f/dde079cb5c4a3f7d9b5ca242294e0165.jpeg@webp,201.0,189.0
1000220802,Печенье с овсяными хлопьями Юбилейное 224г,203,4.9,Суперцены,https://magnit.ru/product/1000220802?shopCode=694420&shopType=express,False,https://images-foodtech.magnit.ru/WZqi-KZwtTdbgZ47S1B8DpYJMIRcC_HZCWIgV_w-s1c/rs:fit:1600:1600/plain/s3://img-dostavka/catalog/uf/567/5678b9396c50428e5169e2db3a9770e6/b906ce74ccdfb91297ab31f77e5c1f2f.jpeg@webp,94.0,79.0
1000551514,Йогурт Простоквашино густой Греческий 2% 235г,204,4.9,Суперцены,https://magnit.ru/product/1000551514?shopCode=694420&shopType=express,False,https://images-foodtech.magnit.ru/tXSmdmJnwb-oLjv8zhTzU_Smwea8TYNt4BOzEu3d9v8/rs:fit:1600:1600/plain/s3://img-dostavka/catalog/uf/9ce/9ced324c1272e0db67ec90b91271be84/66b417a2a8d07ce7f1f6260751349f13.jpeg@webp,79.0,
3442420013,Чай черный Принцесса Нури Высокогорный 100пак,205,4.9,Суперцены,https://magnit.ru/product/3442420013?shopCode=694420&shopType=express,False,https://images-foodtech.magnit.ru/a6li9SuFlAYK6cnwFk1j7L1eDYMj5g_WyFx4lYitznA/rs:fit:1600:1600/plain/s3://img-dostavka/catalog/uf/790/7905759fadc5213b31797c92c83391aa/7c67172d689986b4efdade48b3348470.jpeg@webp,184.0,
1000110770,Крабовые палочки Vici охлажденные 500г,206,5.0,Суперцены,https://magnit.ru/product/1000110770?shopCode=694420&shopType=express,False,https://images-foodtech.magnit.ru/1Ary0HUu3pNotGic8LJGP_UaP-V-cn8mxWbBS9kbp38/rs:fit:1600:1600/plain/s3://img-dostavka/catalog/uf/898/898a5f6c369b79f7a5c0b69beff609c4/6bd31305843bfeb44a81e7644d20669b.jpeg@webp,322.0,199.0
1000177252,Влажный корм для кошек Аппетитная курочка в желе Kitekat 85г,207,5.0,Суперцены,https://magnit.ru/product/1000177252?shopCode=694420&shopType=express,False,https://images-foodtech.magnit.ru/_vLg-pjcVD9iPjpqYkPrZWUsBRNSCPzvmhzSGwuFOn4/rs:fit:1600:1600/plain/s3://img-dostavka/catalog/uf/4bb/4bb7896fa7eab07362200aae3801b237/c351dd98aba7cab5d150acea46551821.jpeg@webp,22.0,
1000082691,Вафли глазированные с орешками Яшкино 200г,208,4.9,Суперцены,https://magnit.ru/product/1000082691?shopCode=694420&shopType=express,False,https://images-foodtech.magnit.ru/azwNYx4oVtJGV0XsvmF5V4BC6Z48Eo9ka0tLKHa6cRw/rs:fit:1600:1600/plain/s3://img-dostavka/catalog/uf/12f/12f5bcb73b7b912a65f1286f49c2be06/300485188e1ba61052d9d032f41e17cb.jpeg@webp,99.0,
1000174186,Рыбное филе Vici Приорити Дальневосточное 300г,209,4.8,Суперцены,https://magnit.ru/product/1000174186?shopCode=694420&shopType=express,False,https://images-foodtech.magnit.ru/MGg-FZIM7M1T0R6NNaIdaZU275cH7Mzj_jMUDqPBrfA/rs:fit:1600:1600/plain/s3://img-dostavka/catalog/uf/b43/b436c85d688dc271b50d46a319447b35/d699c8eb5481fa3f4bd8c0849f51954e.jpeg@webp,269.0,239.0
3060830107,Кукуруза Бондюэль 340г,210,4.9,Суперцены,https://magnit.ru/product/3060830107?shopCode=694420&shopType=express,False,https://images-foodtech.magnit.ru/egETTjGIN8EyNtUGc7pFVcUt4S5g5ED8_i6NUXS7X6s/rs:fit:1600:1600/plain/s3://img-dostavka/catalog/uf/850/85017d61578cba21147aaf05944b2e4b/4b77845e675c766da8045ad3b52284ba.jpeg@webp,206.0,129.0
1000292712,Печенье Bombbar со вкусом шоколадного брауни неглазированное 40г,211,4.7,Суперцены,https://magnit.ru/product/1000292712?shopCode=694420&shopType=express,False,https://images-foodtech.magnit.ru/etGNMrtlm5LkixEGI__aCw2umfLfHhaCTWaTMa1xgcA/rs:fit:1600:1600/plain/s3://img-dostavka/catalog/uf/839/839c47313febdfd290f33fd054132bf1/679fbb94fe92a489624bb114b7868b6d.jpeg@webp,130.0,89.0
1000254962,Чай черный Азерчай Букет 100г,212,4.8,Суперцены,https://magnit.ru/product/1000254962?shopCode=694420&shopType=express,False,https://images-foodtech.magnit.ru/CWM3NbesP7ibZbAdr3uRLC9h51q8zfvbi1GpOoXhRUQ/rs:fit:1600:1600/plain/s3://img-dostavka/catalog/uf/919/919f64dac5a10793ac39ee14bdcf1e78/d8ad7339e137c458ef4b3f3e0538d5ac.jpeg@webp,169.0,
1000127116,Сайра Доброфлот с добавлением масла 245г,213,4.8,Суперцены,https://magnit.ru/product/1000127116?shopCode=694420&shopType=express,False,https://images-foodtech.magnit.ru/geL0oVy0cZH-axYcYD-sgFgJemCec-73-dReInrjN8k/rs:fit:1600:1600/plain/s3://img-dostavka/catalog/uf/63a/63a589ff3b232261dadb3f8e065de44e/a3de7bb9143e865f7b811ac9113581fe.jpeg@webp,298.0,270.0
1000289393,Вафельный сэндвич с воздушной начинкой Яшкино 180г,214,4.9,Суперцены,https://magnit.ru/product/1000289393?shopCode=694420&shopType=express,False,https://images-foodtech.magnit.ru/bD3peoZyfWyoEdD0ysxV3PkdJBOkn1s0R1p_HwUqN2U/rs:fit:1600:1600/plain/s3://img-dostavka/catalog/uf/eb6/eb6f988d23965a97a038a61a4f855417/347a986269279e834e7fdc29cc7e85b9.jpeg@webp,137.0,119.0
1000422919,Подушечки Любятово с шоколадной начинкой 220г,215,4.8,Суперцены,https://magnit.ru/product/1000422919?shopCode=694420&shopType=express,False,https://images-foodtech.magnit.ru/sxhfTargotRwmY_yHI6p1G6nB9vZbVqNDZnifvQpOYk/rs:fit:1600:1600/plain/s3://img-dostavka/catalog/uf/75e/75ebf0ea247e4146b2f76b4fac71f009/44cf086151c57aa0cd052021d487df02.jpeg@webp,124.0,111.0
1000179652,Шпроты Вкусные консервы в масле 160г,216,4.8,Суперцены,https://magnit.ru/product/1000179652?shopCode=694420&shopType=express,False,https://images-foodtech.magnit.ru/IqfgGZ1Fy1DkUGVUw3d8Nvj3WwQ2lGag_Gs3Nl8c_Gc/rs:fit:1600:1600/plain/s3://img-dostavka/catalog/uf/a2e/a2e96dcd13887a6fcc118ee1410e4987/7b6ce0c503a254a26a07846e0b9007d5.jpeg@webp,149.0,
1000478618,Колбаса Стародворье Сервелат Мясорубский варено-копченый 400г,217,4.9,Суперцены,https://magnit.ru/product/1000478618?shopCode=694420&shopType=express,False,https://images-foodtech.magnit.ru/VPPgMf6FZmpJaAelz8dR1XbSHFp2c-SrYmBeecuAPcE/rs:fit:1600:1600/plain/s3://img-dostavka/catalog/uf/f0b/f0b31cceca4b94f478a7438d21005846/03fd1e525a978227a734400a0d4187e8.jpeg@webp,194.0,
1000284974,Кофе молотый Mehmet Efendi для турки 100г,218,5.0,Суперцены,https://magnit.ru/product/1000284974?shopCode=694420&shopType=express,False,https://images-foodtech.magnit.ru/2M1Tg0wFur_309ulpYwyKYIADOr90Uh1ewc9pWZpGrA/rs:fit:1600:1600/plain/s3://img-dostavka/catalog/uf/bb7/bb75be1e20ff3143bb90e9aeb4ef2dc7/6e536a00152e18ed8ad303d15fbdc40d.jpeg@webp,290.0,229.0
1812432015,Творог детский Черника с 6 месяцев Агуша 3.9% 100г,219,4.9,Суперцены,https://magnit.ru/product/1812432015?shopCode=694420&shopType=express,False,https://images-foodtech.magnit.ru/SDYywcTaqEiFsBzudAhc3_J_X-o-PjqBUksrYnbdXBc/rs:fit:1600:1600/plain/s3://img-dostavka/catalog/uf/a42/a4253729e4c21469f71b7cebd45a0d35/72b977dbf1c7dda9c61d165e6db8cc53.jpeg@webp,38.0,
1812432015,Творог детский Черника с 6 месяцев Агуша 3.9% 100г,219,4.9,Суперцены,https://magnit.ru/product/1812432015?shopCode=694420&shopType=express,False,https://images-foodtech.magnit.ru/SDYywcTaqEiFsBzudAhc3_J_X-o-PjqBUksrYnbdXBc/rs:fit:1600:1600/plain/s3://img-dostavka/catalog/uf/a42/a4253729e4c21469f71b7cebd45a0d35/72b977dbf1c7dda9c61d165e6db8cc53.jpeg@webp,38.0,
1812432015,Творог детский Агуша Черника 3.9% 100г,220,4.9,Суперцены,https://magnit.ru/product/1812432015?shopCode=694420&shopType=express,False,https://images-foodtech.magnit.ru/SDYywcTaqEiFsBzudAhc3_J_X-o-PjqBUksrYnbdXBc/rs:fit:1600:1600/plain/s3://img-dostavka/catalog/uf/a42/a4253729e4c21469f71b7cebd45a0d35/72b977dbf1c7dda9c61d165e6db8cc53.jpeg@webp,38.0,
1812432015,Творог детский Агуша Черника 3.9% 100г,220,4.9,Суперцены,https://magnit.ru/product/1812432015?shopCode=694420&shopType=express,False,https://images-foodtech.magnit.ru/SDYywcTaqEiFsBzudAhc3_J_X-o-PjqBUksrYnbdXBc/rs:fit:1600:1600/plain/s3://img-dostavka/catalog/uf/a42/a4253729e4c21469f71b7cebd45a0d35/72b977dbf1c7dda9c61d165e6db8cc53.jpeg@webp,38.0,
1000125976,Какао-порошок Золотой ярлык 100г,221,4.9,Суперцены,https://magnit.ru/product/1000125976?shopCode=694420&shopType=express,False,https://images-foodtech.magnit.ru/3leM32OIB9qOu40LkSB-ZL1R4RFu3atQ6cytqh__Mno/rs:fit:1600:1600/plain/s3://img-dostavka/catalog/uf/d5b/d5b3860da20e26d6cca16827762cbbbf/e51314e6ccb3dff141373733c262d6c0.jpeg@webp,240.0,139.0
1000230126,Чай черный Beta Tea байховый крупнолистовой 250г,222,5.0,Суперцены,https://magnit.ru/product/1000230126?shopCode=694420&shopType=express,False,https://images-foodtech.magnit.ru/UYNb5qFAPbKOkHHz2r6RVxAymcSCUOT51jzNMv0N0Hk/rs:fit:1600:1600/plain/s3://img-dostavka/catalog/uf/9d6/9d691db9d1d9c03abcf684ade819e029/370618f374d33b48100a0e7c006890c9.jpeg@webp,390.0,349.0
1000484117,Газированный напиток Кола Evervess 1л,223,4.8,Суперцены,https://magnit.ru/product/1000484117?shopCode=694420&shopType=express,False,https://images-foodtech.magnit.ru/GWOgclUaQzH4LmECaBsKDAxrb_7I07dBa0yH7HC6rOg/rs:fit:1600:1600/plain/s3://img-dostavka/catalog/uf/8ca/8cab67276b543b0c055520b557108c2b/e4d7f8bb7893350f5b777c425d34e364.jpeg@webp,119.0,
1000534916,Печенье Мария без сахара 250г,224,4.9,Суперцены,https://magnit.ru/product/1000534916?shopCode=694420&shopType=express,False,https://images-foodtech.magnit.ru/AWBE3z9sVjMfYQnsyUsyoLeWY-msQLdsBydkzLpRUto/rs:fit:1600:1600/plain/s3://img-dostavka/catalog/uf/cb0/cb0b6eb1225ac95d45b978cb798196d1/c879b69f075be15eb5cfaadfe0f20d4c.jpeg@webp,104.0,81.0
3060811108,Скумбрия натуральная в масле 250г,225,4.1,Суперцены,https://magnit.ru/product/3060811108?shopCode=694420&shopType=express,False,https://images-foodtech.magnit.ru/IpukmD8cEteT6iQfhygnqG1hPo5VFcyz5ZwYdA5A17k/rs:fit:1600:1600/plain/s3://img-dostavka/catalog/uf/b8f/b8f9de3cb19dd4ff635c432486ae0c30/c555865a6b13c81f314e558c3692631c.jpeg@webp,117.0,
1600000300,Печенье овсяное с шоколадными кусочками Посиделкино 310г,226,4.8,Суперцены,https://magnit.ru/product/1600000300?shopCode=694420&shopType=express,False,https://images-foodtech.magnit.ru/ZTcfAy5dI7GBEkKJIDkQyD6Twdxcn0izOoLrZmBXFT4/rs:fit:1600:1600/plain/s3://img-dostavka/catalog/uf/349/34909382391a5253d4b005bb706d2fe4/8f2e78d21c5804e528c2f4b32b6dfbcc.jpeg@webp,94.0,
1039990273,Чай черный Tess Pleasure с шиповником и яблоком 25пак*1.5г 37.5г,227,4.8,Суперцены,https://magnit.ru/product/1039990273?shopCode=694420&shopType=express,False,https://images-foodtech.magnit.ru/7_H4t7mrt77_yYpCeAhc-MzsUZiZbMQGPhxOHZS2b0g/rs:fit:1600:1600/plain/s3://img-dostavka/catalog/uf/eab/eab0d14955e6811f6212cd2350b2ce46/3863a21aedf7aa6df4e15520327fff13.jpeg@webp,137.0,84.0
1000418488,Влажный корм для кошек Sheba Ломтики в соусе с курицей и индейкой 75г,228,5.0,Суперцены,https://magnit.ru/product/1000418488?shopCode=694420&shopType=express,False,https://images-foodtech.magnit.ru/dMLQWSnDQmbXgUuqBK0iMz2rspgMWOYOSnunBrOhq38/rs:fit:1600:1600/plain/s3://img-dostavka/catalog/uf/122/122d7f2d91b9d76311ffa374d911cda9/ad8eb2109175f3d6c594846499693b9d.jpeg@webp,34.0,
1000572441,Напиток Фругурт кисломолочный со вкусом клубники 1% 930г,229,5.0,Суперцены,https://magnit.ru/product/1000572441?shopCode=694420&shopType=express,False,https://images-foodtech.magnit.ru/tN7Aq1iENp1XhpEvwYq_mBxH9Ah5LrGYIPNdlgINmng/rs:fit:1600:1600/plain/s3://img-dostavka/catalog/uf/d06/d06532987d155dc50d7e2c67503dd00e/bd8a28eed2c52bc0c4bb9ed3598022a7.jpeg@webp,143.0,
1000572441,Напиток Фругурт кисломолочный со вкусом клубники 1% 930г,229,5.0,Суперцены,https://magnit.ru/product/1000572441?shopCode=694420&shopType=express,False,https://images-foodtech.magnit.ru/tN7Aq1iENp1XhpEvwYq_mBxH9Ah5LrGYIPNdlgINmng/rs:fit:1600:1600/plain/s3://img-dostavka/catalog/uf/d06/d06532987d155dc50d7e2c67503dd00e/bd8a28eed2c52bc0c4bb9ed3598022a7.jpeg@webp,143.0,
1000572441,Напиток кисломолочный со вкусом клубники на йогуртовой закваске Фругурт 1% 930г,230,5.0,Суперцены,https://magnit.ru/product/1000572441?shopCode=694420&shopType=express,False,https://images-foodtech.magnit.ru/tN7Aq1iENp1XhpEvwYq_mBxH9Ah5LrGYIPNdlgINmng/rs:fit:1600:1600/plain/s3://img-dostavka/catalog/uf/d06/d06532987d155dc50d7e2c67503dd00e/bd8a28eed2c52bc0c4bb9ed3598022a7.jpeg@webp,143.0,
1000572441,Напиток кисломолочный со вкусом клубники на йогуртовой закваске Фругурт 1% 930г,230,5.0,Суперцены,https://magnit.ru/product/1000572441?shopCode=694420&shopType=express,False,https://images-foodtech.magnit.ru/tN7Aq1iENp1XhpEvwYq_mBxH9Ah5LrGYIPNdlgINmng/rs:fit:1600:1600/plain/s3://img-dostavka/catalog/uf/d06/d06532987d155dc50d7e2c67503dd00e/bd8a28eed2c52bc0c4bb9ed3598022a7.jpeg@webp,143.0,
8000047524,Наггетсы куриные Мираторг Классические 250г,231,4.8,Суперцены,https://magnit.ru/product/8000047524?shopCode=694420&shopType=express,False,https://images-foodtech.magnit.ru/lxtDnU8-EDAOK7wNR0p87yJVSpa1J1KV_xtKkuGI1SM/rs:fit:1600:1600/plain/s3://img-dostavka/catalog/uf/acf/acf7b8768b768182eee661835d70dc71/bce2e7b0e805affe4d36bb49c6c11812.jpeg@webp,238.0,
1000297796,Салат со спаржей по-корейски 200г,232,4.6,Суперцены,https://magnit.ru/product/1000297796?shopCode=694420&shopType=express,False,https://images-foodtech.magnit.ru/c_OyJwiJVeOSqIkJ6dKDdeu9IL8Hy-ms_2iIPw2nxrY/rs:fit:1600:1600/plain/s3://img-dostavka/catalog/uf/845/845d675b30079dbba0b2fefb07cafa90/552cb84f823a99996d4a9ca865ab7ae1.jpeg@webp,141.0,117.0
1000547840,Колбаски Delikaiser Охотничьи полукопченые 250г,233,4.9,Суперцены,https://magnit.ru/product/1000547840?shopCode=694420&shopType=express,False,https://images-foodtech.magnit.ru/Eo2SmCvRwb7xi2UHCvoJBQ36Ms6KmL62_L3IMZqV2zE/rs:fit:1600:1600/plain/s3://img-dostavka/catalog/uf/c95/c95ef80738eb14e5c329807ec390589a/8fbcc450dbee1abdab69efb3116208db.jpeg@webp,309.0,279.0
1000172272,Молоко детское Агуша ультрапастеризованное 3.2% 925мл,234,5.0,Суперцены,https://magnit.ru/product/1000172272?shopCode=694420&shopType=express,False,https://images-foodtech.magnit.ru/JTDh7GcheSvpwkNL4O1KCpscLkjttZBHPu05RVOAkpU/rs:fit:1600:1600/plain/s3://img-dostavka/catalog/uf/2a3/2a321d3e4b9f4da244277acdd0ca0b2f/1eaf1e09b4abca2fbec75cb9570b6590.jpeg@webp,144.0,
1000172272,Молоко детское Агуша ультрапастеризованное 3.2% 925мл,234,5.0,Суперцены,https://magnit.ru/product/1000172272?shopCode=694420&shopType=express,False,https://images-foodtech.magnit.ru/JTDh7GcheSvpwkNL4O1KCpscLkjttZBHPu05RVOAkpU/rs:fit:1600:1600/plain/s3://img-dostavka/catalog/uf/2a3/2a321d3e4b9f4da244277acdd0ca0b2f/1eaf1e09b4abca2fbec75cb9570b6590.jpeg@webp,144.0,
1000172272,Молоко детское с 3 лет Агуша 3.2% 925мл,235,5.0,Суперцены,https://magnit.ru/product/1000172272?shopCode=694420&shopType=express,False,https://images-foodtech.magnit.ru/JTDh7GcheSvpwkNL4O1KCpscLkjttZBHPu05RVOAkpU/rs:fit:1600:1600/plain/s3://img-dostavka/catalog/uf/2a3/2a321d3e4b9f4da244277acdd0ca0b2f/1eaf1e09b4abca2fbec75cb9570b6590.jpeg@webp,144.0,
1000172272,Молоко детское с 3 лет Агуша 3.2% 925мл,235,5.0,Суперцены,https://magnit.ru/product/1000172272?shopCode=694420&shopType=express,False,https://images-foodtech.magnit.ru/JTDh7GcheSvpwkNL4O1KCpscLkjttZBHPu05RVOAkpU/rs:fit:1600:1600/plain/s3://img-dostavka/catalog/uf/2a3/2a321d3e4b9f4da244277acdd0ca0b2f/1eaf1e09b4abca2fbec75cb9570b6590.jpeg@webp,144.0,
1000164307,Креветки Бухта изобилия Королевские очищенные варено-мороженые 300г,236,4.8,Суперцены,https://magnit.ru/product/1000164307?shopCode=694420&shopType=express,False,https://images-foodtech.magnit.ru/5VvoFOjc5oh2R0SpBjhKh-grETGHA0AaTkVL8gFAMDU/rs:fit:1600:1600/plain/s3://img-dostavka/catalog/uf/76b/76b0a0a3fecedcca24e675f46baa060a/651355c5faad6a20c30407d0d3bbe29e.jpeg@webp,579.0,499.0
1000570879,Креветка Agama королевская очищенная Для салата крупная свежемороженая 300г,237,5.0,Суперцены,https://magnit.ru/product/1000570879?shopCode=694420&shopType=express,False,https://images-foodtech.magnit.ru/FbYNLWYhEEF5eng4lLL-A52cHh4IcwD4xzCk3DfyaT4/rs:fit:1600:1600/plain/s3://img-dostavka/catalog/uf/1bf/1bfa5e9acf56348fdfa22ad7a9ce9a76/4fa663a02f76c9c92ee5d1195c65f9ae.jpeg@webp,799.0,629.0
1000567366,Нектар Добрый Мандарин-апельсин 1л,238,4.9,Суперцены,https://magnit.ru/product/1000567366?shopCode=694420&shopType=express,False,https://images-foodtech.magnit.ru/Gd_GgT3kk9LE-VlxiNMunSlZ4kcSR4r_X68zn6yFwN4/rs:fit:1600:1600/plain/s3://img-dostavka/catalog/uf/47b/47bf0f2e8ed68d90e1c121208053213e/7428d3226524f5003924b281628abd5e.jpeg@webp,154.0,
1000487820,Кетчуп Томатный Pikador 300г,239,4.8,Суперцены,https://magnit.ru/product/1000487820?shopCode=694420&shopType=express,False,https://images-foodtech.magnit.ru/JF6g8zTAd3D7qBQDZQEjUo2zpx4O1SnX4yLnvU5HN1A/rs:fit:1600:1600/plain/s3://img-dostavka/catalog/uf/4b3/4b365f52e423bff522be9b262de43d03/b3b33d941136b94f5ba0a9bf19e0873a.jpeg@webp,125.0,96.0
1000385200,Питьевой йогурт со вкусом клубники и банана с 8 месяцев Агуша 180г,240,5.0,Суперцены,https://magnit.ru/product/1000385200?shopCode=694420&shopType=express,False,https://images-foodtech.magnit.ru/ipWzvVeUadLqE2idH89AVgugQCmc1hTnK6S1-LT4EHE/rs:fit:1600:1600/plain/s3://img-dostavka/catalog/uf/f99/f999e76c2683243a85741aab4e04d478/4ade6a8ab8f799c9b8e8bad068679085.jpeg@webp,45.5,
1000385200,Питьевой йогурт со вкусом клубники и банана с 8 месяцев Агуша 180г,240,5.0,Суперцены,https://magnit.ru/product/1000385200?shopCode=694420&shopType=express,False,https://images-foodtech.magnit.ru/ipWzvVeUadLqE2idH89AVgugQCmc1hTnK6S1-LT4EHE/rs:fit:1600:1600/plain/s3://img-dostavka/catalog/uf/f99/f999e76c2683243a85741aab4e04d478/4ade6a8ab8f799c9b8e8bad068679085.jpeg@webp,45.5,
1000385200,Йогурт Агуша Клубника банан 2.7% 180г,241,5.0,Суперцены,https://magnit.ru/product/1000385200?shopCode=694420&shopType=express,False,https://images-foodtech.magnit.ru/ipWzvVeUadLqE2idH89AVgugQCmc1hTnK6S1-LT4EHE/rs:fit:1600:1600/plain/s3://img-dostavka/catalog/uf/f99/f999e76c2683243a85741aab4e04d478/4ade6a8ab8f799c9b8e8bad068679085.jpeg@webp,45.5,
1000385200,Йогурт Агуша Клубника банан 2.7% 180г,241,5.0,Суперцены,https://magnit.ru/product/1000385200?shopCode=694420&shopType=express,False,https://images-foodtech.magnit.ru/ipWzvVeUadLqE2idH89AVgugQCmc1hTnK6S1-LT4EHE/rs:fit:1600:1600/plain/s3://img-dostavka/catalog/uf/f99/f999e76c2683243a85741aab4e04d478/4ade6a8ab8f799c9b8e8bad068679085.jpeg@webp,45.5,
1000205491,Печенье Утреннее со злаками и йогуртовой начинкой Belvita 253г,242,5.0,Суперцены,https://magnit.ru/product/1000205491?shopCode=694420&shopType=express,False,https://images-foodtech.magnit.ru/IpAgnsago_t_BoRR2zcQyoo70MRKLBpo1oNxCHivjss/rs:fit:1600:1600/plain/s3://img-dostavka/catalog/pim/goods/1000205491/image/9114b8cecd379c8b739af24c7bc600ec.jpeg@webp,169.0,139.0
1000320607,Котлеты Ложкаревъ По-домашнему 400г,243,4.7,Суперцены,https://magnit.ru/product/1000320607?shopCode=694420&shopType=express,False,https://images-foodtech.magnit.ru/bfp_SZAfUHxqJmceA9TN976PsCiZgsPYU-dkURqkwT0/rs:fit:1600:1600/plain/s3://img-dostavka/catalog/uf/030/030820397fd2ed49ad2518840b01f630/aca4e936544af19f3abd3530bacdcd76.jpeg@webp,111.5,109.0
8000019667,Джем Махеевъ Тропические фрукты 300г,244,4.9,Суперцены,https://magnit.ru/product/8000019667?shopCode=694420&shopType=express,False,https://images-foodtech.magnit.ru/Kzl4zkVH1kh7vIic5pnLTTQvXB9ETNvMFHAaQp0x0hA/rs:fit:1600:1600/plain/s3://img-dostavka/catalog/uf/5f1/5f192cfa39262fb10e5c4447eea84d57/c80e6b108494a3cef462f37311e5a2b3.jpeg@webp,171.0,153.0
1000331172,Колбаса Дым Дымыч Отличная сырокопченая полусухая 250г,245,4.8,Суперцены,https://magnit.ru/product/1000331172?shopCode=694420&shopType=express,False,https://images-foodtech.magnit.ru/mgqME1NKJ4rm6wH_otxJZZusmj-7b79qtkirjUGnHP8/rs:fit:1600:1600/plain/s3://img-dostavka/catalog/uf/dac/dac83dc98936100ee798d745c484579a/223007aee99da0b9495942b4e1438063.jpeg@webp,242.0,179.0
1000122984,Сыр творожный Violette с креветками 70% 140г,246,4.9,Суперцены,https://magnit.ru/product/1000122984?shopCode=694420&shopType=express,False,https://images-foodtech.magnit.ru/i4_1EfkgzIsccYyY3jfhe2KGmxb7nWR_npx1O_hM0Lw/rs:fit:1600:1600/plain/s3://img-dostavka/catalog/uf/6fb/6fb1dab7d4bc4ae825d5156c74120f1b/1ba1dcd0a31c719292698f09e40ff3cf.jpeg@webp,135.0,109.0
1000421691,Сосиски Клинский Молочные 470г,247,4.8,Суперцены,https://magnit.ru/product/1000421691?shopCode=694420&shopType=express,False,https://images-foodtech.magnit.ru/I0YOMI8i1pVn0Ocv1zJhPnFcZo0hFTZ3_cuY-_je8rk/rs:fit:1600:1600/plain/s3://img-dostavka/catalog/uf/d4b/d4bb097792ab52405803ddf7a8dba214/a0a66ffa480b5685e382d226e381dc9c.jpeg@webp,390.0,259.0
9858700004,Напиток Черноголовка дюшес 2л,248,4.9,Суперцены,https://magnit.ru/product/9858700004?shopCode=694420&shopType=express,False,https://images-foodtech.magnit.ru/OTkcDGpv33tfMU1WzV5qBap_qsjvIz8POgMKD92HIzo/rs:fit:1600:1600/plain/s3://img-dostavka/catalog/uf/e74/e74c39673cc2687e1ec1189aa076b5d3/c676948530ebe999480956adb57d734d.jpeg@webp,134.0,142.0
1000493764,Йогурт густой со вкусом вишни Фругурт 2% 240г,249,4.9,Суперцены,https://magnit.ru/product/1000493764?shopCode=694420&shopType=express,False,https://images-foodtech.magnit.ru/fXZ1lzjOaL-Wm2TjuCvl-jHxQ5D4khirj3Ja5hFS8fE/rs:fit:1600:1600/plain/s3://img-dostavka/catalog/uf/e7c/e7c507cefd44022e898cd5bd3bc9baf9/43db3efc1695d66bc8ed357f7a29faf5.jpeg@webp,57.0,
1000493764,Йогурт густой со вкусом вишни Фругурт 2% 240г,249,4.9,Суперцены,https://magnit.ru/product/1000493764?shopCode=694420&shopType=express,False,https://images-foodtech.magnit.ru/fXZ1lzjOaL-Wm2TjuCvl-jHxQ5D4khirj3Ja5hFS8fE/rs:fit:1600:1600/plain/s3://img-dostavka/catalog/uf/e7c/e7c507cefd44022e898cd5bd3bc9baf9/43db3efc1695d66bc8ed357f7a29faf5.jpeg@webp,57.0,
1000493764,Йогурт Фругурт Вишня 2% 240г,250,4.9,Суперцены,https://magnit.ru/product/1000493764?shopCode=694420&shopType=express,False,https://images-foodtech.magnit.ru/fXZ1lzjOaL-Wm2TjuCvl-jHxQ5D4khirj3Ja5hFS8fE/rs:fit:1600:1600/plain/s3://img-dostavka/catalog/uf/e7c/e7c507cefd44022e898cd5bd3bc9baf9/43db3efc1695d66bc8ed357f7a29faf5.jpeg@webp,57.0,
1000493764,Йогурт Фругурт Вишня 2% 240г,250,4.9,Суперцены,https://magnit.ru/product/1000493764?shopCode=694420&shopType=express,False,https://images-foodtech.magnit.ru/fXZ1lzjOaL-Wm2TjuCvl-jHxQ5D4khirj3Ja5hFS8fE/rs:fit:1600:1600/plain/s3://img-dostavka/catalog/uf/e7c/e7c507cefd44022e898cd5bd3bc9baf9/43db3efc1695d66bc8ed357f7a29faf5.jpeg@webp,57.0,
1000583499,Питьевой йогурт со вкусом манго и малины 100% натуральные ингредиенты + Mg и B6 Neo 1.9% 260г,251,5.0,Суперцены,https://magnit.ru/product/1000583499?shopCode=694420&shopType=express,False,https://images-foodtech.magnit.ru/nXr2nkwXYxEr4DO4gyl8MJcQkDyldLinQZxIHDOMZcA/rs:fit:1600:1600/plain/s3://img-dostavka/catalog/uf/fdd/fdda81250a71c78a3f336472f791e63a/0f3398c10d5f9a7600d991c941d82db1.jpeg@webp,86.5,68.0
1000583499,Питьевой йогурт со вкусом манго и малины 100% натуральные ингредиенты + Mg и B6 Neo 1.9% 260г,251,5.0,Суперцены,https://magnit.ru/product/1000583499?shopCode=694420&shopType=express,False,https://images-foodtech.magnit.ru/nXr2nkwXYxEr4DO4gyl8MJcQkDyldLinQZxIHDOMZcA/rs:fit:1600:1600/plain/s3://img-dostavka/catalog/uf/fdd/fdda81250a71c78a3f336472f791e63a/0f3398c10d5f9a7600d991c941d82db1.jpeg@webp,86.5,68.0
1000583499,Йогурт Манго-малина Neo 1.5% 260г,252,5.0,Суперцены,https://magnit.ru/product/1000583499?shopCode=694420&shopType=express,False,https://images-foodtech.magnit.ru/nXr2nkwXYxEr4DO4gyl8MJcQkDyldLinQZxIHDOMZcA/rs:fit:1600:1600/plain/s3://img-dostavka/catalog/uf/fdd/fdda81250a71c78a3f336472f791e63a/0f3398c10d5f9a7600d991c941d82db1.jpeg@webp,86.5,68.0
1000583499,Йогурт Манго-малина Neo 1.5% 260г,252,5.0,Суперцены,https://magnit.ru/product/1000583499?shopCode=694420&shopType=express,False,https://images-foodtech.magnit.ru/nXr2nkwXYxEr4DO4gyl8MJcQkDyldLinQZxIHDOMZcA/rs:fit:1600:1600/plain/s3://img-dostavka/catalog/uf/fdd/fdda81250a71c78a3f336472f791e63a/0f3398c10d5f9a7600d991c941d82db1.jpeg@webp,86.5,68.0
1000081132,Батончик шоколадный с карамелью и нугой Mars Max 81г,253,5.0,Суперцены,https://magnit.ru/product/1000081132?shopCode=694420&shopType=express,False,https://images-foodtech.magnit.ru/ncieKVVBPG-3yfepn9YwT8p3-Cl1pUvFdQNzjYyitQA/rs:fit:1600:1600/plain/s3://img-dostavka/catalog/uf/f7d/f7d8b4e8d23f316d61a3e32b516909fe/6f0e1d757a3a1c14d9e87915ea966c17.jpeg@webp,89.0,
1000379563,Влажный корм для стерилизованных кошек Perfect Fit Паштет с индейкой 75г,254,4.9,Суперцены,https://magnit.ru/product/1000379563?shopCode=694420&shopType=express,False,https://images-foodtech.magnit.ru/YvDKZ2io1O2871yLV4Anlc3rWBVHVkeTjZ7VdafaWBE/rs:fit:1600:1600/plain/s3://img-dostavka/catalog/uf/d60/d608ca81e424799f826f3ef8bf203f71/d2d57fbb11caf827ee711545cde723b6.jpeg@webp,32.0,31.0
1000203629,Чипсы Lays Рифлёные Сметана и лук 225г,255,4.9,Суперцены,https://magnit.ru/product/1000203629?shopCode=694420&shopType=express,False,https://images-foodtech.magnit.ru/gWC-YWPS59NY1uzOxJ0rayIILlUloBIW0SoBHys9n_Y/rs:fit:1600:1600/plain/s3://img-dostavka/catalog/uf/8a4/8a460c71fb584e4c7086c289726fd0f2/c0a2390535c54b2428c5a23e8d197396.jpeg@webp,259.0,
1000418486,Влажный корм для кошек Sheba Ломтики в соусе с говядиной 75г,256,4.9,Суперцены,https://magnit.ru/product/1000418486?shopCode=694420&shopType=express,False,https://images-foodtech.magnit.ru/5nuN0Io_-X1XZp6mI47p0qTnUJb9BgDAkV2zsyXCe38/rs:fit:1600:1600/plain/s3://img-dostavka/catalog/uf/773/7734a1e30213b5485e0afa4206826f19/d1d1605b4dac8f436ab84de94db545dc.jpeg@webp,45.0,34.0
1000385207,Ряженка детская со вкусом клубники с 12 месяцев Агуша 2.9% 180г,257,5.0,Суперцены,https://magnit.ru/product/1000385207?shopCode=694420&shopType=express,False,https://images-foodtech.magnit.ru/oeMxSpJf-4dT7bGNn902VNLBeGoueUXYIbwzmCRJtTI/rs:fit:1600:1600/plain/s3://img-dostavka/catalog/uf/96c/96cdf1aa7f72015b0d2c6c14e638110c/541feae47502c0941c13760634d440fe.jpeg@webp,45.5,
1000152340,Шоколад молочный карамель арахис Россия щедрая душа 82г,258,4.9,Суперцены,https://magnit.ru/product/1000152340?shopCode=694420&shopType=express,False,https://images-foodtech.magnit.ru/njlFrG2llaBvyse0dP9u8i1IgpWJbtatgrKCHQLvwl8/rs:fit:1600:1600/plain/s3://img-dostavka/catalog/uf/3a3/3a30cc7785e367bd2e7c66f7c1ccdd4d/51e1c1549df2bab8abbfec458b270f3d.jpeg@webp,89.0,79.0
1000494816,Йогурт Фругурт Клубника-Малина 2% 240г,259,4.8,Суперцены,https://magnit.ru/product/1000494816?shopCode=694420&shopType=express,False,https://images-foodtech.magnit.ru/8kiM7p2wKgOU5Yp1s-BQ2WBFZkxu8HDT_VBspg032FQ/rs:fit:1600:1600/plain/s3://img-dostavka/catalog/uf/5df/5df41f2cf01cea14ae834e23798d301f/c9e8f88751906fed197e0597841f863a.jpeg@webp,79.0,57.0
1000494816,Йогурт Фругурт Клубника-Малина 2% 240г,259,4.8,Суперцены,https://magnit.ru/product/1000494816?shopCode=694420&shopType=express,False,https://images-foodtech.magnit.ru/8kiM7p2wKgOU5Yp1s-BQ2WBFZkxu8HDT_VBspg032FQ/rs:fit:1600:1600/plain/s3://img-dostavka/catalog/uf/5df/5df41f2cf01cea14ae834e23798d301f/c9e8f88751906fed197e0597841f863a.jpeg@webp,79.0,57.0
1000494816,Йогурт густой со вкусом клубники и малины Фругурт 2% 240г,260,4.8,Суперцены,https://magnit.ru/product/1000494816?shopCode=694420&shopType=express,False,https://images-foodtech.magnit.ru/8kiM7p2wKgOU5Yp1s-BQ2WBFZkxu8HDT_VBspg032FQ/rs:fit:1600:1600/plain/s3://img-dostavka/catalog/uf/5df/5df41f2cf01cea14ae834e23798d301f/c9e8f88751906fed197e0597841f863a.jpeg@webp,79.0,57.0
1000494816,Йогурт густой со вкусом клубники и малины Фругурт 2% 240г,260,4.8,Суперцены,https://magnit.ru/product/1000494816?shopCode=694420&shopType=express,False,https://images-foodtech.magnit.ru/8kiM7p2wKgOU5Yp1s-BQ2WBFZkxu8HDT_VBspg032FQ/rs:fit:1600:1600/plain/s3://img-dostavka/catalog/uf/5df/5df41f2cf01cea14ae834e23798d301f/c9e8f88751906fed197e0597841f863a.jpeg@webp,79.0,57.0
1000464583,Чиабатта с ветчиной и горчичным соусом 190г,261,4.7,Суперцены,https://magnit.ru/product/1000464583?shopCode=694420&shopType=express,False,https://images-foodtech.magnit.ru/OhXz4K05DaVK57jesguIKXBbMR41K3Dfh8F_arpqcHY/rs:fit:1600:1600/plain/s3://img-dostavka/catalog/uf/a38/a38b7301ed161aee3f12745483d12156/a8fcba99fa430e288f8d92a937abaf52.png@webp,209.0,
1000493765,Йогурт Фругурт Персик маракуйя 2% 240г,262,4.7,Суперцены,https://magnit.ru/product/1000493765?shopCode=694420&shopType=express,False,https://images-foodtech.magnit.ru/ZpcsSxz4t2aHNw3wmukoh2e2mN5c_UCefkjJ4n8dhT8/rs:fit:1600:1600/plain/s3://img-dostavka/catalog/uf/be8/be8a2d7da95f53ca292ebeba712abadf/d987cf3fe7540fbdf51ecbbcab6bd891.jpeg@webp,57.0,
1000493765,Йогурт Фругурт Персик маракуйя 2% 240г,262,4.7,Суперцены,https://magnit.ru/product/1000493765?shopCode=694420&shopType=express,False,https://images-foodtech.magnit.ru/ZpcsSxz4t2aHNw3wmukoh2e2mN5c_UCefkjJ4n8dhT8/rs:fit:1600:1600/plain/s3://img-dostavka/catalog/uf/be8/be8a2d7da95f53ca292ebeba712abadf/d987cf3fe7540fbdf51ecbbcab6bd891.jpeg@webp,57.0,
1000493765,Йогурт густой со вкусом персика и маракуйи Фругурт 2% 240г,263,4.7,Суперцены,https://magnit.ru/product/1000493765?shopCode=694420&shopType=express,False,https://images-foodtech.magnit.ru/ZpcsSxz4t2aHNw3wmukoh2e2mN5c_UCefkjJ4n8dhT8/rs:fit:1600:1600/plain/s3://img-dostavka/catalog/uf/be8/be8a2d7da95f53ca292ebeba712abadf/d987cf3fe7540fbdf51ecbbcab6bd891.jpeg@webp,57.0,
1000493765,Йогурт густой со вкусом персика и маракуйи Фругурт 2% 240г,263,4.7,Суперцены,https://magnit.ru/product/1000493765?shopCode=694420&shopType=express,False,https://images-foodtech.magnit.ru/ZpcsSxz4t2aHNw3wmukoh2e2mN5c_UCefkjJ4n8dhT8/rs:fit:1600:1600/plain/s3://img-dostavka/catalog/uf/be8/be8a2d7da95f53ca292ebeba712abadf/d987cf3fe7540fbdf51ecbbcab6bd891.jpeg@webp,57.0,
8000044702,Злаковый батончик с малиной без сахара Soj Kerlli 45г,264,4.7,Суперцены,https://magnit.ru/product/8000044702?shopCode=694420&shopType=express,False,https://images-foodtech.magnit.ru/sDEOgp3V1XyVfMqxq3l8QztPD7sc-7YUGgnIC7AsPcQ/rs:fit:1600:1600/plain/s3://img-dostavka/catalog/uf/749/749091d8d66f8462fed0efd8caeb8e32/84f853104619e8e070a634ff0a5ba86d.jpeg@webp,56.0,
1000027790,Пюре из говядины с 6 месяцев Фрутоняня 80г,265,5.0,Суперцены,https://magnit.ru/product/1000027790?shopCode=694420&shopType=express,False,https://images-foodtech.magnit.ru/aojtmA2jFGkdJbEvLZ67ByDX5ichbGWk2F9nOS9HmHM/rs:fit:1600:1600/plain/s3://img-dostavka/catalog/uf/be8/be8c59341538622c760907f8dbe052fd/70fc2654290d22cf981d4def9fb047ce.jpeg@webp,92.0,
1000474837,Колбаса Великолукский МК Докторская вареная 400г,266,4.7,Суперцены,https://magnit.ru/product/1000474837?shopCode=694420&shopType=express,False,https://images-foodtech.magnit.ru/ga_SjLcpKgDeZHrjgnSLM2DtMYHCdcEi38El_wFR1S8/rs:fit:1600:1600/plain/s3://img-dostavka/catalog/uf/a53/a53be8165bc385e238fed12f74dedebe/47ff3eef2b84dc3d575d47e81c02fdde.jpeg@webp,249.0,227.0
1000177254,Влажный корм для кошек Kitekat Сочная говядина в соусе 85г,267,5.0,Суперцены,https://magnit.ru/product/1000177254?shopCode=694420&shopType=express,False,https://images-foodtech.magnit.ru/pAudE9ytLnWfVLAuJyh_m3IlkXw1ttudob0ozl2VTHI/rs:fit:1600:1600/plain/s3://img-dostavka/catalog/uf/775/775b84df01d313066a2466439f2f7d36/b36422cda3a75ced9783d3c7f5bf55f4.jpeg@webp,23.0,
1000155121,Маслины Бондюэль без косточки 300г,268,5.0,Суперцены,https://magnit.ru/product/1000155121?shopCode=694420&shopType=express,False,https://images-foodtech.magnit.ru/I47uHJmYaZUfFgVnzT15JFeQf8lKL7Fc7dwZgZgpvWU/rs:fit:1600:1600/plain/s3://img-dostavka/catalog/uf/714/714a668c989cb8db0bd71500293f2ec9/915a2815d13aa07bf6f9ac8d1324a82a.jpeg@webp,240.0,169.0
1812432013,Творог детский Груша Агуша с 6 месяцев 3.9% 100г,269,4.9,Суперцены,https://magnit.ru/product/1812432013?shopCode=694420&shopType=express,False,https://images-foodtech.magnit.ru/Ae77BXVc8Uuc5_BVcIJ8Ku9mm0e9Foaoe7P_g0ZNJUY/rs:fit:1600:1600/plain/s3://img-dostavka/catalog/uf/dae/daee9a18637bef3ed3141e6121248cf0/d870c897720953637ae9e74ff451d439.jpeg@webp,38.0,
1812432013,Творог детский Груша Агуша с 6 месяцев 3.9% 100г,269,4.9,Суперцены,https://magnit.ru/product/1812432013?shopCode=694420&shopType=express,False,https://images-foodtech.magnit.ru/Ae77BXVc8Uuc5_BVcIJ8Ku9mm0e9Foaoe7P_g0ZNJUY/rs:fit:1600:1600/plain/s3://img-dostavka/catalog/uf/dae/daee9a18637bef3ed3141e6121248cf0/d870c897720953637ae9e74ff451d439.jpeg@webp,38.0,
1812432013,Творог детский Агуша фруктовый Груша 3.9% 100г,270,4.9,Суперцены,https://magnit.ru/product/1812432013?shopCode=694420&shopType=express,False,https://images-foodtech.magnit.ru/Ae77BXVc8Uuc5_BVcIJ8Ku9mm0e9Foaoe7P_g0ZNJUY/rs:fit:1600:1600/plain/s3://img-dostavka/catalog/uf/dae/daee9a18637bef3ed3141e6121248cf0/d870c897720953637ae9e74ff451d439.jpeg@webp,38.0,
1812432013,Творог детский Агуша фруктовый Груша 3.9% 100г,270,4.9,Суперцены,https://magnit.ru/product/1812432013?shopCode=694420&shopType=express,False,https://images-foodtech.magnit.ru/Ae77BXVc8Uuc5_BVcIJ8Ku9mm0e9Foaoe7P_g0ZNJUY/rs:fit:1600:1600/plain/s3://img-dostavka/catalog/uf/dae/daee9a18637bef3ed3141e6121248cf0/d870c897720953637ae9e74ff451d439.jpeg@webp,38.0,
1000444213,Какао-напиток Хрутка 250г,271,4.9,Суперцены,https://magnit.ru/product/1000444213?shopCode=694420&shopType=express,False,https://images-foodtech.magnit.ru/udK4NIxiAMGc0QtqWCI8yT1pseXK5iWyNpIV3DAQp0c/rs:fit:1600:1600/plain/s3://img-dostavka/catalog/uf/8b2/8b27a8bb6f1fdbbdb431b9b06782a526/122b6bb09522a6039f740920fe96f66d.jpeg@webp,254.0,219.0
1919991368,Говядина Барс тушеная высший сорт 325г,272,4.9,Суперцены,https://magnit.ru/product/1919991368?shopCode=694420&shopType=express,False,https://images-foodtech.magnit.ru/PUjg8L3rlGGU_PILXoYzFbiA4eBn0QWUHPIJaErAWy0/rs:fit:1600:1600/plain/s3://img-dostavka/catalog/uf/7d7/7d7ceec93d59af0ce8df254bd549694f/424079cb51b88f9f27afb96666fa78e5.jpeg@webp,379.0,
1000217857,Пюре яблоко-клубника-малина с 6 месяцев Агуша 90г,273,4.9,Суперцены,https://magnit.ru/product/1000217857?shopCode=694420&shopType=express,False,https://images-foodtech.magnit.ru/FZ2GvHBuR7nvhgYhbXlIbvo65083VRjJepBq1w-wWQ8/rs:fit:1600:1600/plain/s3://img-dostavka/catalog/uf/356/3560213b3b3d16ff05c5e3ea652d6c71/258172b67832f7c5ac225d4e0ac503d3.jpeg@webp,59.0,49.0
1000131014,Колбаса Папа может Сервелат Финский варено-копченый 420г,274,4.8,Суперцены,https://magnit.ru/product/1000131014?shopCode=694420&shopType=express,False,https://images-foodtech.magnit.ru/gZF1OyNIGfXsw3DeL-bTrc2GZ-iuG4Ksp9DI395J_CI/rs:fit:1600:1600/plain/s3://img-dostavka/catalog/uf/52c/52cf69106edac637fc9e6365c4942be5/cd5a1d228bee18beb4e5424082b16d47.jpeg@webp,294.0,199.0
1000383833,Молоко сгущенное Рогачевъ цельное 8.5% 270г,275,4.9,Суперцены,https://magnit.ru/product/1000383833?shopCode=694420&shopType=express,False,https://images-foodtech.magnit.ru/d8CjRN7XdLFwLdRHC0nXTEdefexc2h_GDGTOOIHaaN8/rs:fit:1600:1600/plain/s3://img-dostavka/catalog/uf/4ee/4ee751cddd6128de6a16b83ff16d6cf7/506494e6ccd6f1619a847b5cefa5fbb2.jpeg@webp,164.0,
1000301426,Влажный корм Purina ONE для стерилизованных кошек с курицей и зеленой фасолью 75г,276,4.9,Суперцены,https://magnit.ru/product/1000301426?shopCode=694420&shopType=express,False,https://images-foodtech.magnit.ru/Labyt_qSl0-rdgdQFPlC_P0YS7W5DoX0y9aQ0X_zGwo/rs:fit:1600:1600/plain/s3://img-dostavka/catalog/uf/1d5/1d588b16ec259c8038363159d28828e9/5f8589eaeefacb9a0826a08f0703c573.jpeg@webp,30.0,31.0
9899996140,Сок Сады Придонья Яблоко-груша с мякотью 1л,277,4.9,Суперцены,https://magnit.ru/product/9899996140?shopCode=694420&shopType=express,False,https://images-foodtech.magnit.ru/ZRWClzaua5fACURuSZHflIpLomJ0Q2jD_FtXSnRgII8/rs:fit:1600:1600/plain/s3://img-dostavka/catalog/uf/eb1/eb199ace559688f4344ba14abc2a6cb1/50efc66ab9ac440d6250fbfde3d64d49.jpeg@webp,99.0,99.0
1000269497,Влажный корм для взрослых кошек Суп с курицей Felix 48г,278,4.9,Суперцены,https://magnit.ru/product/1000269497?shopCode=694420&shopType=express,False,https://images-foodtech.magnit.ru/IJKwK3ETVUu8LGYt0aMGoUWz63vptTcD-0z6uQIMBEY/rs:fit:1600:1600/plain/s3://img-dostavka/catalog/uf/f50/f50f85e740b35b5f2725c95bb30e6d55/b5ddbcca292e17164b43a0f5cc798f02.jpeg@webp,22.0,
1000084599,Трубочки вафельные Ореховые Яшкино 190г,279,4.8,Суперцены,https://magnit.ru/product/1000084599?shopCode=694420&shopType=express,False,https://images-foodtech.magnit.ru/M4620IyiUhXBah3OyBEvUKj7Le0Mig6DHMnknODXPgk/rs:fit:1600:1600/plain/s3://img-dostavka/catalog/uf/c23/c230883a8883842f087b664fefbf4859/8423ea0cbb7e82dbc9ca88b5144e7665.jpeg@webp,99.0,
1000453891,Влажный корм для котят Аппетитные кусочки с курицей в желе Felix 75г,280,5.0,Суперцены,https://magnit.ru/product/1000453891?shopCode=694420&shopType=express,False,https://images-foodtech.magnit.ru/aws9GRZpkNXWwlZLrqO33Nun1F-r8luEkaH0cmooDQc/rs:fit:1600:1600/plain/s3://img-dostavka/catalog/uf/550/550a4ced904773ab5e282ef99ff0b523/667277f382a2446cfb324e0087e1e5ba.jpeg@webp,29.0,26.0
1000457186,Напиток Добрый Лимон-лайм 1.5л,281,4.9,Суперцены,https://magnit.ru/product/1000457186?shopCode=694420&shopType=express,False,https://images-foodtech.magnit.ru/gVSWVccibtGR-9auSObvWm3RDShoE43CMH8bPpzFOzU/rs:fit:1600:1600/plain/s3://img-dostavka/catalog/uf/23c/23c52f02f28298553da60f23519f4037/f50e75c81e3f2397b606c49986377c7b.jpeg@webp,139.0,
1000453884,Влажный корм для кошек Аппетитные кусочки с курицей в желе Felix 75г,282,4.8,Суперцены,https://magnit.ru/product/1000453884?shopCode=694420&shopType=express,False,https://images-foodtech.magnit.ru/yGdkO2SirSZWy4kVDlpu8Sj_b1uM748BMYNYZOq0hpo/rs:fit:1600:1600/plain/s3://img-dostavka/catalog/uf/f24/f2406a1611850de7b29b9b3245b8d1c1/1338eb966da74eb90217d2136c3d34af.jpeg@webp,29.0,26.0
1000385205,Ряженка детская с 12 месяцев Агуша 2.9% 180г,283,4.9,Суперцены,https://magnit.ru/product/1000385205?shopCode=694420&shopType=express,False,https://images-foodtech.magnit.ru/F5lpHAf30vTTW2gySKkTEa_piK32g6gQmzlD13Ey8LM/rs:fit:1600:1600/plain/s3://img-dostavka/catalog/uf/924/924a2f725f192c714bdfd4745be3116a/197631acaeff3faaf0bc4744758cd372.jpeg@webp,45.5,
1000179651,Шпроты Вкусные консервы Крупные в масле 240г,284,4.8,Суперцены,https://magnit.ru/product/1000179651?shopCode=694420&shopType=express,False,https://images-foodtech.magnit.ru/iFwMfE_Akx7gtAzGtnchJyom2E4BkZKxqkoQGdNox-E/rs:fit:1600:1600/plain/s3://img-dostavka/catalog/uf/4b0/4b00f8ed487742544509c3661e938ff5/784109bc3b1fc7ebe600e63ba07613c0.jpeg@webp,189.0,
1000363059,Влажный корм для кошек Желе с говядиной и ягненком Whiskas 75г,285,4.9,Суперцены,https://magnit.ru/product/1000363059?shopCode=694420&shopType=express,False,https://images-foodtech.magnit.ru/jGCkP_b0NgBMDt7V3Cpkbv7lLBK4XXAs86bLWXqVdm8/rs:fit:1600:1600/plain/s3://img-dostavka/catalog/pim/goods/1000363059/image/c99a8b60468d06963c2da6ff18f63ef3.jpeg@webp,28.0,27.0
1000385199,Питьевой йогурт со вкусом яблока и груши с 8 месяцев Агуша 180г,286,4.9,Суперцены,https://magnit.ru/product/1000385199?shopCode=694420&shopType=express,False,https://images-foodtech.magnit.ru/ipz7RMEBvti-sOY_DRMRGatgJ6Sp8fN0bbmjDHqFXpE/rs:fit:1600:1600/plain/s3://img-dostavka/catalog/uf/e05/e0551073ea99702b35fd92daee3f48c8/2d11b3cc0d422c98721a3e4b7f2450c4.jpeg@webp,45.5,
1000385199,Питьевой йогурт со вкусом яблока и груши с 8 месяцев Агуша 180г,286,4.9,Суперцены,https://magnit.ru/product/1000385199?shopCode=694420&shopType=express,False,https://images-foodtech.magnit.ru/ipz7RMEBvti-sOY_DRMRGatgJ6Sp8fN0bbmjDHqFXpE/rs:fit:1600:1600/plain/s3://img-dostavka/catalog/uf/e05/e0551073ea99702b35fd92daee3f48c8/2d11b3cc0d422c98721a3e4b7f2450c4.jpeg@webp,45.5,
1000385199,Йогурт Агуша Яблоко Груша 2.7% 180г,287,4.9,Суперцены,https://magnit.ru/product/1000385199?shopCode=694420&shopType=express,False,https://images-foodtech.magnit.ru/ipz7RMEBvti-sOY_DRMRGatgJ6Sp8fN0bbmjDHqFXpE/rs:fit:1600:1600/plain/s3://img-dostavka/catalog/uf/e05/e0551073ea99702b35fd92daee3f48c8/2d11b3cc0d422c98721a3e4b7f2450c4.jpeg@webp,45.5,
1000385199,Йогурт Агуша Яблоко Груша 2.7% 180г,287,4.9,Суперцены,https://magnit.ru/product/1000385199?shopCode=694420&shopType=express,False,https://images-foodtech.magnit.ru/ipz7RMEBvti-sOY_DRMRGatgJ6Sp8fN0bbmjDHqFXpE/rs:fit:1600:1600/plain/s3://img-dostavka/catalog/uf/e05/e0551073ea99702b35fd92daee3f48c8/2d11b3cc0d422c98721a3e4b7f2450c4.jpeg@webp,45.5,
3010420008,Молочный коктейль Чудо Шоколад 3% 200мл,288,4.7,Суперцены,https://magnit.ru/product/3010420008?shopCode=694420&shopType=express,False,https://images-foodtech.magnit.ru/IGZwGtTi2W6iJg375vqJ2KyRNF61RQWeStcfprmVnA4/rs:fit:1600:1600/plain/s3://img-dostavka/catalog/uf/7ba/7ba04a184e9efe549d03107525733e69/6da4bab9edac1ce610f48343e21de8be.jpeg@webp,59.0,47.0
3010420008,Молочный коктейль Чудо Шоколад 3% 200мл,288,4.7,Суперцены,https://magnit.ru/product/3010420008?shopCode=694420&shopType=express,False,https://images-foodtech.magnit.ru/IGZwGtTi2W6iJg375vqJ2KyRNF61RQWeStcfprmVnA4/rs:fit:1600:1600/plain/s3://img-dostavka/catalog/uf/7ba/7ba04a184e9efe549d03107525733e69/6da4bab9edac1ce610f48343e21de8be.jpeg@webp,59.0,47.0
3010420008,Коктейль молочный Чудо со вкусом Шоколад 3% 216г,289,4.7,Суперцены,https://magnit.ru/product/3010420008?shopCode=694420&shopType=express,False,https://images-foodtech.magnit.ru/IGZwGtTi2W6iJg375vqJ2KyRNF61RQWeStcfprmVnA4/rs:fit:1600:1600/plain/s3://img-dostavka/catalog/uf/7ba/7ba04a184e9efe549d03107525733e69/6da4bab9edac1ce610f48343e21de8be.jpeg@webp,59.0,47.0
3010420008,Коктейль молочный Чудо со вкусом Шоколад 3% 216г,289,4.7,Суперцены,https://magnit.ru/product/3010420008?shopCode=694420&shopType=express,False,https://images-foodtech.magnit.ru/IGZwGtTi2W6iJg375vqJ2KyRNF61RQWeStcfprmVnA4/rs:fit:1600:1600/plain/s3://img-dostavka/catalog/uf/7ba/7ba04a184e9efe549d03107525733e69/6da4bab9edac1ce610f48343e21de8be.jpeg@webp,59.0,47.0
1000477783,Влажный корм для взрослых кошек Sheba Паштет коллекция в желе Говядина 75г,290,4.9,Суперцены,https://magnit.ru/product/1000477783?shopCode=694420&shopType=express,False,https://images-foodtech.magnit.ru/7xvfXGErIfkChVjZdG0UpJcUsD2qEIv_UFFyXqJ4yec/rs:fit:1600:1600/plain/s3://img-dostavka/catalog/uf/6e0/6e0db7ce979976548ebd877dcdbc53e8/220685b37ee7f3f03db6d2c0f8016865.jpeg@webp,45.0,34.0
1000178485,Шоколад молочный миндаль вафля Россия щедрая душа 75/82г,291,4.9,Суперцены,https://magnit.ru/product/1000178485?shopCode=694420&shopType=express,False,https://images-foodtech.magnit.ru/3xqCnz0SuBipIeNL0UYEiuvQ-l-bBuoUahBVnysKDUs/rs:fit:1600:1600/plain/s3://img-dostavka/catalog/uf/411/411a57a092bf57ca9ad54df09c57ff78/5ff40ec65e3782d3f2efbaed62ba4f53.jpeg@webp,119.0,79.0
8000008414,Кофе молотый Coffee Turca Turkish Coffee 100г,292,4.9,Суперцены,https://magnit.ru/product/8000008414?shopCode=694420&shopType=express,False,https://images-foodtech.magnit.ru/-QL6R_ClODVJ2M3Yro4-cMePHYDwrXLOpR-_jV79cE8/rs:fit:1600:1600/plain/s3://img-dostavka/catalog/uf/e53/e53943e994300fce984f5b9cc19c59db/0ed0fa9aa0d845f898496f7ca5306b7b.jpeg@webp,329.0,279.0
8000009686,Пирожное бисквитное Апельсин Choco Pie 240г,293,4.9,Суперцены,https://magnit.ru/product/8000009686?shopCode=694420&shopType=express,False,https://images-foodtech.magnit.ru/w1k-Q9Pv5KfuPckZu0cD_vAcsBTK3DHo4eYwtgxlzTM/rs:fit:1600:1600/plain/s3://img-dostavka/catalog/uf/120/120544fb6e72c90ff99b20b699ba0206/18a14c2cd60f517b0153d147d9f5976f.jpeg@webp,138.0,149.0
1000322576,Мороженое 48 Копеек пломбир брикет 210г,294,4.9,Суперцены,https://magnit.ru/product/1000322576?shopCode=694420&shopType=express,False,https://images-foodtech.magnit.ru/i91PnrmlbtdyGLRQYn2UD0UibqHd6XVOebGVqreD7Ds/rs:fit:1600:1600/plain/s3://img-dostavka/catalog/uf/2ce/2ce53f840c31182c4d3d9725da605882/9527e587b4315a227f073268ac853c1e.jpeg@webp,175.0,
1000299851,Смесь молочная Nutrilak Premium 1 с рождения 600г,295,4.9,Суперцены,https://magnit.ru/product/1000299851?shopCode=694420&shopType=express,False,https://images-foodtech.magnit.ru/uzaXZrJxKLRTcrqDs3p3td1Sf9Fw0dehlNU2AvkZ7VM/rs:fit:1600:1600/plain/s3://img-dostavka/catalog/uf/6fc/6fcc693780121cb51a495618d13f9818/0e4ea5b81481685e2d11b1e26a0c1e08.jpeg@webp,665.0,
1000160370,Клетчатка Сибирская клетчатка изящный силуэт 170г,296,5.0,Суперцены,https://magnit.ru/product/1000160370?shopCode=694420&shopType=express,False,https://images-foodtech.magnit.ru/WAhkbP6Bwdnxo7bW_qirT-BbGp5SlG4dQ5C55BeAFV4/rs:fit:1600:1600/plain/s3://img-dostavka/catalog/uf/0f9/0f919bfc1707a462b2a7cc019622d977/9ab83ead414ec542b45565bfe54f0523.jpeg@webp,183.0,119.0
1000563494,Печенье без добавления сахара 215г,297,4.8,Суперцены,https://magnit.ru/product/1000563494?shopCode=694420&shopType=express,False,https://images-foodtech.magnit.ru/OtLkqgI4FXd4OTXEXYkyV55UIl2yiskLckrU96CRcJE/rs:fit:1600:1600/plain/s3://img-dostavka/catalog/uf/5f5/5f582919049f32bee6fba0544eec752c/567ee39338bf8e81599ae6017c1465a7.jpeg@webp,119.0,99.0
1000109125,Творог детский со злаками с 6 месяцев Агуша 3.9% 100г,298,4.9,Суперцены,https://magnit.ru/product/1000109125?shopCode=694420&shopType=express,False,https://images-foodtech.magnit.ru/AvPaeF1alK0g-OtBjVhVjp5gWIE2tzxlBFqa0o8Ls_I/rs:fit:1600:1600/plain/s3://img-dostavka/catalog/uf/363/363874b4cc79f03073a01d1f1a95cd73/9b292511aec1606003fe282dc12131fb.jpeg@webp,38.0,
1000109125,Творог детский со злаками с 6 месяцев Агуша 3.9% 100г,298,4.9,Суперцены,https://magnit.ru/product/1000109125?shopCode=694420&shopType=express,False,https://images-foodtech.magnit.ru/AvPaeF1alK0g-OtBjVhVjp5gWIE2tzxlBFqa0o8Ls_I/rs:fit:1600:1600/plain/s3://img-dostavka/catalog/uf/363/363874b4cc79f03073a01d1f1a95cd73/9b292511aec1606003fe282dc12131fb.jpeg@webp,38.0,
1000109125,Творог детский Агуша Злаки 3.9% 100г,299,4.9,Суперцены,https://magnit.ru/product/1000109125?shopCode=694420&shopType=express,False,https://images-foodtech.magnit.ru/AvPaeF1alK0g-OtBjVhVjp5gWIE2tzxlBFqa0o8Ls_I/rs:fit:1600:1600/plain/s3://img-dostavka/catalog/uf/363/363874b4cc79f03073a01d1f1a95cd73/9b292511aec1606003fe282dc12131fb.jpeg@webp,38.0,
1000109125,Творог детский Агуша Злаки 3.9% 100г,299,4.9,Суперцены,https://magnit.ru/product/1000109125?shopCode=694420&shopType=express,False,https://images-foodtech.magnit.ru/AvPaeF1alK0g-OtBjVhVjp5gWIE2tzxlBFqa0o8Ls_I/rs:fit:1600:1600/plain/s3://img-dostavka/catalog/uf/363/363874b4cc79f03073a01d1f1a95cd73/9b292511aec1606003fe282dc12131fb.jpeg@webp,38.0,
1000120575,Сироп Терра из клубней топинамбура 70% 330г,300,4.8,Суперцены,https://magnit.ru/product/1000120575?shopCode=694420&shopType=express,False,https://images-foodtech.magnit.ru/aMXORnzoiKt8QJOgKTX3y6H9izD0OACBRwxs4f3szcA/rs:fit:1600:1600/plain/s3://img-dostavka/catalog/uf/5f5/5f53899e92089f244f21bdab2f463716/d4afb9566553693694dba902bffaeba8.jpeg@webp,219.0,179.0
1000392453,Печенье Тульский ХК Диабетическое 300г,301,4.7,Суперцены,https://magnit.ru/product/1000392453?shopCode=694420&shopType=express,False,https://images-foodtech.magnit.ru/jw5EK2UdO9zNDz6xq5gLtBlUuVWRRc4gBjkKIsvSZRY/rs:fit:1600:1600/plain/s3://img-dostavka/catalog/uf/826/826d6419a604222916995da8806118bf/bb22b5f591bb052a89aee683aad48cb0.jpeg@webp,139.0,124.0
1000422695,Влажный корм для кошек Гурмэ Перл Соус кролик 75г,302,5.0,Суперцены,https://magnit.ru/product/1000422695?shopCode=694420&shopType=express,False,https://images-foodtech.magnit.ru/l-fmafmhYiSn01JvccBj5CNHOVz4pLbkCchyI5s0xYM/rs:fit:1600:1600/plain/s3://img-dostavka/catalog/uf/f9d/f9d5bf35ab76425ca1113ab0be45b4a9/bf44c5ce96f29be362d58fa3c2191ee7.jpeg@webp,45.0,32.0
1000376818,Семена чиа М Образ Жизни 150г,303,4.9,Суперцены,https://magnit.ru/product/1000376818?shopCode=694420&shopType=express,False,https://images-foodtech.magnit.ru/NPW3KNEcX2eDz73THibZFAJJPleE3FbaNxxHEoMouro/rs:fit:1600:1600/plain/s3://img-dostavka/catalog/uf/422/4226bbb9c6423abbf491b4719c85076c/a76025c5ce6cb10482245ee71a37f9e4.jpeg@webp,208.0,159.0
1000501588,Оливки без косточки Federici 300г,304,4.7,Суперцены,https://magnit.ru/product/1000501588?shopCode=694420&shopType=express,False,https://images-foodtech.magnit.ru/agO1KNH2JGTspKF3dXQmkCDkb0OmcjRNVxD2ANjvESA/rs:fit:1600:1600/plain/s3://img-dostavka/catalog/uf/345/3452a08bcaf05374240c504490021a4c/a865c64ecc9c4c2973f4af55f0b0b94e.jpeg@webp,263.0,179.0
8000050328,Влажный корм для кошек для здоровых почек с кроликом Perfect Fit 75г,305,4.9,Суперцены,https://magnit.ru/product/8000050328?shopCode=694420&shopType=express,False,https://images-foodtech.magnit.ru/akRYMlMjfaOkqOkSVKt4GZyyMwp0h8RZN4O1Q0gasR4/rs:fit:1600:1600/plain/s3://img-dostavka/catalog/uf/4c1/4c1cfa210083943498f883a968274271/97181bfbe33a13e5e41eec31024d61cd.jpeg@webp,32.0,31.0
1000165855,Напиток Lipton Чай черный холодный Лимон 1.5л,306,4.9,Суперцены,https://magnit.ru/product/1000165855?shopCode=694420&shopType=express,False,https://images-foodtech.magnit.ru/AK00PXQJF19qi1tPOBHkcBNHC-2-VsO3-MFrzIEZXqc/rs:fit:1600:1600/plain/s3://img-dostavka/catalog/uf/fb0/fb084ff2192386bdf26ca23b15c582fd/90a81ff37d8706f679ecc505fe1b6688.jpeg@webp,199.0,
1000165855,Напиток Lipton Чай черный холодный Лимон 1.5л,306,4.9,Суперцены,https://magnit.ru/product/1000165855?shopCode=694420&shopType=express,False,https://images-foodtech.magnit.ru/AK00PXQJF19qi1tPOBHkcBNHC-2-VsO3-MFrzIEZXqc/rs:fit:1600:1600/plain/s3://img-dostavka/catalog/uf/fb0/fb084ff2192386bdf26ca23b15c582fd/90a81ff37d8706f679ecc505fe1b6688.jpeg@webp,199.0,
1000165855,Чай черный холодный Лимон Lipton 1.5л,307,4.9,Суперцены,https://magnit.ru/product/1000165855?shopCode=694420&shopType=express,False,https://images-foodtech.magnit.ru/AK00PXQJF19qi1tPOBHkcBNHC-2-VsO3-MFrzIEZXqc/rs:fit:1600:1600/plain/s3://img-dostavka/catalog/uf/fb0/fb084ff2192386bdf26ca23b15c582fd/90a81ff37d8706f679ecc505fe1b6688.jpeg@webp,199.0,
1000165855,Чай черный холодный Лимон Lipton 1.5л,307,4.9,Суперцены,https://magnit.ru/product/1000165855?shopCode=694420&shopType=express,False,https://images-foodtech.magnit.ru/AK00PXQJF19qi1tPOBHkcBNHC-2-VsO3-MFrzIEZXqc/rs:fit:1600:1600/plain/s3://img-dostavka/catalog/uf/fb0/fb084ff2192386bdf26ca23b15c582fd/90a81ff37d8706f679ecc505fe1b6688.jpeg@webp,199.0,
1000418491,Влажный корм для кошек Sheba Ломтики в желе с кроликом 75г,308,4.9,Суперцены,https://magnit.ru/product/1000418491?shopCode=694420&shopType=express,False,https://images-foodtech.magnit.ru/t0sfoPFnjCYERX20tihaAFweoQW44zlINuPDqCKxEw8/rs:fit:1600:1600/plain/s3://img-dostavka/catalog/uf/d98/d98abcf9776b935390c6bf851f6e2620/7335708a0e8174f68578bce565765702.jpeg@webp,45.0,34.0
1000230157,Кондиционер ополаскиватель для белья Вернель Ароматерапия Загадочный лотос концентрированный 1.74л,309,4.9,Суперцены,https://magnit.ru/product/1000230157?shopCode=694420&shopType=express,False,https://images-foodtech.magnit.ru/w6ykZDJ9qy8pRiO6_7lBEasQqvtoSqx6RbbkjNyXs9M/rs:fit:1600:1600/plain/s3://img-dostavka/catalog/pim/goods/1000230157/image/f6213577620642a1afb18025a69f814f.jpeg@webp,528.0,359.0
2123200142,Каша Быстров Овсяная без варки Ассорти 6пак*40г,310,4.9,Суперцены,https://magnit.ru/product/2123200142?shopCode=694420&shopType=express,False,https://images-foodtech.magnit.ru/yYoaDxLN9IGYXMTFoeqzfrpgDtzoIpZWKZaImg1dJrw/rs:fit:1600:1600/plain/s3://img-dostavka/catalog/uf/8ff/8ffbca057a1a6eb763e6c79762cc615a/e13cd07bf4091b8dfd8aa5a8c08c23d9.jpeg@webp,169.0,
1000448927,Шарики Хрутка Duo обогащенные кальцием 230г,311,4.9,Суперцены,https://magnit.ru/product/1000448927?shopCode=694420&shopType=express,False,https://images-foodtech.magnit.ru/XQKntKSndfCmvS2iEHetNXjMdd6vma3ncuKf9NxtAnI/rs:fit:1600:1600/plain/s3://img-dostavka/catalog/uf/4a6/4a619fdb4bcec3073fd1fa1f8102b96b/5d08064c9252c48b7ff069faf37818d7.jpeg@webp,161.0,123.0
1000448927,Шарики Хрутка Duo обогащенные кальцием 230г,311,4.9,Суперцены,https://magnit.ru/product/1000448927?shopCode=694420&shopType=express,False,https://images-foodtech.magnit.ru/XQKntKSndfCmvS2iEHetNXjMdd6vma3ncuKf9NxtAnI/rs:fit:1600:1600/plain/s3://img-dostavka/catalog/uf/4a6/4a619fdb4bcec3073fd1fa1f8102b96b/5d08064c9252c48b7ff069faf37818d7.jpeg@webp,161.0,123.0
1000448927,Шарики Хрутка Duo обогащенные кальцием 200/230г,312,4.9,Суперцены,https://magnit.ru/product/1000448927?shopCode=694420&shopType=express,False,https://images-foodtech.magnit.ru/XQKntKSndfCmvS2iEHetNXjMdd6vma3ncuKf9NxtAnI/rs:fit:1600:1600/plain/s3://img-dostavka/catalog/uf/4a6/4a619fdb4bcec3073fd1fa1f8102b96b/5d08064c9252c48b7ff069faf37818d7.jpeg@webp,161.0,123.0
1000448927,Шарики Хрутка Duo обогащенные кальцием 200/230г,312,4.9,Суперцены,https://magnit.ru/product/1000448927?shopCode=694420&shopType=express,False,https://images-foodtech.magnit.ru/XQKntKSndfCmvS2iEHetNXjMdd6vma3ncuKf9NxtAnI/rs:fit:1600:1600/plain/s3://img-dostavka/catalog/uf/4a6/4a619fdb4bcec3073fd1fa1f8102b96b/5d08064c9252c48b7ff069faf37818d7.jpeg@webp,161.0,123.0
1000363061,Влажный корм для кошек Желе с курицей Whiskas 75г,313,4.9,Суперцены,https://magnit.ru/product/1000363061?shopCode=694420&shopType=express,False,https://images-foodtech.magnit.ru/_EbRCjZDjASkOMQrISvk9Bu0FcHfVyIkdVmRv_U8A0k/rs:fit:1600:1600/plain/s3://img-dostavka/catalog/pim/goods/1000363061/image/22c0fe3d4820fb78f6ec5212909d96d5.jpeg@webp,28.0,27.0
8000012560,Огурцы соленые Green Ribbon 680г,314,4.5,Суперцены,https://magnit.ru/product/8000012560?shopCode=694420&shopType=express,False,https://images-foodtech.magnit.ru/Sq7vDpIRP8q21cu4xnhjtf7ScfmXnsDBXQ2Y4bvrWik/rs:fit:1600:1600/plain/s3://img-dostavka/catalog/uf/de8/de83bf11eb46d1376249e02c3594d207/56972fd0e64c66f15f22c26b91943d31.png@webp,201.0,149.0
1000220402,Горбуша Вкусные консервы натуральная 245г ,315,4.8,Суперцены,https://magnit.ru/product/1000220402?shopCode=694420&shopType=express,False,https://images-foodtech.magnit.ru/mjU65Lxh2hS5v10e9KhJCGA6q2u4pGiMQCM9OTnWiUg/rs:fit:1600:1600/plain/s3://img-dostavka/catalog/uf/828/828c18bff8a8e329bb5c1323f717dc65/0ce98e9dbcea46cb848e79479259583d.jpeg@webp,283.0,
1000220402,Горбуша Вкусные консервы натуральная 245г ,315,4.8,Суперцены,https://magnit.ru/product/1000220402?shopCode=694420&shopType=express,False,https://images-foodtech.magnit.ru/mjU65Lxh2hS5v10e9KhJCGA6q2u4pGiMQCM9OTnWiUg/rs:fit:1600:1600/plain/s3://img-dostavka/catalog/uf/828/828c18bff8a8e329bb5c1323f717dc65/0ce98e9dbcea46cb848e79479259583d.jpeg@webp,283.0,
1000220402,Горбуша Вкусные консервы натуральная 245г,316,4.8,Суперцены,https://magnit.ru/product/1000220402?shopCode=694420&shopType=express,False,https://images-foodtech.magnit.ru/mjU65Lxh2hS5v10e9KhJCGA6q2u4pGiMQCM9OTnWiUg/rs:fit:1600:1600/plain/s3://img-dostavka/catalog/uf/828/828c18bff8a8e329bb5c1323f717dc65/0ce98e9dbcea46cb848e79479259583d.jpeg@webp,283.0,
1000220402,Горбуша Вкусные консервы натуральная 245г,316,4.8,Суперцены,https://magnit.ru/product/1000220402?shopCode=694420&shopType=express,False,https://images-foodtech.magnit.ru/mjU65Lxh2hS5v10e9KhJCGA6q2u4pGiMQCM9OTnWiUg/rs:fit:1600:1600/plain/s3://img-dostavka/catalog/uf/828/828c18bff8a8e329bb5c1323f717dc65/0ce98e9dbcea46cb848e79479259583d.jpeg@webp,283.0,
1000494719,Мармелад желейный в кокосовой обсыпке Цитрусовый микс Меренга 220г,317,5.0,Суперцены,https://magnit.ru/product/1000494719?shopCode=694420&shopType=express,False,https://images-foodtech.magnit.ru/6trwLq3mVS5rRVujpZQHoO0UyasfxiH206SoXBTiy-A/rs:fit:1600:1600/plain/s3://img-dostavka/catalog/uf/591/591ab60b93b17799738cb27d044eca50/93df8821d34f0c6948e00d2f1c8da492.png@webp,139.0,
1000064339,Фасоль Globus красная 400г,318,4.8,Суперцены,https://magnit.ru/product/1000064339?shopCode=694420&shopType=express,False,https://images-foodtech.magnit.ru/w_OqA36728LMcTr2XP_6yBbfKCPnRTphc-tEIbTkX3o/rs:fit:1600:1600/plain/s3://img-dostavka/catalog/uf/d9f/d9fa990cf36c993d4ca6b2bdc40f44de/20dca53c1130a5f8dfaff064f04ce9c6.jpeg@webp,166.0,118.0
1000189504,Фасоль Магнит Красная в томатном соусе 400г,319,4.7,Суперцены,https://magnit.ru/product/1000189504?shopCode=694420&shopType=express,False,https://images-foodtech.magnit.ru/cybL3OFVptbVN-lpHsTomI1XccZHcMqKlCnajna3o6M/rs:fit:1600:1600/plain/s3://img-dostavka/catalog/uf/048/04828099e0ce01dab73807c6eceb8cab/bae6f45f2417241511893800a98ebefa.jpeg@webp,135.0,114.0
1000135565,Круассан с кремом Какао 7Days 4шт*65г,320,5.0,Суперцены,https://magnit.ru/product/1000135565?shopCode=694420&shopType=express,False,https://images-foodtech.magnit.ru/hfZEOr42RbyfCWUK5WK2ZFU_Wqjt9GIbGJXBz8ajcXs/rs:fit:1600:1600/plain/s3://img-dostavka/catalog/uf/e77/e77ad8a209eb52d52e59ff79bffc805a/68281ac83c6e352b3f02b105020c216c.jpeg@webp,189.0,
1000262292,Конфеты Отломи вафельно-карамельные Акконд 360г,321,5.0,Суперцены,https://magnit.ru/product/1000262292?shopCode=694420&shopType=express,False,https://images-foodtech.magnit.ru/2UQDZOCrCj98nkNj1slsCPfdubC1z9llQTtbc0IbOMQ/rs:fit:1600:1600/plain/s3://img-dostavka/catalog/uf/c87/c87800ebd84509c5915963f3f9fcbf6f/e2a250e7b8913e608938593b43cc3d11.jpeg@webp,319.0,249.0
1000457574,Батончик Nut And Go миндальный 34г,322,4.9,Суперцены,https://magnit.ru/product/1000457574?shopCode=694420&shopType=express,False,https://images-foodtech.magnit.ru/RB7COvLmg7lwnj6OCLS3kMehJNEElQXxvHjZdB0eJrg/rs:fit:1600:1600/plain/s3://img-dostavka/catalog/uf/2ac/2ac1babd9b447e22c6dfb30cb411f376/44b3aeee307b5e05dd07ec6116c2e0b2.jpeg@webp,41.0,
1000244735,Молоко сгущенное Алексеевское вареное 8.5% 360г,323,4.9,Суперцены,https://magnit.ru/product/1000244735?shopCode=694420&shopType=express,False,https://images-foodtech.magnit.ru/mbcEtR6RTCbcT-F2eyV7eL_4pRjifdb-xH5U-q-qjLQ/rs:fit:1600:1600/plain/s3://img-dostavka/catalog/uf/7a0/7a0b09563c968a5847291aba4bcf5d32/fbc4712a1d9fa2f2fa8ff2f944db44f7.jpeg@webp,179.0,164.0
1000221974,Средство для мытья посуды Synergetic Сочный лимон/Сочное яблоко/Алоэ вера 500мл в ассортименте,324,4.9,Суперцены,https://magnit.ru/product/1000221974?shopCode=694420&shopType=express,False,https://images-foodtech.magnit.ru/9-iEOWKyrrj-07Ew03T4FxU_z0Ex9xqnJWzh0pC11Kk/rs:fit:1600:1600/plain/s3://img-dostavka/catalog/uf/66e/66e388a91c0ef42bf5a1346accfca598/c21d678652a67be676fa0f0ecd4b4be7.jpeg@webp,178.0,99.0
1000562590,Мёд Иванова Пасека натуральный цветочный 1кг,325,4.4,Суперцены,https://magnit.ru/product/1000562590?shopCode=694420&shopType=express,False,https://images-foodtech.magnit.ru/Ctp-7zBXIvw-k_qR_-0bw4tBLOC9j0DgTNdKL5zePf0/rs:fit:1600:1600/plain/s3://img-dostavka/catalog/uf/8b1/8b11249b0e13b9ee3935a04e0b3afc44/2092b4daf503c3130472ddc4c21fd210.jpeg@webp,480.0,359.0
1000476327,Сельдь Северная гавань филе-кусочки в масле 400г,326,4.9,Суперцены,https://magnit.ru/product/1000476327?shopCode=694420&shopType=express,False,https://images-foodtech.magnit.ru/gvVN4tyf4oZKQAhxW846QEXShurbHQL__DcDUZuur9A/rs:fit:1600:1600/plain/s3://img-dostavka/catalog/uf/042/042bed3d1cc229b72a385fdaf6236be1/b90207ac62e02fb29f4854b1caaaf95a.jpeg@webp,299.0,228.0
1000418483,Влажный корм для кошек Sheba Ломтики в соусе с говядиной и кроликом 75г,327,5.0,Суперцены,https://magnit.ru/product/1000418483?shopCode=694420&shopType=express,False,https://images-foodtech.magnit.ru/JupqFrL1R-Vf31E8mOVbvDffNaium9-k6AiOoiYavcs/rs:fit:1600:1600/plain/s3://img-dostavka/catalog/uf/a81/a81278de497aa288ed313b3e4b894bf1/2d072c69bb800e5fb911b1ab3087e35d.jpeg@webp,45.0,34.0
1000047332,Десерт творожный Чудо Клубника земляника 4% 100г,328,4.8,Суперцены,https://magnit.ru/product/1000047332?shopCode=694420&shopType=express,False,https://images-foodtech.magnit.ru/5COir-5GBMD91VAg1yleQiMjJagQ6zXzwtk1dRmOy-Q/rs:fit:1600:1600/plain/s3://img-dostavka/catalog/uf/e34/e347657f0ea72aba107b2193244a6180/cca25fdd1a92822acfecb62a025be458.jpeg@webp,62.0,56.0
1000047332,Десерт творожный Чудо Клубника земляника 4% 100г,328,4.8,Суперцены,https://magnit.ru/product/1000047332?shopCode=694420&shopType=express,False,https://images-foodtech.magnit.ru/5COir-5GBMD91VAg1yleQiMjJagQ6zXzwtk1dRmOy-Q/rs:fit:1600:1600/plain/s3://img-dostavka/catalog/uf/e34/e347657f0ea72aba107b2193244a6180/cca25fdd1a92822acfecb62a025be458.jpeg@webp,62.0,56.0
1000047332,Творожок двухслойный Чудо Клубника-земляника 4% 100г,329,4.8,Суперцены,https://magnit.ru/product/1000047332?shopCode=694420&shopType=express,False,https://images-foodtech.magnit.ru/5COir-5GBMD91VAg1yleQiMjJagQ6zXzwtk1dRmOy-Q/rs:fit:1600:1600/plain/s3://img-dostavka/catalog/uf/e34/e347657f0ea72aba107b2193244a6180/cca25fdd1a92822acfecb62a025be458.jpeg@webp,62.0,56.0
1000047332,Творожок двухслойный Чудо Клубника-земляника 4% 100г,329,4.8,Суперцены,https://magnit.ru/product/1000047332?shopCode=694420&shopType=express,False,https://images-foodtech.magnit.ru/5COir-5GBMD91VAg1yleQiMjJagQ6zXzwtk1dRmOy-Q/rs:fit:1600:1600/plain/s3://img-dostavka/catalog/uf/e34/e347657f0ea72aba107b2193244a6180/cca25fdd1a92822acfecb62a025be458.jpeg@webp,62.0,56.0
1000376087,Влажный корм для стерилизованных кошек Мираторг Extra Meat Black Angus говядина в желе 80г,330,4.8,Суперцены,https://magnit.ru/product/1000376087?shopCode=694420&shopType=express,False,https://images-foodtech.magnit.ru/Nlx8_G3MKHoF8O1qEU3TKjrAg8BM43E_srAIrIAdZLM/rs:fit:1600:1600/plain/s3://img-dostavka/catalog/uf/e4c/e4c4ace93a981ffe8df2e37da3712c6d/e8c2ee4103b1c498960247163ef488b8.jpeg@webp,39.0,25.0
1000418492,Влажный корм для взрослых кошек Sheba Курица ломтики в желе 75г,331,4.9,Суперцены,https://magnit.ru/product/1000418492?shopCode=694420&shopType=express,False,https://images-foodtech.magnit.ru/xY-bSL7ozmXgzZo-ZxQJVMJ2KdOj4EruhHFMOAvfhzA/rs:fit:1600:1600/plain/s3://img-dostavka/catalog/uf/a91/a91afdd51a6ccc94820bab7e22395900/82ce75b7cf8cc29ff95c754475b3a416.jpeg@webp,45.0,33.0
1000380454,Кофе растворимый Нескафе Голд Арома Интенсо сублимированный 170г,332,4.9,Суперцены,https://magnit.ru/product/1000380454?shopCode=694420&shopType=express,False,https://images-foodtech.magnit.ru/mWLdEvixrIRm5w1FvHCgfhHVfQGC40G4bi4w3I-snno/rs:fit:1600:1600/plain/s3://img-dostavka/catalog/uf/cdd/cdd50be63703a2f6babc527624591c54/5ddc6264cafec3342c6c7e1f95265234.jpeg@webp,699.0,549.0
1000392585,Конфеты Трюфель неглазированный без сахара Кондитер Кубани Truffle 150г,333,4.9,Суперцены,https://magnit.ru/product/1000392585?shopCode=694420&shopType=express,False,https://images-foodtech.magnit.ru/l25I6DD9SFF_9NhRunibOx8oQ475Dra41L2fdREo8Fw/rs:fit:1600:1600/plain/s3://img-dostavka/catalog/uf/0f4/0f469aceb5f94e97edc8dffb6415e330/c8967f0fb64c3360118a5bd22fa628e9.jpeg@webp,243.0,164.0
1000458359,Каша жидкая молочная рисовая яблоко-земляника-клубника с 6 месяцев Агуша 200мл,334,4.9,Суперцены,https://magnit.ru/product/1000458359?shopCode=694420&shopType=express,False,https://images-foodtech.magnit.ru/QDdwanaEkZ-zK1oi8Hc8eYo1HyfukeSZyEMU-fIKmac/rs:fit:1600:1600/plain/s3://img-dostavka/catalog/uf/34d/34dec9881e62dbc024091a388384b260/ccc0ed8e03b3d9d4b73b7430bf204254.jpeg@webp,67.0,49.0
1000422623,Майонез Я люблю готовить Классический провансаль 67% 700мл,335,4.8,Суперцены,https://magnit.ru/product/1000422623?shopCode=694420&shopType=express,False,https://images-foodtech.magnit.ru/QUrNG-BmPhHAeIE5kxndZV0cqohKg8zOsqR5BGf3A9E/rs:fit:1600:1600/plain/s3://img-dostavka/catalog/uf/621/621cbc0320393ead080e9600803b6d7b/7d20b5e8dee3ce0fbc0368d5f2162658.jpeg@webp,169.0,
1000172533,Заменитель сахара Fitparad 60шт,336,4.9,Суперцены,https://magnit.ru/product/1000172533?shopCode=694420&shopType=express,False,https://images-foodtech.magnit.ru/twTJDwywcDqosy7Gin07FLauG81waLMdh6rNWtu_yP8/rs:fit:1600:1600/plain/s3://img-dostavka/catalog/uf/819/81906b3a7e877e2b7599c261f09ce75e/80a2443a69a7a5e16782331e507ca1f4.jpeg@webp,203.0,
1000022942,Масло оливковое Extra Virgin Premiere of Taste 500мл,337,4.9,Суперцены,https://magnit.ru/product/1000022942?shopCode=694420&shopType=express,False,https://images-foodtech.magnit.ru/JjGNBMVWFdtP-OWMVUX7tDFtPVHMKET83HWClyIKhJ8/rs:fit:1600:1600/plain/s3://img-dostavka/catalog/uf/ce6/ce66e463e3f795633fcdcdd79f8c464c/bcda846e40f669eea036969fc95c8df5.jpeg@webp,509.0,
3275860002,Персиковый нектар Rich 1л,338,4.8,Суперцены,https://magnit.ru/product/3275860002?shopCode=694420&shopType=express,False,https://images-foodtech.magnit.ru/vwEWiu4XEoSe_GFUQ_IH5Rm0N81LweYYWT_I1EsLXNM/rs:fit:1600:1600/plain/s3://img-dostavka/catalog/uf/d90/d904fa1ac169f8d312e94aa671cdfffd/a35c245edaa33135ffa6b9ce6b196537.jpeg@webp,219.0,169.0
1500000110,Молотый кофе Арабика Принц Лебо Lebo 100г,339,4.9,Суперцены,https://magnit.ru/product/1500000110?shopCode=694420&shopType=express,False,https://images-foodtech.magnit.ru/64EMjYgf_pVrfmrNmbxUxecfpLaAZ9p0xH8kjSJBiPo/rs:fit:1600:1600/plain/s3://img-dostavka/catalog/uf/a93/a937a51041fcbca602a02e7e1fa41d94/a8b5479b6ce86c19ec9c0ca7fd7273a1.jpeg@webp,271.0,209.0
1000516568,Конфеты глазированные с начинками ассорти Konfesta 150г,340,5.0,Суперцены,https://magnit.ru/product/1000516568?shopCode=694420&shopType=express,False,https://images-foodtech.magnit.ru/AaF1ZtOTkaKEDVmkl-pIMbw0Pmirnk8ixOWn_uNdC-o/rs:fit:1600:1600/plain/s3://img-dostavka/catalog/uf/bbb/bbb7fd2f1c212f4ad27201621a036b1d/48b34a2b11fa0d86e5b18862768553c6.jpeg@webp,207.0,
1000379560,Влажный корм для кошек с чувствительным пищеварением с индейкой Perfect Fit 75г,341,4.9,Суперцены,https://magnit.ru/product/1000379560?shopCode=694420&shopType=express,False,https://images-foodtech.magnit.ru/TPxbJko2AJpN2Y7FZJhZZvq5_KYiRUOh7MP3k6fRa2s/rs:fit:1600:1600/plain/s3://img-dostavka/catalog/uf/779/779c7eb2c4a75c39509aa6620fe8a360/2f95e338e04c0fb0b0fbd981c5f568bb.jpeg@webp,32.0,31.0
1000149557,Чай черный Tess Pleasure фруктовый 100пак,342,4.9,Суперцены,https://magnit.ru/product/1000149557?shopCode=694420&shopType=express,False,https://images-foodtech.magnit.ru/JfV3qWitrY8HNT52cB19YrUbccHE57lSt5BPJ6TQwmc/rs:fit:1600:1600/plain/s3://img-dostavka/catalog/uf/8b7/8b72e2ccb99904d0521702fc90364adb/729d58b87355b2510e6c5b0e2eb2040b.jpeg@webp,482.0,289.0
1000363067,Влажный корм для кошек Паштет с курицей и индейкой Whiskas 75г,343,4.9,Суперцены,https://magnit.ru/product/1000363067?shopCode=694420&shopType=express,False,https://images-foodtech.magnit.ru/ZLDBxhahwL-pydC0bo7VxWrdS8nv_T3PZYGC8G7RkjM/rs:fit:1600:1600/plain/s3://img-dostavka/catalog/pim/goods/1000363067/image/f4f5b2b47f42619635ff347b182144b2.jpeg@webp,28.0,27.0
1000336732,Килька Вкусные консервы черноморская обжаренная в томатном соусе 240г,344,4.8,Суперцены,https://magnit.ru/product/1000336732?shopCode=694420&shopType=express,False,https://images-foodtech.magnit.ru/WEYSk4HmGQq25Fl8rwIjDE-1HTXfnbVcYSyst2iXj_s/rs:fit:1600:1600/plain/s3://img-dostavka/catalog/uf/118/118b04ea3f45f1d63d61f41967f42cd2/46d5defa36494f46337cf7b854587f5f.jpeg@webp,119.0,89.0
1000237066,Напиток кисломолочный For Kids Клубничное мороженое Имунеле 1.5% 100г,345,5.0,Суперцены,https://magnit.ru/product/1000237066?shopCode=694420&shopType=express,False,https://images-foodtech.magnit.ru/GJwtrsWOHufxer4X7whFYNRY2O95fCTbH5tMg--WKV0/rs:fit:1600:1600/plain/s3://img-dostavka/catalog/uf/731/7317a72a6e5423c104fc77e812b60027/971f74aa15d77c3c98edbdd33ef79e5b.jpeg@webp,31.0,
1000322391,Продукт питьевой J7  Смузи Киви-Ананас -Манго-Яблоко-Банан со злаками и витаминами 300мл,346,5.0,Суперцены,https://magnit.ru/product/1000322391?shopCode=694420&shopType=express,False,https://images-foodtech.magnit.ru/DMclVicRj3k-5_bQ8MzvWTRPSQV7G4LjfXvx804BuvE/rs:fit:1600:1600/plain/s3://img-dostavka/catalog/uf/e6d/e6dc5361cc5ab36ab15fb666d7122ff4/3d795e1dbd70ce4f29c07ff0c21aa439.jpeg@webp,89.0,
1000322391,Продукт питьевой J7  Смузи Киви-Ананас -Манго-Яблоко-Банан со злаками и витаминами 300мл,346,5.0,Суперцены,https://magnit.ru/product/1000322391?shopCode=694420&shopType=express,False,https://images-foodtech.magnit.ru/DMclVicRj3k-5_bQ8MzvWTRPSQV7G4LjfXvx804BuvE/rs:fit:1600:1600/plain/s3://img-dostavka/catalog/uf/e6d/e6dc5361cc5ab36ab15fb666d7122ff4/3d795e1dbd70ce4f29c07ff0c21aa439.jpeg@webp,89.0,
1000322391,Продукт питьевой J7  Смузи Киви-Ананас -Манго-Яблоко-Банан со злаками и витаминами 300мл,346,5.0,Суперцены,https://magnit.ru/product/1000322391?shopCode=694420&shopType=express,False,https://images-foodtech.magnit.ru/DMclVicRj3k-5_bQ8MzvWTRPSQV7G4LjfXvx804BuvE/rs:fit:1600:1600/plain/s3://img-dostavka/catalog/uf/e6d/e6dc5361cc5ab36ab15fb666d7122ff4/3d795e1dbd70ce4f29c07ff0c21aa439.jpeg@webp,89.0,
1000322391,Продукт питьевой J7  Смузи Киви-Ананас -Манго-Яблоко-Банан со злаками и витаминами 300мл,346,5.0,Суперцены,https://magnit.ru/product/1000322391?shopCode=694420&shopType=express,False,https://images-foodtech.magnit.ru/DMclVicRj3k-5_bQ8MzvWTRPSQV7G4LjfXvx804BuvE/rs:fit:1600:1600/plain/s3://img-dostavka/catalog/uf/e6d/e6dc5361cc5ab36ab15fb666d7122ff4/3d795e1dbd70ce4f29c07ff0c21aa439.jpeg@webp,89.0,
1000322391,Смузи J7 Киви-ананас-яблоко-банан-манго 300мл,347,5.0,Суперцены,https://magnit.ru/product/1000322391?shopCode=694420&shopType=express,False,https://images-foodtech.magnit.ru/DMclVicRj3k-5_bQ8MzvWTRPSQV7G4LjfXvx804BuvE/rs:fit:1600:1600/plain/s3://img-dostavka/catalog/uf/e6d/e6dc5361cc5ab36ab15fb666d7122ff4/3d795e1dbd70ce4f29c07ff0c21aa439.jpeg@webp,89.0,
1000322391,Смузи J7 Киви-ананас-яблоко-банан-манго 300мл,347,5.0,Суперцены,https://magnit.ru/product/1000322391?shopCode=694420&shopType=express,False,https://images-foodtech.magnit.ru/DMclVicRj3k-5_bQ8MzvWTRPSQV7G4LjfXvx804BuvE/rs:fit:1600:1600/plain/s3://img-dostavka/catalog/uf/e6d/e6dc5361cc5ab36ab15fb666d7122ff4/3d795e1dbd70ce4f29c07ff0c21aa439.jpeg@webp,89.0,
1000322391,Смузи J7 Киви-ананас-яблоко-банан-манго 300мл,347,5.0,Суперцены,https://magnit.ru/product/1000322391?shopCode=694420&shopType=express,False,https://images-foodtech.magnit.ru/DMclVicRj3k-5_bQ8MzvWTRPSQV7G4LjfXvx804BuvE/rs:fit:1600:1600/plain/s3://img-dostavka/catalog/uf/e6d/e6dc5361cc5ab36ab15fb666d7122ff4/3d795e1dbd70ce4f29c07ff0c21aa439.jpeg@webp,89.0,
1000322391,Смузи J7 Киви-ананас-яблоко-банан-манго 300мл,347,5.0,Суперцены,https://magnit.ru/product/1000322391?shopCode=694420&shopType=express,False,https://images-foodtech.magnit.ru/DMclVicRj3k-5_bQ8MzvWTRPSQV7G4LjfXvx804BuvE/rs:fit:1600:1600/plain/s3://img-dostavka/catalog/uf/e6d/e6dc5361cc5ab36ab15fb666d7122ff4/3d795e1dbd70ce4f29c07ff0c21aa439.jpeg@webp,89.0,
1000269496,Влажный корм для взрослых кошек Felix Суп с говядиной 48г,348,5.0,Суперцены,https://magnit.ru/product/1000269496?shopCode=694420&shopType=express,False,https://images-foodtech.magnit.ru/IPjObghXWmspD1K_A9BT8X2J7xSKaZP0Y2tpmMMllrA/rs:fit:1600:1600/plain/s3://img-dostavka/catalog/uf/94f/94fec475e0c4ac8e7b15e4933dc00fcf/fd2f66307591878b985d95e1bb8e71e2.jpeg@webp,22.0,
1000461609,Питьевой йогурт со вкусом клубники и земляники с 3 лет Агуша 180г,349,4.8,Суперцены,https://magnit.ru/product/1000461609?shopCode=694420&shopType=express,False,https://images-foodtech.magnit.ru/FE528R5xYGHB5gscAWkR9_MBv6dGKaH81MShThNhdps/rs:fit:1600:1600/plain/s3://img-dostavka/catalog/uf/616/616a1346db931222f31d3b3e6094d223/d5d9a5a9853d0a3aaffc41939f36130b.jpeg@webp,45.0,
2299999940,Томатная паста Помидорка 250мл,350,4.9,Суперцены,https://magnit.ru/product/2299999940?shopCode=694420&shopType=express,False,https://images-foodtech.magnit.ru/nneh_HC6L7_1y9RNc-D6JA0VSJkVzLi2P0PKaQ4M7oA/rs:fit:1600:1600/plain/s3://img-dostavka/catalog/uf/e1d/e1d8085788c6bd33a5582b576e93a8f5/d84cb69706717b08c2d983abc99305c1.jpeg@webp,139.0,
1000293575,Влажный корм для кошек с курицей в соусе Tafi 85г,351,4.9,Суперцены,https://magnit.ru/product/1000293575?shopCode=694420&shopType=express,False,https://images-foodtech.magnit.ru/ku5fiJKV6La0letDBk2MR4TQ5hdoQoQ743csLksUC8k/rs:fit:1600:1600/plain/s3://img-dostavka/catalog/uf/2bd/2bdfe56e600aeb982fd7a760fce707ee/72ed515628ed202336882692b01fb0e8.jpeg@webp,14.0,
1000208456,Корнишоны Скатерть-самобранка маринованные 350г,352,4.7,Суперцены,https://magnit.ru/product/1000208456?shopCode=694420&shopType=express,False,https://images-foodtech.magnit.ru/ycFkwzGnqFeFmKMM3RhJoduLDP9l-cfW456B0bA9YjY/rs:fit:1600:1600/plain/s3://img-dostavka/catalog/uf/c5c/c5c6a12aee69f5650d99a9eacc7614f6/a62477bea79a90a0b5682abc9b394452.jpeg@webp,189.0,
1000273086,Лакомство для собак Titbit Classic Гематоген 35г,353,4.9,Суперцены,https://magnit.ru/product/1000273086?shopCode=694420&shopType=express,False,https://images-foodtech.magnit.ru/8vjH7rmolK-atta2fLo7KWRB03nOHg0xH4Gvxxmfd2k/rs:fit:1600:1600/plain/s3://img-dostavka/catalog/uf/846/846eb4174c0ae7fd44e53fe3f1469257/ca25dde6a5588902b1bc18583719438d.jpeg@webp,73.0,62.0
1000453893,Влажный корм для кошек Felix Sensations Утка в желе со шпинатом 75г,354,5.0,Суперцены,https://magnit.ru/product/1000453893?shopCode=694420&shopType=express,False,https://images-foodtech.magnit.ru/P6BT8kLuNXxY28HIBoXwBUZ2YfPiuoHH7Rkfnq4DOAA/rs:fit:1600:1600/plain/s3://img-dostavka/catalog/uf/ba2/ba23dd9dedc5941c41676cbf026e0ea5/3ebd8d6d6ca060c9b669ef085d8dfb54.jpeg@webp,29.0,
9899996184,Нектар Rich Вишня 1л,355,5.0,Суперцены,https://magnit.ru/product/9899996184?shopCode=694420&shopType=express,False,https://images-foodtech.magnit.ru/vpmgOW5ChIRjdCXNzI9K1pTynC0qTB6kU_uSSiKwpZE/rs:fit:1600:1600/plain/s3://img-dostavka/catalog/uf/a29/a292fe9bc3f6afed6924b67d020efa39/936014e73ddbea2f8aaaaed70b5c6e65.jpeg@webp,246.0,199.0
1891200088,Сыр плавленый President Сливочный 40% 150г,356,4.8,Суперцены,https://magnit.ru/product/1891200088?shopCode=694420&shopType=express,False,https://images-foodtech.magnit.ru/jaYasrPnB9iN-ABQAEvJa-f7Ynf3YeQ8gss6_cx1o6s/rs:fit:1600:1600/plain/s3://img-dostavka/catalog/uf/e86/e86bc80a5bcf1f74c54d686c5daf0adf/bd0f087e4eeac522a2e5b87c74753555.jpeg@webp,169.0,119.0
1000501004,Молоко Коровка из Кореновки сгущенное 8.5% 360г,357,4.8,Суперцены,https://magnit.ru/product/1000501004?shopCode=694420&shopType=express,False,https://images-foodtech.magnit.ru/gTOByCteyhaBdWB3KSbnAUZik1RR_VSv6w2NzTeiG_o/rs:fit:1600:1600/plain/s3://img-dostavka/catalog/uf/591/591ae6065b83d6fb645b03471770f60b/7168fbedfcd36c957713c027d359e848.jpeg@webp,199.0,
1000381437,Кофе молотый Barista Mio Баланс натуральный жареный 225г,358,4.7,Суперцены,https://magnit.ru/product/1000381437?shopCode=694420&shopType=express,False,https://images-foodtech.magnit.ru/8b3VNOfzTIUmOlVizUHiFlEcUBMeDLqqNVMJeaXO8jI/rs:fit:1600:1600/plain/s3://img-dostavka/catalog/uf/6cf/6cf8e2411a9dc02b1144cb06f5ea8dab/c5833e7fc80c2edafea6d81621fecdbc.jpeg@webp,679.0,499.0
1635300123,Батончик шоколадный лесной орех Snickers 81г,359,5.0,Суперцены,https://magnit.ru/product/1635300123?shopCode=694420&shopType=express,False,https://images-foodtech.magnit.ru/fKxEiCKVSRtrtNK_3I-sNXyMrAz-0329KhqWWUV_aS4/rs:fit:1600:1600/plain/s3://img-dostavka/catalog/uf/730/7309a13a0fa3e6f3f31c2dbe3948028c/465d871e4fabed6db0ac2fb495976354.jpeg@webp,89.0,
1635300123,Батончик шоколадный лесной орех Snickers 81г,359,5.0,Суперцены,https://magnit.ru/product/1635300123?shopCode=694420&shopType=express,False,https://images-foodtech.magnit.ru/fKxEiCKVSRtrtNK_3I-sNXyMrAz-0329KhqWWUV_aS4/rs:fit:1600:1600/plain/s3://img-dostavka/catalog/uf/730/7309a13a0fa3e6f3f31c2dbe3948028c/465d871e4fabed6db0ac2fb495976354.jpeg@webp,89.0,
1635300123,Шоколадный батончик с лесным орехом Snickers 81г,360,5.0,Суперцены,https://magnit.ru/product/1635300123?shopCode=694420&shopType=express,False,https://images-foodtech.magnit.ru/fKxEiCKVSRtrtNK_3I-sNXyMrAz-0329KhqWWUV_aS4/rs:fit:1600:1600/plain/s3://img-dostavka/catalog/uf/730/7309a13a0fa3e6f3f31c2dbe3948028c/465d871e4fabed6db0ac2fb495976354.jpeg@webp,89.0,
1635300123,Шоколадный батончик с лесным орехом Snickers 81г,360,5.0,Суперцены,https://magnit.ru/product/1635300123?shopCode=694420&shopType=express,False,https://images-foodtech.magnit.ru/fKxEiCKVSRtrtNK_3I-sNXyMrAz-0329KhqWWUV_aS4/rs:fit:1600:1600/plain/s3://img-dostavka/catalog/uf/730/7309a13a0fa3e6f3f31c2dbe3948028c/465d871e4fabed6db0ac2fb495976354.jpeg@webp,89.0,
1000096355,Чай черный Greenfield Golden Ceylon 200г,361,4.9,Суперцены,https://magnit.ru/product/1000096355?shopCode=694420&shopType=express,False,https://images-foodtech.magnit.ru/llR1yr8qDfpkBmBSNp4Kj83SxM2ZQOLoV07CIvUviEc/rs:fit:1600:1600/plain/s3://img-dostavka/catalog/uf/074/0742fd6cca4f900bcf587d26339ee745/4678cf5a467a9e9baf9ef4e01a51f54f.jpeg@webp,289.0,299.0
1000279649,Кисель Fiteffectum быстрорастворимый черника 30г,362,4.7,Суперцены,https://magnit.ru/product/1000279649?shopCode=694420&shopType=express,False,https://images-foodtech.magnit.ru/smfciwRYHotD8aVZsTl8U22YhgMLqf3JHUh3ERGNEcc/rs:fit:1600:1600/plain/s3://img-dostavka/catalog/uf/542/5424e5902f04085299de8fbf4b7e1390/1f25069ebeeec42ffd09b53bfaa47d27.jpeg@webp,45.0,34.0
1000477781,Влажный корм для взрослых кошек Sheba Паштет коллекция в желе Курица 75г,363,4.9,Суперцены,https://magnit.ru/product/1000477781?shopCode=694420&shopType=express,False,https://images-foodtech.magnit.ru/kibOptd5Hd_ZyMEBavVv8tst2jj0Ub-E1pZrJvQ8p0s/rs:fit:1600:1600/plain/s3://img-dostavka/catalog/uf/c15/c152400f5ad44a7b0127874109afdef9/028c20047a707984ecf4ebe4e744e332.jpeg@webp,45.0,34.0
1000452037,Лакомство для собак Biff Dent со вкусом телятины 77г,364,5.0,Суперцены,https://magnit.ru/product/1000452037?shopCode=694420&shopType=express,False,https://images-foodtech.magnit.ru/fy4MHR2RyULyKWRLZfNUVE-_Hj0OiYY8qeFg05HfTL8/rs:fit:1600:1600/plain/s3://img-dostavka/catalog/uf/bad/bad65d8fa60c721d64bb9bb3362887c1/e587a9b1f8b23266631a2608bebdd235.jpeg@webp,107.0,75.0
1000513507,Печенье сахарное вареная сгущенка Любятово 352г,365,5.0,Суперцены,https://magnit.ru/product/1000513507?shopCode=694420&shopType=express,False,https://images-foodtech.magnit.ru/nPNF6teS7LfdQ6cKdVMB3VvuK8y6LvaopO8LL_kFv3A/rs:fit:1600:1600/plain/s3://img-dostavka/catalog/uf/dee/dee01a86fc9d74b764f97d9062df49db/6136651b8e9c417b744b1d2345f5a15c.jpeg@webp,109.0,
1000564007,Творог детский со вкусом клубники с 6 месяцев Агуша 3.9% 100г,366,5.0,Суперцены,https://magnit.ru/product/1000564007?shopCode=694420&shopType=express,False,https://images-foodtech.magnit.ru/dDAvV9Fh3aLbMC48u8intARH_djgOLwMw_yB1o-dW6I/rs:fit:1600:1600/plain/s3://img-dostavka/catalog/uf/32e/32e1db0c10e2c16e3c2353f7d9e0f407/f5d9cfcaf87bba621acbb6be59372647.jpeg@webp,38.0,
1000096353,Чай черный Greenfield Kenyan Sunrise 100пак,367,5.0,Суперцены,https://magnit.ru/product/1000096353?shopCode=694420&shopType=express,False,https://images-foodtech.magnit.ru/CfirHWTzM4Z6aW-1ZSy2gn4myM8gPv0KpPCNUJw8iM4/rs:fit:1600:1600/plain/s3://img-dostavka/catalog/uf/043/0432cad743062940c3705b6b54c3a035/cdab67b5d3a0c6026ffc9f87ce3dad91.jpeg@webp,357.0,
1000293574,Влажный корм для кошек с говядиной в соусе Tafi 85г,368,4.7,Суперцены,https://magnit.ru/product/1000293574?shopCode=694420&shopType=express,False,https://images-foodtech.magnit.ru/AurcRo5yznNIXM7gPXyPhboUlGHkqv20k-28aVB2fNY/rs:fit:1600:1600/plain/s3://img-dostavka/catalog/uf/be8/be83788ca18b1cce75a751d81ea3d885/c282b31093c489c1a9b777a3d13f4b2b.jpeg@webp,14.0,
1661500011,Паста ореховая с добавлением какао Nutella 180г,369,5.0,Суперцены,https://magnit.ru/product/1661500011?shopCode=694420&shopType=express,False,https://images-foodtech.magnit.ru/sJra7qY_y0R2_5lIH_p_KoYvGxqPgxULBdmubKMYGx4/rs:fit:1600:1600/plain/s3://img-dostavka/catalog/uf/931/93134140b1b2f29063a99e8ad1b43ba5/1e6d5c1da4c2da440eb3864081b4ae2f.jpeg@webp,359.0,
1000461008,Кукуруза Federici молодая в початках маринованная 340г,370,4.7,Суперцены,https://magnit.ru/product/1000461008?shopCode=694420&shopType=express,False,https://images-foodtech.magnit.ru/YtIcUOVSCAGTeU_D7rel6laJay6eGnZS8jzxyh7W63g/rs:fit:1600:1600/plain/s3://img-dostavka/catalog/uf/1e1/1e1d7a32112325cb9893f11ae114efd1/bc0e971e7dff11f0edd105c43598720b.jpeg@webp,259.0,
1000560048,Шоколад Babyfox 90г,371,5.0,Суперцены,https://magnit.ru/product/1000560048?shopCode=694420&shopType=express,False,https://images-foodtech.magnit.ru/_T0gjdzL_1v8LuYrctRwpU1IUXz4NrRyNXK1x4bOV7s/rs:fit:1600:1600/plain/s3://img-dostavka/catalog/uf/b53/b5332e4e5cc6c071fd7aa7201d7d537f/7581a15db4395d563084c09c90afeb70.jpeg@webp,240.0,169.0
1000201629,Йогурт питьевой Чудо Клубника земляника 1.9% 260г,372,4.8,Суперцены,https://magnit.ru/product/1000201629?shopCode=694420&shopType=express,False,https://images-foodtech.magnit.ru/XV_e3u10Bq7ed-m4OPOwQnmP_mAdkWXqQZItwpo_WGc/rs:fit:1600:1600/plain/s3://img-dostavka/catalog/uf/5d7/5d782c0ca79280e3f11f0314777d18aa/f3cf1aa6f8a3dafae8aac8d1e467efd1.jpeg@webp,81.5,62.0
1000201629,Йогурт питьевой Чудо Клубника земляника 1.9% 260г,372,4.8,Суперцены,https://magnit.ru/product/1000201629?shopCode=694420&shopType=express,False,https://images-foodtech.magnit.ru/XV_e3u10Bq7ed-m4OPOwQnmP_mAdkWXqQZItwpo_WGc/rs:fit:1600:1600/plain/s3://img-dostavka/catalog/uf/5d7/5d782c0ca79280e3f11f0314777d18aa/f3cf1aa6f8a3dafae8aac8d1e467efd1.jpeg@webp,81.5,62.0
1000201629,Йогурт питьевой Чудо Клубника земляника 1.9% 260г,372,4.8,Суперцены,https://magnit.ru/product/1000201629?shopCode=694420&shopType=express,False,https://images-foodtech.magnit.ru/XV_e3u10Bq7ed-m4OPOwQnmP_mAdkWXqQZItwpo_WGc/rs:fit:1600:1600/plain/s3://img-dostavka/catalog/uf/5d7/5d782c0ca79280e3f11f0314777d18aa/f3cf1aa6f8a3dafae8aac8d1e467efd1.jpeg@webp,81.5,62.0
1000201629,Йогурт питьевой Чудо Клубника земляника 1.9% 260г,372,4.8,Суперцены,https://magnit.ru/product/1000201629?shopCode=694420&shopType=express,False,https://images-foodtech.magnit.ru/XV_e3u10Bq7ed-m4OPOwQnmP_mAdkWXqQZItwpo_WGc/rs:fit:1600:1600/plain/s3://img-dostavka/catalog/uf/5d7/5d782c0ca79280e3f11f0314777d18aa/f3cf1aa6f8a3dafae8aac8d1e467efd1.jpeg@webp,81.5,62.0
1000201629,Питьевой йогурт со вкусом клубника-земляника Чудо 1.9% 260г,373,4.8,Суперцены,https://magnit.ru/product/1000201629?shopCode=694420&shopType=express,False,https://images-foodtech.magnit.ru/XV_e3u10Bq7ed-m4OPOwQnmP_mAdkWXqQZItwpo_WGc/rs:fit:1600:1600/plain/s3://img-dostavka/catalog/uf/5d7/5d782c0ca79280e3f11f0314777d18aa/f3cf1aa6f8a3dafae8aac8d1e467efd1.jpeg@webp,81.5,62.0
1000201629,Питьевой йогурт со вкусом клубника-земляника Чудо 1.9% 260г,373,4.8,Суперцены,https://magnit.ru/product/1000201629?shopCode=694420&shopType=express,False,https://images-foodtech.magnit.ru/XV_e3u10Bq7ed-m4OPOwQnmP_mAdkWXqQZItwpo_WGc/rs:fit:1600:1600/plain/s3://img-dostavka/catalog/uf/5d7/5d782c0ca79280e3f11f0314777d18aa/f3cf1aa6f8a3dafae8aac8d1e467efd1.jpeg@webp,81.5,62.0
1000201629,Питьевой йогурт со вкусом клубника-земляника Чудо 1.9% 260г,373,4.8,Суперцены,https://magnit.ru/product/1000201629?shopCode=694420&shopType=express,False,https://images-foodtech.magnit.ru/XV_e3u10Bq7ed-m4OPOwQnmP_mAdkWXqQZItwpo_WGc/rs:fit:1600:1600/plain/s3://img-dostavka/catalog/uf/5d7/5d782c0ca79280e3f11f0314777d18aa/f3cf1aa6f8a3dafae8aac8d1e467efd1.jpeg@webp,81.5,62.0
1000201629,Питьевой йогурт со вкусом клубника-земляника Чудо 1.9% 260г,373,4.8,Суперцены,https://magnit.ru/product/1000201629?shopCode=694420&shopType=express,False,https://images-foodtech.magnit.ru/XV_e3u10Bq7ed-m4OPOwQnmP_mAdkWXqQZItwpo_WGc/rs:fit:1600:1600/plain/s3://img-dostavka/catalog/uf/5d7/5d782c0ca79280e3f11f0314777d18aa/f3cf1aa6f8a3dafae8aac8d1e467efd1.jpeg@webp,81.5,62.0
1000081859,Оливки зелёные без косточки Premiere of Taste 330г,374,4.6,Суперцены,https://magnit.ru/product/1000081859?shopCode=694420&shopType=express,False,https://images-foodtech.magnit.ru/jhU_U0260VS-AszkEJqgfjsXj9J3_SD77OCotidMlpM/rs:fit:1600:1600/plain/s3://img-dostavka/catalog/uf/1f4/1f4cdc75d3a1e3a33a0c149967a4fa75/e76d463df088f9444138ad8c8f264801.jpeg@webp,294.0,209.0
1000184169,Детское фруктовое пюре Агуша Яблоко-банан со вкусом печенья в мягкой упаковке. с 6 месяцев 90г,375,5.0,Суперцены,https://magnit.ru/product/1000184169?shopCode=694420&shopType=express,False,https://images-foodtech.magnit.ru/hWPdSgNFcidI8KG3q9C6w-noXWL6NWswIM7RxFm8dBo/rs:fit:1600:1600/plain/s3://img-dostavka/catalog/uf/490/490abe2fd41b7cf27398af4b63372b47/fcf6f9102c038764a9f179fe279b5221.jpeg@webp,65.5,49.0
1000448932,Шарики шоколадные Хрутка обогащенные кальцием 650г,376,4.9,Суперцены,https://magnit.ru/product/1000448932?shopCode=694420&shopType=express,False,https://images-foodtech.magnit.ru/oT6zSQmBW4POL7sv-TfSP0eHmqD5hJompaDS0HOGfBo/rs:fit:1600:1600/plain/s3://img-dostavka/catalog/uf/be9/be962bb745142a63cedf0446db4ec667/71c1237abb3bc4b1b5e04ffe427d533d.jpeg@webp,390.0,263.0
1000448932,Шарики шоколадные Хрутка обогащенные кальцием 650г,376,4.9,Суперцены,https://magnit.ru/product/1000448932?shopCode=694420&shopType=express,False,https://images-foodtech.magnit.ru/oT6zSQmBW4POL7sv-TfSP0eHmqD5hJompaDS0HOGfBo/rs:fit:1600:1600/plain/s3://img-dostavka/catalog/uf/be9/be962bb745142a63cedf0446db4ec667/71c1237abb3bc4b1b5e04ffe427d533d.jpeg@webp,390.0,263.0
1000448932,Шарики Хрутка шоколадные обогащенные кальцием 650г,377,4.9,Суперцены,https://magnit.ru/product/1000448932?shopCode=694420&shopType=express,False,https://images-foodtech.magnit.ru/oT6zSQmBW4POL7sv-TfSP0eHmqD5hJompaDS0HOGfBo/rs:fit:1600:1600/plain/s3://img-dostavka/catalog/uf/be9/be962bb745142a63cedf0446db4ec667/71c1237abb3bc4b1b5e04ffe427d533d.jpeg@webp,390.0,263.0
1000448932,Шарики Хрутка шоколадные обогащенные кальцием 650г,377,4.9,Суперцены,https://magnit.ru/product/1000448932?shopCode=694420&shopType=express,False,https://images-foodtech.magnit.ru/oT6zSQmBW4POL7sv-TfSP0eHmqD5hJompaDS0HOGfBo/rs:fit:1600:1600/plain/s3://img-dostavka/catalog/uf/be9/be962bb745142a63cedf0446db4ec667/71c1237abb3bc4b1b5e04ffe427d533d.jpeg@webp,390.0,263.0
1000446677,Влажный корм для кошек Felix Природа вкуса c лососем в соусе 75г,378,5.0,Суперцены,https://magnit.ru/product/1000446677?shopCode=694420&shopType=express,False,https://images-foodtech.magnit.ru/LSa9e93u2oRDFN_Nmhj68630KWuSilW87pY1SsVIWvo/rs:fit:1600:1600/plain/s3://img-dostavka/catalog/uf/56b/56bc069c002d16f7f1b5b67b92f7f84b/5e820e0092413242d461da990051304f.jpeg@webp,23.0,
1000070784,Коктейль молочный Чудо. со вкусом Клубника 2% 960г,379,4.9,Суперцены,https://magnit.ru/product/1000070784?shopCode=694420&shopType=express,False,https://images-foodtech.magnit.ru/hnbers4copm0sRPVWaceKr6zOS_HCb6sFjmzVxsoP9w/rs:fit:1600:1600/plain/s3://img-dostavka/catalog/uf/aa9/aa9bdaddf841ed6a2ab31783d87e76ee/9ca8bd0196b25915d42f60138622d105.jpeg@webp,173.0,149.0
1000070784,Коктейль молочный Чудо. со вкусом Клубника 2% 960г,379,4.9,Суперцены,https://magnit.ru/product/1000070784?shopCode=694420&shopType=express,False,https://images-foodtech.magnit.ru/hnbers4copm0sRPVWaceKr6zOS_HCb6sFjmzVxsoP9w/rs:fit:1600:1600/plain/s3://img-dostavka/catalog/uf/aa9/aa9bdaddf841ed6a2ab31783d87e76ee/9ca8bd0196b25915d42f60138622d105.jpeg@webp,173.0,149.0
1000070784,Молочный коктейль Чудо Клубника 2% 960г,380,4.9,Суперцены,https://magnit.ru/product/1000070784?shopCode=694420&shopType=express,False,https://images-foodtech.magnit.ru/hnbers4copm0sRPVWaceKr6zOS_HCb6sFjmzVxsoP9w/rs:fit:1600:1600/plain/s3://img-dostavka/catalog/uf/aa9/aa9bdaddf841ed6a2ab31783d87e76ee/9ca8bd0196b25915d42f60138622d105.jpeg@webp,173.0,149.0
1000070784,Молочный коктейль Чудо Клубника 2% 960г,380,4.9,Суперцены,https://magnit.ru/product/1000070784?shopCode=694420&shopType=express,False,https://images-foodtech.magnit.ru/hnbers4copm0sRPVWaceKr6zOS_HCb6sFjmzVxsoP9w/rs:fit:1600:1600/plain/s3://img-dostavka/catalog/uf/aa9/aa9bdaddf841ed6a2ab31783d87e76ee/9ca8bd0196b25915d42f60138622d105.jpeg@webp,173.0,149.0
1000478616,Сосиски Стародворье Сочинки по-баварски с сыром 400г,381,4.6,Суперцены,https://magnit.ru/product/1000478616?shopCode=694420&shopType=express,False,https://images-foodtech.magnit.ru/-yu0n2BC5x9brBvDT2-tsIe4CmIEzPwe-ltBASJzrPk/rs:fit:1600:1600/plain/s3://img-dostavka/catalog/uf/1d0/1d0debb568f3d1b2169091168f9f6b8a/a084a65bcf5b7af287bdaa3d56b5ddc2.jpeg@webp,249.0,129.0
1000301425,Влажный корм Purina ONE для домашних кошек с курицей и морковью 75г,382,4.9,Суперцены,https://magnit.ru/product/1000301425?shopCode=694420&shopType=express,False,https://images-foodtech.magnit.ru/CWh5RagIrbGx5n86Uaw-lgbHFNM8Fd3SRie9kUzFA3Y/rs:fit:1600:1600/plain/s3://img-dostavka/catalog/uf/638/638f3799b6d3946fe6d9f5bd6cdcd008/d30f55da280305e67d1b30dbdcdef82a.jpeg@webp,30.0,31.0
1000296347,Сыр Sveza творожный с зеленью 60% 150г,383,5.0,Суперцены,https://magnit.ru/product/1000296347?shopCode=694420&shopType=express,False,https://images-foodtech.magnit.ru/7AjDxLvY-xXZq9kr_SnMJEBUYaFQTw8NPZ3-TXoatwo/rs:fit:1600:1600/plain/s3://img-dostavka/catalog/uf/e45/e458d4de2062fa1a9b9b91e4488f84ba/731c306bd09f7aae156d84ab9971a3c2.jpeg@webp,114.0,
1000299852,Смесь молочная Nutrilak Premium 2 с 6месяцев 600г,384,4.7,Суперцены,https://magnit.ru/product/1000299852?shopCode=694420&shopType=express,False,https://images-foodtech.magnit.ru/lUdGs6_8dcHQwba4f4JwCro11bg9H692ZLv_OguMbx0/rs:fit:1600:1600/plain/s3://img-dostavka/catalog/uf/4cd/4cd7b851b9f8f86b43f4e4998cdad1ea/9fa62e5eabf7db834c7a32a1da4ae7b1.jpeg@webp,665.0,
1000446676,Влажный корм для кошек Felix Природа вкуса с курицей в соусе 75г,385,4.8,Суперцены,https://magnit.ru/product/1000446676?shopCode=694420&shopType=express,False,https://images-foodtech.magnit.ru/ZUTcZrwkSwpbxB5Td3Ta0uvyURSH9KN334OqQZDKR2g/rs:fit:1600:1600/plain/s3://img-dostavka/catalog/uf/c98/c9817f14a07a6eeb45bbd3fc4eedfff7/d8778e28e85087a3eac910c818fe1c37.jpeg@webp,23.0,
1000047329,Творожок двухслойный Чудо Персик-груша 4.2% 100г,386,4.9,Суперцены,https://magnit.ru/product/1000047329?shopCode=694420&shopType=express,False,https://images-foodtech.magnit.ru/aZXjNqR49yy737_zGkeAO9bJbqxP8_TFBkPXjXCblnY/rs:fit:1600:1600/plain/s3://img-dostavka/catalog/uf/099/099a793972aadce2c130a924ed185f0d/0217722c668a8eb27018858d043faef4.jpeg@webp,62.0,56.0
1000363065,Влажный корм для кошек Whiskas Паштет с уткой 75г,387,4.9,Суперцены,https://magnit.ru/product/1000363065?shopCode=694420&shopType=express,False,https://images-foodtech.magnit.ru/UvcBKE9lWhcmrNrRoJKvo7u7ZbpjQYyDP0c_EtNjWz4/rs:fit:1600:1600/plain/s3://img-dostavka/catalog/pim/goods/1000363065/image/1104dff15101bb239adb5971002e6e5f.jpeg@webp,28.0,27.0
1000047322,Творожок двухслойный Чудо Вишня-черешня 4% 100г,388,4.9,Суперцены,https://magnit.ru/product/1000047322?shopCode=694420&shopType=express,False,https://images-foodtech.magnit.ru/yzTpiKcVFEiuHJhk4GJ3LZnhV2osPTMbYkAl3wCllG4/rs:fit:1600:1600/plain/s3://img-dostavka/catalog/uf/cb1/cb11849610e3af0fa07254dc0ebe40a3/8e7d2941e46a478aa52e9c4c8401a24a.jpeg@webp,62.0,56.0
1000115418,Чай черный Richard Lord Grey 25пак,389,4.9,Суперцены,https://magnit.ru/product/1000115418?shopCode=694420&shopType=express,False,https://images-foodtech.magnit.ru/2XySllaG4qZimKDyS3E7ik3bVGUwsf4DomYgrJsEMXc/rs:fit:1600:1600/plain/s3://img-dostavka/catalog/uf/3c2/3c2af8b0f9ee47cadb8072fdfc43e8da/c951ece4fa40448c8e679e03790d42d6.jpeg@webp,139.0,124.0
1000356206,Сухой корм для кошек Whiskas Паштет с говядиной 350г,390,4.9,Суперцены,https://magnit.ru/product/1000356206?shopCode=694420&shopType=express,False,https://images-foodtech.magnit.ru/STnmqilf3FHdZR_AaWflRunxF5FRP77I3g4iKddPzR4/rs:fit:1600:1600/plain/s3://img-dostavka/catalog/uf/ff9/ff977b2a940e3c7f8297ede5b2e60a86/a0eb342b8b43effbf510a354d5b999a9.jpeg@webp,155.0,139.0
1000301424,Влажный корм для котят Purina ONE в соусе с курицей и морковью 75г,391,4.9,Суперцены,https://magnit.ru/product/1000301424?shopCode=694420&shopType=express,False,https://images-foodtech.magnit.ru/kVG5q5HFPccqten7KJC2F_V1alzWdvGfoFXNHdmZJ_Q/rs:fit:1600:1600/plain/s3://img-dostavka/catalog/uf/c4f/c4f4807e9a3eefa1de2a8797f423e805/0f8a7bf7d09fda5cb91caa56b8a1c575.jpeg@webp,30.0,31.0
1000371456,Кофе растворимый Нескафе Классик Крема натуральный 120г,392,4.9,Суперцены,https://magnit.ru/product/1000371456?shopCode=694420&shopType=express,False,https://images-foodtech.magnit.ru/nNL_bmBGnqbZBz0l-R5SNLyqWImVYWN17EyPEIRZ-QM/rs:fit:1600:1600/plain/s3://img-dostavka/catalog/uf/5c5/5c5a35e129fea756126a722e553365ec/99c8b252455a6aa16964dff64b5cd5dc.jpeg@webp,419.0,
1000452208,Печенье Snaq Fabriq глазированное шоколад фундук без сахара 35г,393,4.7,Суперцены,https://magnit.ru/product/1000452208?shopCode=694420&shopType=express,False,https://images-foodtech.magnit.ru/ST9e8GQzfwKzfRuwvOT4QsCltDwpfVubdx4OqQ8AH38/rs:fit:1600:1600/plain/s3://img-dostavka/catalog/uf/c3d/c3d3a17520914fdd0b02cb39ec6bb4ec/02e2518564ddeb5a72ccd23d3c643660.jpeg@webp,109.0,93.0
1000169996,Чипсы Lays Сметана и зелень 225г,394,4.9,Суперцены,https://magnit.ru/product/1000169996?shopCode=694420&shopType=express,False,https://images-foodtech.magnit.ru/FR1amqJuFd__-fGL_m3k1nVxRCgmhalPhpFL_ADO3uI/rs:fit:1600:1600/plain/s3://img-dostavka/catalog/uf/b56/b56117b08151371f01f5798c20f874fe/41ef65f0bf857e055b86853760b19382.jpeg@webp,309.0,238.0
1000560265,Печенье Snaq Fabriq глазированное Арахис изюм и карамель 45г,395,4.9,Суперцены,https://magnit.ru/product/1000560265?shopCode=694420&shopType=express,False,https://images-foodtech.magnit.ru/qZkYlv9RyaVHxFKtenIJ2O5Ul7S4IH1W4zSF1YhatcQ/rs:fit:1600:1600/plain/s3://img-dostavka/catalog/uf/64d/64d98ca7af44d9e973205bd2733e64a2/c4dd7e6219b57f2ac4aa61177f223ebb.jpeg@webp,99.0,
1000301428,Влажный корм для кошек Purina ONE при чувствительном пищеварении с курицей в соусе 75г,396,4.8,Суперцены,https://magnit.ru/product/1000301428?shopCode=694420&shopType=express,False,https://images-foodtech.magnit.ru/TAkciemEo6P8cRGF-wRGE4Nv67ozc8m7z_QPjMLvOMo/rs:fit:1600:1600/plain/s3://img-dostavka/catalog/uf/243/2434d4ee57d11d2575141135c37b88a2/755fa4ac435e13627552c80a10d84e53.jpeg@webp,30.0,
1000177256,Влажный корм для кошек Kitekat Аппетитная рыбка в соусе 85г,397,5.0,Суперцены,https://magnit.ru/product/1000177256?shopCode=694420&shopType=express,False,https://images-foodtech.magnit.ru/eD3iEJGKpGzmo_3AHrDAbrorYfuFpbs0-I_Dv_RmCkQ/rs:fit:1600:1600/plain/s3://img-dostavka/catalog/uf/e8d/e8d28132d90539ce0aecf96cd2a64ac6/c699929a715d5779e45e73c236d6f43a.jpeg@webp,23.0,
1498900282,Огурчики Дядя Ваня По-берлински 680г,398,4.8,Суперцены,https://magnit.ru/product/1498900282?shopCode=694420&shopType=express,False,https://images-foodtech.magnit.ru/l8C0dyoPkkkTmKLTc821uQGLwenIMS7m_H5Q1peFmSY/rs:fit:1600:1600/plain/s3://img-dostavka/catalog/uf/302/3020a216491e21e494513b20dcc98cd0/2e8c16809591e2ef513d67158d2fd0e4.jpeg@webp,239.0,
1000238328,Колбаса Великолукский МК Докторская вареная 500г,399,4.7,Суперцены,https://magnit.ru/product/1000238328?shopCode=694420&shopType=express,False,https://images-foodtech.magnit.ru/OpQBES9N6u9XO_QETgFbSZaB0HJP9mGjs1ZWgBfXDqU/rs:fit:1600:1600/plain/s3://img-dostavka/catalog/uf/54f/54f43d08c8fd10358d6091fed8f54fa3/a04b8369ea6b00cd07046858f58e5833.jpeg@webp,289.0,231.0
1000177259,Влажный корм для кошек Сочная говядина в желе Kitekat 85г,400,5.0,Суперцены,https://magnit.ru/product/1000177259?shopCode=694420&shopType=express,False,https://images-foodtech.magnit.ru/qTlDDMDV-ZV7vfLy4sHvSy27ZXzNu24jYuP81DJJ0Ig/rs:fit:1600:1600/plain/s3://img-dostavka/catalog/uf/b7f/b7f5fcc1335f583d3314d89c930d898d/9f8dba77dd70e6bad20a438a45008084.jpeg@webp,23.0,
1000453883,Влажный корм для кошек Аппетитные кусочки с индейкой в желе Felix 75г,401,5.0,Суперцены,https://magnit.ru/product/1000453883?shopCode=694420&shopType=express,False,https://images-foodtech.magnit.ru/wwiTp-Ohk2HjnfNnLuCT7T8us8ZOIYzdywK4cCGDXM8/rs:fit:1600:1600/plain/s3://img-dostavka/catalog/uf/eff/eff2d3ac925b9fd3a614dd8ae9a0f4cc/8a7f0891e7a78a30f0f2fe6527c50109.jpeg@webp,26.0,26.0
1000376080,Влажный корм для кошек Мираторг Extra Meat курочка в соусе 80г,402,4.7,Суперцены,https://magnit.ru/product/1000376080?shopCode=694420&shopType=express,False,https://images-foodtech.magnit.ru/TkhUg3fSV7xaJTkyuKjfEM2kexYnOgqNqrz3ciyHaZA/rs:fit:1600:1600/plain/s3://img-dostavka/catalog/uf/40a/40aea5962d391cbfcccbcebf2cef3458/5a14949968339ae00e669c47af57f5aa.jpeg@webp,47.0,35.0
1000472603,Кетчуп Томатный Heinz 800г,403,5.0,Суперцены,https://magnit.ru/product/1000472603?shopCode=694420&shopType=express,False,https://images-foodtech.magnit.ru/Xz3MSai7Ukjb19ypLM4EIv9gw7XdElwVZSG6citVhvw/rs:fit:1600:1600/plain/s3://img-dostavka/catalog/uf/aa3/aa34b60fecfe4aacf687ae32e113a829/528b87c7856100d45ab1935a1a330c25.jpeg@webp,249.0,
1000394083,Лакомства для кошек Titbit Колбаски Сливочные 20г,404,4.9,Суперцены,https://magnit.ru/product/1000394083?shopCode=694420&shopType=express,False,https://images-foodtech.magnit.ru/zFm8Aw44Qi7VniI4WC5A4w-s51HymObPUlKOAQ9k7VI/rs:fit:1600:1600/plain/s3://img-dostavka/catalog/uf/482/482ddd55186ba9f2a2390bdc0b4d3cc1/26ae55e0c75628967501f70762f3e1ad.jpeg@webp,39.0,
2400017173,Стиральный порошок Ушастый нянь детский 2.4кг,405,5.0,Суперцены,https://magnit.ru/product/2400017173?shopCode=694420&shopType=express,False,https://images-foodtech.magnit.ru/UlvYBqy4JElYL2afY5fa8FnoZDIZeExl6c9VjZ7WQH8/rs:fit:1600:1600/plain/s3://img-dostavka/catalog/uf/739/7393f87ca5aa74934cce30fb2a4db7ac/9e25e8621ceac91a9bb6064058257e1e.jpeg@webp,631.0,459.0
1000586173,Влажный корм для кошек Whiskas Паштет с кроликом 75г,406,4.9,Суперцены,https://magnit.ru/product/1000586173?shopCode=694420&shopType=express,False,https://images-foodtech.magnit.ru/NJG8W_f9Z1LbOQ2XF0oxaPpBLsquSiWHMuYxDRUhm04/rs:fit:1600:1600/plain/s3://img-dostavka/catalog/pim/goods/1000586173/image/dfefe8c291eefc24babde2f70d6e19d7.jpeg@webp,28.0,
1000363066,Влажный корм для кошек Whiskas Паштет с говядиной и печенью 75г,407,5.0,Суперцены,https://magnit.ru/product/1000363066?shopCode=694420&shopType=express,False,https://images-foodtech.magnit.ru/x8gQDEj2kFFn51FPMqY7GqpnTthuHJNncxLf-li2EH4/rs:fit:1600:1600/plain/s3://img-dostavka/catalog/pim/goods/1000363066/image/02b8044dec1fa1c91de39c5048557661.jpeg@webp,28.0,27.0
1000426751,Влажный корм для стерилизованных кошек Purina ONE Говядина 75г,408,5.0,Суперцены,https://magnit.ru/product/1000426751?shopCode=694420&shopType=express,False,https://images-foodtech.magnit.ru/Zv6c0qRvn5CYNL2DRv1xajksk6J-ewdj7NHkJJLkgAA/rs:fit:1600:1600/plain/s3://img-dostavka/catalog/uf/b01/b012fad8873f25c81077544b1a813bb1/cca7b82eac364989ef980918829f79c1.jpeg@webp,43.0,30.0
3392940005,Сыр плавленый Hochland сливочный 55% 400г,409,5.0,Суперцены,https://magnit.ru/product/3392940005?shopCode=694420&shopType=express,False,https://images-foodtech.magnit.ru/4CUV6s42ut6qurhT_BPX9f_q9T7jcKdRLvpqKIoBjEo/rs:fit:1600:1600/plain/s3://img-dostavka/catalog/uf/b32/b328455b6eb4e299b0e54a72ad9632e0/ae63226824e9ce8597c5afe4ea1b3d36.jpeg@webp,339.0,299.0
3272062010,Сок Сады Придонья Яблоко прямого отжима 1л,410,4.9,Суперцены,https://magnit.ru/product/3272062010?shopCode=694420&shopType=express,False,https://images-foodtech.magnit.ru/s3JcRiD2dkJgBMK5wZtnygEQNi19v_-FM3i1cKAropg/rs:fit:1600:1600/plain/s3://img-dostavka/catalog/uf/213/2139872de28a1fa945377998eeb4a7eb/78bcd0596ed2d083dd48ea515885962d.jpeg@webp,99.0,
1000586171,Влажный корм для кошек Whiskas Белая рыба креветки и овощи 75г,411,5.0,Суперцены,https://magnit.ru/product/1000586171?shopCode=694420&shopType=express,False,https://images-foodtech.magnit.ru/kja3ge7utYlS8m6Fk7QdMGNLIuAg_5t1mVJofRyw07k/rs:fit:1600:1600/plain/s3://img-dostavka/catalog/pim/goods/1000586171/image/ff6261125c1c5bf6a9e29ce1e1acabaa.jpeg@webp,28.0,
1000306706,Кофе растворимый Nescafe Gold натуральный сублимированный 220г,412,4.9,Суперцены,https://magnit.ru/product/1000306706?shopCode=694420&shopType=express,False,https://images-foodtech.magnit.ru/w87T1R2OoyWrbg-JqncBLVKGU-Xbj_TpBVS_wKqfNbs/rs:fit:1600:1600/plain/s3://img-dostavka/catalog/uf/5b2/5b2784867f4f6cb9a48e49b9d0f0752d/ed03ec9c07980fb1d6cdd04d19d49607.jpeg@webp,1299.0,761.0
1000446678,Влажный корм для кошек Felix Природа вкуса с говядиной в соусе 75г,413,4.8,Суперцены,https://magnit.ru/product/1000446678?shopCode=694420&shopType=express,False,https://images-foodtech.magnit.ru/RjnW1J2xNvynVXRIGcZnv_D0tQ1PQv_xd_3Hs1U-tdo/rs:fit:1600:1600/plain/s3://img-dostavka/catalog/uf/095/095ddb44a7ca14dc61f76141f3ac0d8a/dd3d18043d49ecef998211e416f9c5f0.jpeg@webp,23.0,
8000012557,Огурцы Green Ribbon маринованные 680г,414,4.7,Суперцены,https://magnit.ru/product/8000012557?shopCode=694420&shopType=express,False,https://images-foodtech.magnit.ru/a-44VwpyZWTgMisotdPSsgwuTHoRHfFG8XwmvKM3uG8/rs:fit:1600:1600/plain/s3://img-dostavka/catalog/uf/01a/01a67b370ce666083bd559e66a135cf3/caab9003eed0c169e21341217f17cba5.jpeg@webp,197.0,159.0
8000053005,Влажный корм для взрослых кошек паштет с курицей и кроликом Felix 75г,415,4.9,Суперцены,https://magnit.ru/product/8000053005?shopCode=694420&shopType=express,False,https://images-foodtech.magnit.ru/mlftRgwLNlRQuYWlqGIF-cdzXJDsOuPP8y7qtAEsuCQ/rs:fit:1600:1600/plain/s3://img-dostavka/catalog/uf/a6a/a6a9ce05a61d64161fb9852f385ae61c/0144be6252c183b07f49318a9a22fea1.jpeg@webp,30.0,28.0
1000586167,Влажный корм для кошек Whiskas сочное желе Форель и лосось 75г,416,4.9,Суперцены,https://magnit.ru/product/1000586167?shopCode=694420&shopType=express,False,https://images-foodtech.magnit.ru/5HqyBm4IuqCEhFY2WrwkGSC7Om4bQ6lE03qGr5cLa_Q/rs:fit:1600:1600/plain/s3://img-dostavka/catalog/pim/goods/1000586167/image/70c761b2688bfb3fe3e18c21646a62f0.jpeg@webp,28.0,
1000511894,Пюре яблоко-черная смородина-ежевика с 6 месяцев Агуша 80г,417,4.9,Суперцены,https://magnit.ru/product/1000511894?shopCode=694420&shopType=express,False,https://images-foodtech.magnit.ru/o1bFygSEDVFIaapAdYhTX7FRdT-VXTxmyC0nW4Z_vIo/rs:fit:1600:1600/plain/s3://img-dostavka/catalog/uf/35c/35ccda980a614dae4d25273231460377/2e465461a2b89abc7f3355dcb3fc384b.jpeg@webp,55.0,49.0
1000301427,Влажный корм для кошек Purina ONE с говядиной и морковью в соусе 75г,418,4.9,Суперцены,https://magnit.ru/product/1000301427?shopCode=694420&shopType=express,False,https://images-foodtech.magnit.ru/q5XEWYehgDPJGog4X2zhQfQ2zzHC29WUI2WAtblDRgA/rs:fit:1600:1600/plain/s3://img-dostavka/catalog/uf/3e4/3e4681bdb94a8060a1204a71a8acf693/e2836e264b115ba23e0645a66902c658.jpeg@webp,30.0,31.0
1000379556,Влажный корм для стерилизованных кошек с курицей в соусе Perfect Fit 75г,419,4.9,Суперцены,https://magnit.ru/product/1000379556?shopCode=694420&shopType=express,False,https://images-foodtech.magnit.ru/Qygi3jEgGTAs-E58J3iVZnwCNdYYK274Vz_qHyXXedU/rs:fit:1600:1600/plain/s3://img-dostavka/catalog/uf/515/51545f53675fe17626aa90d1e497a3e6/5ff8606e048e2f51f86473f48ef38cff.jpeg@webp,32.0,
1000379559,Влажный корм для кошек Perfect Fit полнорационный для стерилизованных кошек с говядиной в соусе 75г,420,4.9,Суперцены,https://magnit.ru/product/1000379559?shopCode=694420&shopType=express,False,https://images-foodtech.magnit.ru/bMgOrMnNBakl-ZlO7TRTl5Nk-aX22VIt5g1KqfA7oOg/rs:fit:1600:1600/plain/s3://img-dostavka/catalog/uf/3bc/3bca52a6d78ff1feaacb468e8a988926/bbf6b868722a84b4b53c345efb63d25c.jpeg@webp,32.0,
1000353309,Пюре яблоко-банан-клубника-киви с 8 месяцев Агуша 90г,421,4.8,Суперцены,https://magnit.ru/product/1000353309?shopCode=694420&shopType=express,False,https://images-foodtech.magnit.ru/3EPIEjcxfop3TTBkBXrjQpu_ea4Z1WazLJ41jVweLEQ/rs:fit:1600:1600/plain/s3://img-dostavka/catalog/uf/c2c/c2c3b10aa2a8f221cf09e44b4c6acd0b/2a2dc41661ce78d9df772a833f2ea5c4.jpeg@webp,61.0,49.0
1000462083,Конфета Konfesta глазированная с кокосовой начинкой 150г,422,4.8,Суперцены,https://magnit.ru/product/1000462083?shopCode=694420&shopType=express,False,https://images-foodtech.magnit.ru/Me2YLukOSt8aC2n3fR0_VyTkzB7z4lQ40Omb-cF76HY/rs:fit:1600:1600/plain/s3://img-dostavka/catalog/uf/044/044ac69d25e074300170f255cd1d7285/e15a5ead2428e1040b768bbaa661e22c.jpeg@webp,171.0,137.0
1000216768,Томаты резаные в собственном соку Premiere of Taste 400г,423,4.9,Суперцены,https://magnit.ru/product/1000216768?shopCode=694420&shopType=express,False,https://images-foodtech.magnit.ru/OybpMu84yUe6R2zwhly6h3C3k7j4qS3tcNukv1l948k/rs:fit:1600:1600/plain/s3://img-dostavka/catalog/uf/15d/15da2d27c76505f3a5eeaaadeea42b57/0960127a4b7829bece67afe964d925c9.jpeg@webp,189.0,124.0
1000222957,Питьевой йогурт со вкусом Ягодное мороженое Чудо 1.9% 260г,424,4.8,Суперцены,https://magnit.ru/product/1000222957?shopCode=694420&shopType=express,False,https://images-foodtech.magnit.ru/yttGtlx4H7wvUgDOEw_F1UuydojsT_EPTztNMpqDf2E/rs:fit:1600:1600/plain/s3://img-dostavka/catalog/uf/65f/65ffc94cc2014e4395bc9c13e2938fc8/76eebaac8e5c14a310a025ada645af76.jpeg@webp,81.5,62.0
1000508300,Биойогурт питьевой Актибио Злаки 1.6% 870г,425,5.0,Суперцены,https://magnit.ru/product/1000508300?shopCode=694420&shopType=express,False,https://images-foodtech.magnit.ru/YaaVX95WA0oKwyNra3VmyXp3bP91Gee0vM8D0aQpjps/rs:fit:1600:1600/plain/s3://img-dostavka/catalog/uf/9ce/9ce8c7fa01d9b402740b4f92f9cc8544/ef3517117556bec531c3945f69596227.jpeg@webp,154.0,
1000528665,Батончик Snaq Fabriq Марципановый 35г,426,4.7,Суперцены,https://magnit.ru/product/1000528665?shopCode=694420&shopType=express,False,https://images-foodtech.magnit.ru/iUHx9T6DBs7Ly9rQ-A4ubQNbT8yvI7zVRs_zu8RN3sk/rs:fit:1600:1600/plain/s3://img-dostavka/catalog/uf/024/024127cb52691ecd72acb01eefdf757a/b354308592372b53b9be40ff51ec986b.jpeg@webp,99.0,
2400017400,Сок Сады Придонья Яблоко-вишня 1л,427,4.9,Суперцены,https://magnit.ru/product/2400017400?shopCode=694420&shopType=express,False,https://images-foodtech.magnit.ru/VQhSwxdea6HbxwKbSLIHmRYaFR2S2f8VGa3EXSuJGGE/rs:fit:1600:1600/plain/s3://img-dostavka/catalog/uf/4d9/4d9be20484a76172912e1258a8f62c75/00b7c7ec2b9a1d179070bd182c4e3cb7.jpeg@webp,99.0,
1000453898,Влажный корм для кошек Felix Sensations Треска в соусе с томатами 75г,428,4.9,Суперцены,https://magnit.ru/product/1000453898?shopCode=694420&shopType=express,False,https://images-foodtech.magnit.ru/v0qKjaADM1faGndReMEypsQWWAUBGbFDvgncAwqip9s/rs:fit:1600:1600/plain/s3://img-dostavka/catalog/uf/e5c/e5c9af100807e2446b592477f085447c/f3c10f7dbd3e7040923cf8d40f72ba2a.jpeg@webp,29.0,
2005960050,Стиральный порошок Bimax 100 пятен автомат 3кг,429,4.9,Суперцены,https://magnit.ru/product/2005960050?shopCode=694420&shopType=express,False,https://images-foodtech.magnit.ru/BtKkQFyNwiXClgxUTLEdJ3HrV55OokghIZ-8PCCggJk/rs:fit:1600:1600/plain/s3://img-dostavka/catalog/pim/goods/2005960050/image/d44cb4140f6a02ae81ac2461a57205d2.jpeg@webp,594.0,379.0
1000411777,Сухой корм для взрослых собак Мираторг Meat малых пород с нежной телятиной 500г,430,4.8,Суперцены,https://magnit.ru/product/1000411777?shopCode=694420&shopType=express,False,https://images-foodtech.magnit.ru/9YzqX7xWyOP9MMJRcb51QY_E6rJOtJd4LZIcSL_Hfms/rs:fit:1600:1600/plain/s3://img-dostavka/catalog/uf/3e1/3e16b132a64bf5f9d06e1f29d23bb508/74321df7a5c8d86d3add478c63918fb0.jpeg@webp,229.0,184.0
1000249995,Сок Сады Придонья Томатный 1л,431,4.7,Суперцены,https://magnit.ru/product/1000249995?shopCode=694420&shopType=express,False,https://images-foodtech.magnit.ru/CMdh6ttTYXPfhqHECefmDDv7h9cK46D7TS7k_HndAho/rs:fit:1600:1600/plain/s3://img-dostavka/catalog/uf/c13/c1398855968942df6391063d804f5d18/44c34f796c59ee686a75ed8f480d03ff.jpeg@webp,112.0,
3274230002,Сок Nar Гранатовый 1л,432,4.6,Суперцены,https://magnit.ru/product/3274230002?shopCode=694420&shopType=express,False,https://images-foodtech.magnit.ru/t84Ls6dBqbWAiv3OyJlZDMJUMJ53lrmf3K1eApaMtPk/rs:fit:1600:1600/plain/s3://img-dostavka/catalog/uf/285/285972c1984c017c288746c26318aad2/4a1bc8dd72343a87391b0083a01235b6.jpeg@webp,215.0,189.0
1000300793,Грецкий орех Восточный Гость 130г,433,4.9,Суперцены,https://magnit.ru/product/1000300793?shopCode=694420&shopType=express,False,https://images-foodtech.magnit.ru/EyQuIGaWlLgcl4v_R-NI-yDEuI-VZBXGLGgcrZLm7WU/rs:fit:1600:1600/plain/s3://img-dostavka/catalog/uf/5a7/5a718aa3aea84f4b91287b3390df7881/5afa5c48ef7fec388023dc66bf1350d2.jpeg@webp,332.0,
1000195964,Сухой корм для стерилизованных кошек Purina One с говядиной и пшеницей 3кг,434,4.9,Суперцены,https://magnit.ru/product/1000195964?shopCode=694420&shopType=express,False,https://images-foodtech.magnit.ru/WTDv6VnCrpxpK2Sxcmz1cjmmQuyq7YTgSZqcvhGs6g0/rs:fit:1600:1600/plain/s3://img-dostavka/catalog/uf/11d/11d603d6805f7e62014d79a458eb9a34/19348289ac7b19ed18117c4c796bd0de.jpeg@webp,1616.0,1421.0
1000195964,Сухой корм для стерилизованных кошек Purina One с говядиной и пшеницей 3кг,434,4.9,Суперцены,https://magnit.ru/product/1000195964?shopCode=694420&shopType=express,False,https://images-foodtech.magnit.ru/WTDv6VnCrpxpK2Sxcmz1cjmmQuyq7YTgSZqcvhGs6g0/rs:fit:1600:1600/plain/s3://img-dostavka/catalog/uf/11d/11d603d6805f7e62014d79a458eb9a34/19348289ac7b19ed18117c4c796bd0de.jpeg@webp,1616.0,1421.0
1000195964,Сухой корм для стерилизованных кошек Purina ONE с говядиной и пшеницей 3кг,435,4.9,Суперцены,https://magnit.ru/product/1000195964?shopCode=694420&shopType=express,False,https://images-foodtech.magnit.ru/WTDv6VnCrpxpK2Sxcmz1cjmmQuyq7YTgSZqcvhGs6g0/rs:fit:1600:1600/plain/s3://img-dostavka/catalog/uf/11d/11d603d6805f7e62014d79a458eb9a34/19348289ac7b19ed18117c4c796bd0de.jpeg@webp,1616.0,1421.0
1000195964,Сухой корм для стерилизованных кошек Purina ONE с говядиной и пшеницей 3кг,435,4.9,Суперцены,https://magnit.ru/product/1000195964?shopCode=694420&shopType=express,False,https://images-foodtech.magnit.ru/WTDv6VnCrpxpK2Sxcmz1cjmmQuyq7YTgSZqcvhGs6g0/rs:fit:1600:1600/plain/s3://img-dostavka/catalog/uf/11d/11d603d6805f7e62014d79a458eb9a34/19348289ac7b19ed18117c4c796bd0de.jpeg@webp,1616.0,1421.0
1000370393,Чай черный Curtis Elegant Earl Grey бергамот-цитрус 100саше 170г,436,5.0,Суперцены,https://magnit.ru/product/1000370393?shopCode=694420&shopType=express,False,https://images-foodtech.magnit.ru/358HMxTa3mOcsh8kIcsg2X8qDP0ODidTJebTjtU7JqY/rs:fit:1600:1600/plain/s3://img-dostavka/catalog/uf/83e/83e8536e141e1bcf8fde12cdc9d4e4dc/35a6c923c0f9b49ccd417914428e2658.jpeg@webp,407.0,336.0
1000014294,Конфеты Рот фронт Птичье молоко настоящие 225г,437,4.7,Суперцены,https://magnit.ru/product/1000014294?shopCode=694420&shopType=express,False,https://images-foodtech.magnit.ru/aI8HV6aiWqIj6jOKv5qjctr-mAQm5h5yYaRVBpo9wug/rs:fit:1600:1600/plain/s3://img-dostavka/catalog/uf/f2c/f2c681afa212c7f1faed013507b95621/356779511210548c2f8198ce17469707.jpeg@webp,269.0,
1000137597,Влажный корм для собак миниатюрных пород Pedigree Паштет с говядиной 80г,438,5.0,Суперцены,https://magnit.ru/product/1000137597?shopCode=694420&shopType=express,False,https://images-foodtech.magnit.ru/d7KciRY-9hCgidrjeRVjrZCUb4Tla9RJOLYqCt6Shco/rs:fit:1600:1600/plain/s3://img-dostavka/catalog/uf/2b6/2b6fd695c3da26e5d7e1f537021981e3/8e1f8dbb908b5841debcd550a0c0f0ac.jpeg@webp,26.0,25.0
3201860038,Коктейль молочный Чудо со вкусом Клубника 2% 210г,439,4.8,Суперцены,https://magnit.ru/product/3201860038?shopCode=694420&shopType=express,False,https://images-foodtech.magnit.ru/K3SES25u5nAM5OdeO4faj8MAsxNOhEaFkMXVSHOMeCo/rs:fit:1600:1600/plain/s3://img-dostavka/catalog/uf/4f0/4f0dc56be0581a9d39c96b2b9c8b6dd3/8ff2627f98a9e6ff1d6bc52d1d20e28b.jpeg@webp,58.0,47.0
3201860038,Коктейль молочный Чудо со вкусом Клубника 2% 210г,439,4.8,Суперцены,https://magnit.ru/product/3201860038?shopCode=694420&shopType=express,False,https://images-foodtech.magnit.ru/K3SES25u5nAM5OdeO4faj8MAsxNOhEaFkMXVSHOMeCo/rs:fit:1600:1600/plain/s3://img-dostavka/catalog/uf/4f0/4f0dc56be0581a9d39c96b2b9c8b6dd3/8ff2627f98a9e6ff1d6bc52d1d20e28b.jpeg@webp,58.0,47.0
3201860038,Молочный коктейль Чудо Клубника 2% 200мл,440,4.8,Суперцены,https://magnit.ru/product/3201860038?shopCode=694420&shopType=express,False,https://images-foodtech.magnit.ru/K3SES25u5nAM5OdeO4faj8MAsxNOhEaFkMXVSHOMeCo/rs:fit:1600:1600/plain/s3://img-dostavka/catalog/uf/4f0/4f0dc56be0581a9d39c96b2b9c8b6dd3/8ff2627f98a9e6ff1d6bc52d1d20e28b.jpeg@webp,58.0,47.0
3201860038,Молочный коктейль Чудо Клубника 2% 200мл,440,4.8,Суперцены,https://magnit.ru/product/3201860038?shopCode=694420&shopType=express,False,https://images-foodtech.magnit.ru/K3SES25u5nAM5OdeO4faj8MAsxNOhEaFkMXVSHOMeCo/rs:fit:1600:1600/plain/s3://img-dostavka/catalog/uf/4f0/4f0dc56be0581a9d39c96b2b9c8b6dd3/8ff2627f98a9e6ff1d6bc52d1d20e28b.jpeg@webp,58.0,47.0
1000586168,Влажный корм для кошек Whiskas рагу с Телятина ягнёнок овощи 75г,441,4.9,Суперцены,https://magnit.ru/product/1000586168?shopCode=694420&shopType=express,False,https://images-foodtech.magnit.ru/Es4IAduvwt9Fr0NJxCCmHTXn6IHD6S88rJ9fawqfhVs/rs:fit:1600:1600/plain/s3://img-dostavka/catalog/pim/goods/1000586168/image/80e53a8f20b8c3bd374ceba54648ba9b.jpeg@webp,28.0,
1000381655,Влажный корм для взрослых кошек Felix Мясные ломтики с курицей 75г,442,4.9,Суперцены,https://magnit.ru/product/1000381655?shopCode=694420&shopType=express,False,https://images-foodtech.magnit.ru/kj6TuDknbDb-OuHL1MSKUbKZRSwc3FOCIxGnLN92n1I/rs:fit:1600:1600/plain/s3://img-dostavka/catalog/uf/457/457dfc4cb219e73aa9737711af6d19e0/7d0e7283828c12bd6a0e6b6f8c797804.jpeg@webp,27.0,26.0
1000222955,Творожок двухслойный Чудо Ежевика-малина 4.2% 100г,443,5.0,Суперцены,https://magnit.ru/product/1000222955?shopCode=694420&shopType=express,False,https://images-foodtech.magnit.ru/BusSlVztSzr3Au51yv8pgkPXTzDmUwHb4Dfy5wdPkWc/rs:fit:1600:1600/plain/s3://img-dostavka/catalog/uf/8ff/8ff92e014884f22aabbdb5709ca840f9/81aaf5230e00884eb4265f5a014337c4.jpeg@webp,62.0,56.0
8000038666,Пельмени Мираторг из мраморной говядины 700г,444,4.5,Суперцены,https://magnit.ru/product/8000038666?shopCode=694420&shopType=express,False,https://images-foodtech.magnit.ru/ivbpmv9GcCMp7RI4iPo23KNARYXpgtaOTiu_75THK4E/rs:fit:1600:1600/plain/s3://img-dostavka/catalog/uf/70b/70bd06574b9ce81b55fbad9a5c35dfaa/b06c7be0673f74dbfd09b04a030638cb.jpeg@webp,509.0,399.0
1000317660,Варенье клубничное Вологодское 370г,445,4.9,Суперцены,https://magnit.ru/product/1000317660?shopCode=694420&shopType=express,False,https://images-foodtech.magnit.ru/klD95af3sX9NJyQxAC5zRGopy9_T5Zu9qGzMLg-5nZw/rs:fit:1600:1600/plain/s3://img-dostavka/catalog/uf/bbe/bbe8d8401e5172d59e4d466dcb7f313f/6f0e1fe5070365907f6d80d3f5575d1b.jpeg@webp,249.0,
1000279455,Желтоперый тунец натуральный филе-кусочки Магуро 170г,446,4.7,Суперцены,https://magnit.ru/product/1000279455?shopCode=694420&shopType=express,False,https://images-foodtech.magnit.ru/67GLh5ZZYDZiCEvtPAxCe4UZuZRO9FRNn45Myk6rgYQ/rs:fit:1600:1600/plain/s3://img-dostavka/catalog/uf/5ae/5aeaf10e09944b42a86fe0561e543b2c/f486bc03e01925370ae9bc336ff75586.jpeg@webp,275.0,224.0
1000116739,Конфеты Ferrero Rocher из молочного шоколада с начинкой из крема и лесного ореха 125г,447,4.9,Суперцены,https://magnit.ru/product/1000116739?shopCode=694420&shopType=express,False,https://images-foodtech.magnit.ru/pRcMLu0s3xF8ZD5OQTVlAGEiZiBzpxN8JWqSdn4v75M/rs:fit:1600:1600/plain/s3://img-dostavka/catalog/uf/167/167988b0fb39888272a11be8746e8ed3/3ea357122f8cff4978a94f65c0919176.jpeg@webp,620.0,499.0
1000446371,Варенье Экопродукт десерт Черника стерилизованное 325г,448,4.4,Суперцены,https://magnit.ru/product/1000446371?shopCode=694420&shopType=express,False,https://images-foodtech.magnit.ru/oOdUlhAqgExfENCDbPEKjUtJ7Dw9CSfELJkp3Z4OhWE/rs:fit:1600:1600/plain/s3://img-dostavka/catalog/uf/485/485d1770f879844066cab68cfce61b65/aff5ed6f8c6bc81e5b535fec3423347e.jpeg@webp,263.0,194.0
1000237520,Хлопья Любятово кукурузные 600г,449,4.9,Суперцены,https://magnit.ru/product/1000237520?shopCode=694420&shopType=express,False,https://images-foodtech.magnit.ru/tHHPFP-aOpHuiYdXr2-iJBSoGel2-qvNnlf1H2ORUOY/rs:fit:1600:1600/plain/s3://img-dostavka/catalog/uf/8c6/8c67cf9a68a79e7c5f17704860172b73/211919ec5b5d5ba9cb191e769850ae97.jpeg@webp,194.0,169.0
1000459103,Батончик Snaq Fabriq вафельный глазированный со вкусом ванильного крема и бельгийского шоколада без сахара 45г,450,4.8,Суперцены,https://magnit.ru/product/1000459103?shopCode=694420&shopType=express,False,https://images-foodtech.magnit.ru/slY6bfwgINTJV_aiENy9raHuqycbB2dTKDYpJylWfFA/rs:fit:1600:1600/plain/s3://img-dostavka/catalog/uf/be8/be87da53ace9d36b35539e62c08c880b/2b1cd2008f97c12a2fbc21513fe6aedf.jpeg@webp,99.0,89.0
1000112595,Напиток кисломолочный Имунеле For Kids Малиновый пломбир 1.5% 100г,451,4.8,Суперцены,https://magnit.ru/product/1000112595?shopCode=694420&shopType=express,False,https://images-foodtech.magnit.ru/ipdKPJJo1t-mszEzrpxhpZe8i3_uAr7tZr6DHqgH3XA/rs:fit:1600:1600/plain/s3://img-dostavka/catalog/uf/4db/4dbe4f163adee6928429fdd4ce714c15/96421ed7f6acb6918da3bd75c5bdad35.jpeg@webp,31.0,
1000155021,Оливки без косточки Bonduelle 300г,452,4.8,Суперцены,https://magnit.ru/product/1000155021?shopCode=694420&shopType=express,False,https://images-foodtech.magnit.ru/O1EpI9M53PC3ZnhPI5b7o2aj72_cPInTQ8gEspQRyQI/rs:fit:1600:1600/plain/s3://img-dostavka/catalog/uf/22e/22ed297cc2434fdc1834f6f15f778ba3/697ff39a3330ba8001c613d71b04e1d1.jpeg@webp,252.0,169.0
1000441494,Сухой корм для кошек Felix Двойная вкуснятина с мясом 600г,453,4.9,Суперцены,https://magnit.ru/product/1000441494?shopCode=694420&shopType=express,False,https://images-foodtech.magnit.ru/_H-4qICHiEqlIEx3AuHExROS-lLwjYMab7KK2zF-av0/rs:fit:1600:1600/plain/s3://img-dostavka/catalog/uf/ca9/ca9a0d79082bfa8fca46229caf4cbcde/4d312499b62d84b5b4f0eb0e60a4ac89.jpeg@webp,332.0,279.0
1000501581,Оливки Federici с лимоном 300г,454,4.8,Суперцены,https://magnit.ru/product/1000501581?shopCode=694420&shopType=express,False,https://images-foodtech.magnit.ru/zSe4KAHBK4fWJcJtzM1FZa2W-j9JPRRsFxSqmCkSJVc/rs:fit:1600:1600/plain/s3://img-dostavka/catalog/uf/605/6059a31279bb54819140c741c67f55e9/f6b89d77fe23c3c5c7e507b5decb5ac3.jpeg@webp,217.0,179.0
1000456623,Напиток Добрый Манго-маракуйя 1.5л,455,4.9,Суперцены,https://magnit.ru/product/1000456623?shopCode=694420&shopType=express,False,https://images-foodtech.magnit.ru/H-T4i-Ah-iDdIV8rp5PGgCnYbXNGoZPXg9UVmmDwAAk/rs:fit:1600:1600/plain/s3://img-dostavka/catalog/uf/99d/99d617aa36d8f4d8151d673464d5443b/f28ddd7862d2cab97b232c417a649f04.jpeg@webp,139.0,139.0
1000462190,Фасоль Пиканта печеная в томатном соусе 470г,456,4.3,Суперцены,https://magnit.ru/product/1000462190?shopCode=694420&shopType=express,False,https://images-foodtech.magnit.ru/0Tj4hwwtiEQjFk3NqWv8BP8-iCRxSRp58hsUFOW2LF4/rs:fit:1600:1600/plain/s3://img-dostavka/catalog/uf/9ae/9ae1a5a4bf1fe5f17dfa9edbe22a8b9c/c677603d4634dff09ba03c464551ba27.jpeg@webp,159.0,134.0
1000449722,Смузи манго-персик-яблоко со злаками и витаминами J7 300мл,457,5.0,Суперцены,https://magnit.ru/product/1000449722?shopCode=694420&shopType=express,False,https://images-foodtech.magnit.ru/fUqXyA7EeLaWPFyMvCFehrAAgpfUlruWf269SsU0ceo/rs:fit:1600:1600/plain/s3://img-dostavka/catalog/uf/27a/27a6b28a854519de72db900598cdbe18/c4406f1e9d7f5b7ba9aa55ca6778f089.jpeg@webp,89.0,
1000055644,Зефир Сокол Крем-брюле 340г,458,4.9,Суперцены,https://magnit.ru/product/1000055644?shopCode=694420&shopType=express,False,https://images-foodtech.magnit.ru/IJ206fFQmSDaSw6sSmkaW-mY_lz4r-jDy34hELnBky8/rs:fit:1600:1600/plain/s3://img-dostavka/catalog/uf/36a/36aeecd00bd766b31e806f81ff707e4e/3f658c5d8bf76684dcbbb9f4936ccc20.jpeg@webp,179.0,128.0
1000211200,Печенье с кусочками молочного шоколада Milka 126г,459,4.8,Суперцены,https://magnit.ru/product/1000211200?shopCode=694420&shopType=express,False,https://images-foodtech.magnit.ru/aEbpBQekuubpE147knqxNd_g1nn9NvMUTTRgOmwEy7o/rs:fit:1600:1600/plain/s3://img-dostavka/catalog/uf/d69/d697f8fc21c5d92c548c26aaa18e41f3/e151751c1b1088122ed8cdac0c6a5f1c.jpeg@webp,259.0,229.0
1000297599,Каша детская жидкая молочная овсяная Агуша Малина 200мл с 6 месяцев,460,4.9,Суперцены,https://magnit.ru/product/1000297599?shopCode=694420&shopType=express,False,https://images-foodtech.magnit.ru/ZCd1EoFY85niGA7n69qg_pY67AMySWt988nu_nZp7Ec/rs:fit:1600:1600/plain/s3://img-dostavka/catalog/uf/bf7/bf74ef52e2de1d7cb7c4391de8ae9806/de0c477b8cf777831b24ce0ace707c84.jpeg@webp,52.0,49.0
1000206703,Заменитель сахара Fitparad №7 180г,461,4.9,Суперцены,https://magnit.ru/product/1000206703?shopCode=694420&shopType=express,False,https://images-foodtech.magnit.ru/8CnSXq0jR3L9Zv6Lif1bbIZp4CvqeYyyV3BhE2JWC70/rs:fit:1600:1600/plain/s3://img-dostavka/catalog/uf/afe/afe07df8014710f9273034ea5ebf7a0a/d7beb5b48d0152e49fecf836e4f2a1a9.jpeg@webp,487.0,432.0
1000177255,Влажный корм для кошек Kitekat Аппетитная курочка в соусе 85г,462,5.0,Суперцены,https://magnit.ru/product/1000177255?shopCode=694420&shopType=express,False,https://images-foodtech.magnit.ru/YIgoZ0B8HrZhgjkZlWF9GneDBWVRS_T0SHOoJ9sjL00/rs:fit:1600:1600/plain/s3://img-dostavka/catalog/uf/ae6/ae648064ea8d984dc53572ffc26cf6e8/fc46ac2e0bafba45189c0144b3825ce1.jpeg@webp,23.0,
1000476868,Батончик Snaq Fabriq глазированный вафельный с шоколадно-ореховой пастой 20г,463,5.0,Суперцены,https://magnit.ru/product/1000476868?shopCode=694420&shopType=express,False,https://images-foodtech.magnit.ru/NT0KyqY0ssyjXcjFCb7wfzTF-67O-ws88u_gDOTTxWg/rs:fit:1600:1600/plain/s3://img-dostavka/catalog/uf/100/10028596c0f631624d0fb0e5fcda7cc8/d0134bbd72f40ed16a3b7d796f0e0eea.jpeg@webp,52.0,
8000054040,Лакомство для собак жевательный снек мозговая косточка Titbit 95г,464,4.9,Суперцены,https://magnit.ru/product/8000054040?shopCode=694420&shopType=express,False,https://images-foodtech.magnit.ru/gfJmybo61r_UGGTM2HF2p3MbWzQiSXkdJRSiid3eTJg/rs:fit:1600:1600/plain/s3://img-dostavka/catalog/uf/545/54584d6b507e737763a2e7ef95bb8cf0/4df7af35cd1b811d9659b1f27db5bd25.jpeg@webp,119.0,89.0
2400012093,Огурцы Корнишоны маринованные 6 Cоток 720мл,465,4.4,Суперцены,https://magnit.ru/product/2400012093?shopCode=694420&shopType=express,False,https://images-foodtech.magnit.ru/4WEkk8ZQeqietU0Z3fjHhy0RTvykTz2-3ZZijaQ_XRs/rs:fit:1600:1600/plain/s3://img-dostavka/catalog/uf/9ab/9abf3820b6f9a36d69ba266d6653a869/6199485dcebdf44cc54f1f76ae519ae1.jpeg@webp,263.0,
1000188018,Напиток кисломолочный Имунеле со вкусом Малина-Морошка 1.2% 100г,466,4.9,Суперцены,https://magnit.ru/product/1000188018?shopCode=694420&shopType=express,False,https://images-foodtech.magnit.ru/qXiSG-yGD4W0g8H4xs6DLbqoB0D3ZudlFPFDQkJe5v8/rs:fit:1600:1600/plain/s3://img-dostavka/catalog/uf/235/23596a094425d613f607de1ff2e72041/2f8dcfa27ef08a7365562564ff022be0.jpeg@webp,31.0,
8000044710,Протеиновый батончик ванильный в молочном шоколаде Soj Marshmall 30г,467,,Суперцены,https://magnit.ru/product/8000044710?shopCode=694420&shopType=express,False,https://images-foodtech.magnit.ru/VT3vm99e41edeugjU_Bi8AKFoi1NrexZ5vefm9foGUg/rs:fit:1600:1600/plain/s3://img-dostavka/catalog/uf/1df/1dfc4894d6ca6d7479b7b3ac6d9d6854/b7a3345f6f054c8a2b4f159995bf21e1.jpeg@webp,63.0,
1000013928,Кофе растворимый Tibio/Tchibo Gold Selection 75г,468,4.8,Суперцены,https://magnit.ru/product/1000013928?shopCode=694420&shopType=express,False,https://images-foodtech.magnit.ru/obWQBUGI4W8Li7_4Q2PVxKtOads0mZ9-Z24PuaBZdFY/rs:fit:1600:1600/plain/s3://img-dostavka/catalog/uf/5e7/5e70999be1ddba3a4a9293ac0cfd9fff/ade1b057df93af63447a13b3012b0445.jpeg@webp,436.0,343.0
1000229406,Освежитель воздуха Glade Пион и сочные ягоды 300мл,469,4.8,Суперцены,https://magnit.ru/product/1000229406?shopCode=694420&shopType=express,False,https://images-foodtech.magnit.ru/z8Ij7QLAjRCLSYkK5dtGO8BJfuDrulXcrPRMH_WsXgA/rs:fit:1600:1600/plain/s3://img-dostavka/catalog/uf/d20/d204b5b60a81953960916a88ff45596e/7fb8913fcd4d568ed696cc42609e04a7.jpeg@webp,173.0,
1000436308,Стиральный порошок Bimax Ароматерапия автомат 1.8кг,470,4.9,Суперцены,https://magnit.ru/product/1000436308?shopCode=694420&shopType=express,False,https://images-foodtech.magnit.ru/8Y5m9-OhPfG2IDRY2AKrVfF_G31PU0mC3N836hyXRhE/rs:fit:1600:1600/plain/s3://img-dostavka/catalog/pim/goods/1000436308/image/f69ba48c994d702ece009616aab0b758.jpeg@webp,608.0,279.0
1000461986,Батончик Snaq Fabriq нуга с арахисом без сахара 40г,471,4.8,Суперцены,https://magnit.ru/product/1000461986?shopCode=694420&shopType=express,False,https://images-foodtech.magnit.ru/d7q2eG6cd216TULvQmOL_6aXzqnWqohz4un9p7bG8tg/rs:fit:1600:1600/plain/s3://img-dostavka/catalog/uf/193/193e3af7ecf1e8d7093c7d964ea58b30/a7cb5b5372f68794d8a2c32c5815ec8a.png@webp,81.0,
1000571632,Влажный корм для кошек Smarti Joy с ягненком в соусе 75г,472,4.7,Суперцены,https://magnit.ru/product/1000571632?shopCode=694420&shopType=express,False,https://images-foodtech.magnit.ru/WTTnYJnENObN5ZHx_546yD_VGY-NkQw-WnQHm3Glk7Y/rs:fit:1600:1600/plain/s3://img-dostavka/catalog/uf/d2e/d2e462dd28574749a6ca63e73e6874c5/518bb89adfb21c2d0f2014027dd3c64a.jpeg@webp,14.0,
1000209560,Батончик шоколадный белый с карамелью арахисом и нугой Snickers 81г,473,4.8,Суперцены,https://magnit.ru/product/1000209560?shopCode=694420&shopType=express,False,https://images-foodtech.magnit.ru/PD4SIYq6879IUr22cB_W3-jp8vkZJiif0mQEbFTD2fA/rs:fit:1600:1600/plain/s3://img-dostavka/catalog/uf/08f/08fb2308b00f6cc34c6aa8f414f229c5/3134e7a6873d5ef58e3d8f16250bbe3c.jpeg@webp,89.0,
1000170158,Напиток сывороточный коктейль Мажитэль с соком Арбуз-Дыня 950г,474,4.8,Суперцены,https://magnit.ru/product/1000170158?shopCode=694420&shopType=express,False,https://images-foodtech.magnit.ru/JPaEVNA2ls74FkZ7uQlMJ6TeVND_rtNb5yZ7hTd1nqw/rs:fit:1600:1600/plain/s3://img-dostavka/catalog/uf/26d/26dc070b81b1f062ef3860ffaff60864/4b0b7e56a695742b1f125be4b222d139.jpeg@webp,132.5,109.0
1000463759,Сардина Доброфлот тихоокеанская в томатном соусе 245г,475,4.7,Суперцены,https://magnit.ru/product/1000463759?shopCode=694420&shopType=express,False,https://images-foodtech.magnit.ru/E60d4H2N-yARej0xIZdEHYD54txzZdBC-qvQKrqhpFE/rs:fit:1600:1600/plain/s3://img-dostavka/catalog/uf/e03/e030a1b264e733ac7201721955b391bc/1c9cc16aec1700b49c7b868d65a0dcaf.jpeg@webp,183.0,
8000044711,Протеиновый батончик вишневый в молочном шоколаде Soj Marshmall 30г,476,4.0,Суперцены,https://magnit.ru/product/8000044711?shopCode=694420&shopType=express,False,https://images-foodtech.magnit.ru/V2bPCMg1QXEgbUDs_W1FaN5d2SZb3FtAR5ISLbk4nQ0/rs:fit:1600:1600/plain/s3://img-dostavka/catalog/uf/099/099f156b1c910fc0da54c4cc26f8a45a/d28b4a5534cf040a8929bf6c478540fc.jpeg@webp,72.0,
3102700072,Колбаса Останкино Салями Итальянская сырокопченая нарезка 150г,477,4.9,Суперцены,https://magnit.ru/product/3102700072?shopCode=694420&shopType=express,False,https://images-foodtech.magnit.ru/tDQwLT-SO4G_Xo7sne9vn5XtEdvTy1jM1Csa_-0HxmY/rs:fit:1600:1600/plain/s3://img-dostavka/catalog/uf/be9/be924bc6c17669de8e4d7ab7b4ad4bd0/996207e81705eba4ce5bf8fd4a2278a6.jpeg@webp,228.0,159.0
1000135689,Мороженое Золотой Стандарт пломбир с суфле и шоколадным наполнителем 445г,478,4.9,Суперцены,https://magnit.ru/product/1000135689?shopCode=694420&shopType=express,False,https://images-foodtech.magnit.ru/MIGaP9v-WYWlp3ySi45_fb61wAPEgf3_pgsd7E6k9TE/rs:fit:1600:1600/plain/s3://img-dostavka/catalog/uf/050/05023756a6a0e9a6010ca0adf5c38a7e/8e3792bda8a85dac855049137e67c876.jpeg@webp,449.0,399.0
2400017290,Сок Добрый Яблоко 1л,479,4.9,Суперцены,https://magnit.ru/product/2400017290?shopCode=694420&shopType=express,False,https://images-foodtech.magnit.ru/wEjU6Uqmwc_UwX6PGx-naLMG36kZAIjIsZIJxOmYaYA/rs:fit:1600:1600/plain/s3://img-dostavka/catalog/uf/1bf/1bf59a2d323c278c8eec91c637896636/05b0780cc7d5e569b4b0677009654560.jpeg@webp,171.0,129.0
1000292921,Индейка Магнит тушеная 325г,480,4.7,Суперцены,https://magnit.ru/product/1000292921?shopCode=694420&shopType=express,False,https://images-foodtech.magnit.ru/kuKBctsMjXpUUJpWYLAokmKSBMizTYkhMSM7pTSJhYY/rs:fit:1600:1600/plain/s3://img-dostavka/catalog/uf/a5b/a5b4b32d25c5aa10301cb7853d1509ff/48653de88bf2d0ceea96ca8ee4007ca1.jpeg@webp,175.0,149.0
1000572259,Творожный десерт двухслойный со вкусом пломбир с соусом соленая карамель Чудо 4.2% 100г,481,4.9,Суперцены,https://magnit.ru/product/1000572259?shopCode=694420&shopType=express,False,https://images-foodtech.magnit.ru/T_k8-xkbC9hlucXVcBrPt8wYOWFl43nhI4KxT2OnpqU/rs:fit:1600:1600/plain/s3://img-dostavka/catalog/uf/453/4532a896c06040815a53d2e341d2e634/65a4ade3302e2477c6de7d22330d34f7.jpeg@webp,81.0,56.0
1000324884,Драже M&M's с арахисом и молочным шоколадом 80г,482,4.9,Суперцены,https://magnit.ru/product/1000324884?shopCode=694420&shopType=express,False,https://images-foodtech.magnit.ru/3Ud02RL_JGuUUAemFLEDh91YOpQXbR7X4q6Xd-jYmOc/rs:fit:1600:1600/plain/s3://img-dostavka/catalog/uf/3d6/3d6c6d13c07ead1ff36c91755804d307/1883edf747fc8ac6e9d78d7f61c78075.jpeg@webp,155.0,124.0
1000203148,Тунец Магуро полосатый натуральный филе 200г,483,4.8,Суперцены,https://magnit.ru/product/1000203148?shopCode=694420&shopType=express,False,https://images-foodtech.magnit.ru/8bnKXLx6AbFHCEZAhXXqlqNkezN_avdLjzPYtPhEwcQ/rs:fit:1600:1600/plain/s3://img-dostavka/catalog/uf/aeb/aebbf83ced22a94390a243254101c2d6/80bb45687add81aa1cffb2bc447defd0.jpeg@webp,299.0,
1000110016,Лакомство для кошек Dreamies Подушечки с лососем 60г,484,5.0,Суперцены,https://magnit.ru/product/1000110016?shopCode=694420&shopType=express,False,https://images-foodtech.magnit.ru/BRFzCT1jP35uPHOEbZEaioWDBIgBBO06WMGVZBuGVlk/rs:fit:1600:1600/plain/s3://img-dostavka/catalog/uf/1a4/1a49bfe774694cba7e883c7739908f87/638c362f6d7966fbe17e48103d27ae4c.jpeg@webp,136.0,89.0
1000348979,Сухой корм для взрослых кошек Мираторг Meat курица 300г,485,4.7,Суперцены,https://magnit.ru/product/1000348979?shopCode=694420&shopType=express,False,https://images-foodtech.magnit.ru/E4Vga9dr7XXz5g0WFjGzUZdUUiCz66F-xzRBY3BfQsE/rs:fit:1600:1600/plain/s3://img-dostavka/catalog/uf/6b2/6b217139215ee0134fcc1f8a993f56b1/e82f8c797f4bc31c45c6dcd6b9f58b9e.jpeg@webp,183.0,125.0
1000055645,Зефир Ваниль и малина Сокол 340г,486,4.8,Суперцены,https://magnit.ru/product/1000055645?shopCode=694420&shopType=express,False,https://images-foodtech.magnit.ru/dIx7k0-SbgIyBKIhF4vyyNhe8libKqcoa5I2m3voT60/rs:fit:1600:1600/plain/s3://img-dostavka/catalog/uf/dd8/dd87800a1a3319986eb750f30c123af3/76fd410ba807a58589f780f0aa399e60.jpeg@webp,179.0,128.0
1000514874,Сухой корм для кошек Purina One с уткой и печенью 750г,487,5.0,Суперцены,https://magnit.ru/product/1000514874?shopCode=694420&shopType=express,False,https://images-foodtech.magnit.ru/FR60kkO3jiNy7mUKi-VeWil0cVSG_vLMoo9HQY__wpk/rs:fit:1600:1600/plain/s3://img-dostavka/catalog/uf/56d/56deb05271a175b7bc23ea53131f90ef/f1b790ab636bf79404549f8da5395e58.jpeg@webp,505.0,409.0
1000514874,Сухой корм для кошек Purina One с уткой и печенью 750г,487,5.0,Суперцены,https://magnit.ru/product/1000514874?shopCode=694420&shopType=express,False,https://images-foodtech.magnit.ru/FR60kkO3jiNy7mUKi-VeWil0cVSG_vLMoo9HQY__wpk/rs:fit:1600:1600/plain/s3://img-dostavka/catalog/uf/56d/56deb05271a175b7bc23ea53131f90ef/f1b790ab636bf79404549f8da5395e58.jpeg@webp,505.0,409.0
1000514874,Сухой корм для кошек Purina ONE с уткой и печенью 750г,488,5.0,Суперцены,https://magnit.ru/product/1000514874?shopCode=694420&shopType=express,False,https://images-foodtech.magnit.ru/FR60kkO3jiNy7mUKi-VeWil0cVSG_vLMoo9HQY__wpk/rs:fit:1600:1600/plain/s3://img-dostavka/catalog/uf/56d/56deb05271a175b7bc23ea53131f90ef/f1b790ab636bf79404549f8da5395e58.jpeg@webp,505.0,409.0
1000514874,Сухой корм для кошек Purina ONE с уткой и печенью 750г,488,5.0,Суперцены,https://magnit.ru/product/1000514874?shopCode=694420&shopType=express,False,https://images-foodtech.magnit.ru/FR60kkO3jiNy7mUKi-VeWil0cVSG_vLMoo9HQY__wpk/rs:fit:1600:1600/plain/s3://img-dostavka/catalog/uf/56d/56deb05271a175b7bc23ea53131f90ef/f1b790ab636bf79404549f8da5395e58.jpeg@webp,505.0,409.0
9409610181,Сыр творожный Almette Сливочный 60% 150г,489,5.0,Суперцены,https://magnit.ru/product/9409610181?shopCode=694420&shopType=express,False,https://images-foodtech.magnit.ru/Nwo-rBImpKCMjrN4VJapZBMNPLbqW3ApkQZtBF8AgLw/rs:fit:1600:1600/plain/s3://img-dostavka/catalog/uf/413/4135cdf7c0123bcf7ad7d679e6f09934/861cc2aa59c8a3f4fd34126f4bf8436f.jpeg@webp,129.0,129.0
1000132248,Мед Берестов А.С. Уссурийский нектар 360г,490,4.8,Суперцены,https://magnit.ru/product/1000132248?shopCode=694420&shopType=express,False,https://images-foodtech.magnit.ru/beJOt_SamIaAH7qVwm8ZyqeJIiJDD-FYvebnB507dHA/rs:fit:1600:1600/plain/s3://img-dostavka/catalog/uf/be8/be865fc897753245aebcdc492bc4a74e/0ad1dffe3258836c8a91c2bbf761281c.jpeg@webp,402.0,
1000394084,Лакомство для собак Titbit Колбаса Пармская 80г,491,4.8,Суперцены,https://magnit.ru/product/1000394084?shopCode=694420&shopType=express,False,https://images-foodtech.magnit.ru/6WFyBJ3At_2M30izq7HCoyZP259HqqqQqDhot0M213c/rs:fit:1600:1600/plain/s3://img-dostavka/catalog/uf/b08/b088b4f731dd527d07790e0f6240b167/d56b73d192331e1394ea1cf9be8fa862.jpeg@webp,109.0,79.0
1000572260,Творожный десерт двухслойный со вкусом вишни с шоколадным соусом Чудо 4.4% 100г,492,4.8,Суперцены,https://magnit.ru/product/1000572260?shopCode=694420&shopType=express,False,https://images-foodtech.magnit.ru/FIXb4T8JIDX_nyBYl7lPK4wvzkNScoj7IquLKOWeiVk/rs:fit:1600:1600/plain/s3://img-dostavka/catalog/uf/263/26310aa93d0a4d784b486ac184ea49f0/d5e5de5af4a330235408a80459415797.jpeg@webp,66.0,56.0
7699900111,Халва Голицин арахисовая в глазури с фруктозой 68г,493,4.9,Суперцены,https://magnit.ru/product/7699900111?shopCode=694420&shopType=express,False,https://images-foodtech.magnit.ru/wJiSQJSx4e65FHL3FiutBFkQ8-xSsya2XLL27NKb1sA/rs:fit:1600:1600/plain/s3://img-dostavka/catalog/uf/766/766dd57ba2224752f9b6d5d7d22683bb/67238d43985893f10f1bda41bd0a9157.jpeg@webp,109.0,99.0
1000118103,Влажный корм для щенков Pedigree с говядиной в соусе 85г,494,4.9,Суперцены,https://magnit.ru/product/1000118103?shopCode=694420&shopType=express,False,https://images-foodtech.magnit.ru/0cQJFajmbMPVcZIGgg0e9Cg2vKSNQMdhkx-pNBDh800/rs:fit:1600:1600/plain/s3://img-dostavka/catalog/uf/437/4376db0b97d9e5f8788ce74f77e156d6/5ee2ba8393973745ab41628ff9718deb.jpeg@webp,26.0,25.0
1000201630,Питьевой йогурт со вкусом персик манго дыня Чудо 1.9% 260г,495,4.9,Суперцены,https://magnit.ru/product/1000201630?shopCode=694420&shopType=express,False,https://images-foodtech.magnit.ru/iAY06ag_sxpicBKuvDzmek9pNm2nDDQZDMsAuoAScQQ/rs:fit:1600:1600/plain/s3://img-dostavka/catalog/uf/2d6/2d651c31f563f435e0394f82b3332c93/e64774a11297d398695b59cba86b002f.jpeg@webp,81.5,62.0
1000452142,Брускетта TomTom с вялеными томатами и прованскими травами 140г,496,4.6,Суперцены,https://magnit.ru/product/1000452142?shopCode=694420&shopType=express,False,https://images-foodtech.magnit.ru/uvXNst2UWEAgcO8UsP5Fke05IP1rI192g0Dnn32djBc/rs:fit:1600:1600/plain/s3://img-dostavka/catalog/uf/f43/f4346694211007642d76e76f981fb1b1/e26418a2b983506359aa11aab154ed34.jpeg@webp,239.0,
1000136386,Сухой корм Purina ONE для стерилизованных кошек и кастрированных котов с высоким содержанием лосося и пшеницей 1.5кг,497,5.0,Суперцены,https://magnit.ru/product/1000136386?shopCode=694420&shopType=express,False,https://images-foodtech.magnit.ru/KXgtDSY0BIZwTh3Yp_0v9FA4SfdG84Sv7JXGzwAvb9k/rs:fit:1600:1600/plain/s3://img-dostavka/catalog/uf/c86/c86dbfa91694b4e1c0112b23148acd2a/2603f6269a6f5899d7737b2b4d691345.jpeg@webp,793.0,699.0
1000136386,Сухой корм Purina ONE для стерилизованных кошек и кастрированных котов с высоким содержанием лосося и пшеницей 1.5кг,497,5.0,Суперцены,https://magnit.ru/product/1000136386?shopCode=694420&shopType=express,False,https://images-foodtech.magnit.ru/KXgtDSY0BIZwTh3Yp_0v9FA4SfdG84Sv7JXGzwAvb9k/rs:fit:1600:1600/plain/s3://img-dostavka/catalog/uf/c86/c86dbfa91694b4e1c0112b23148acd2a/2603f6269a6f5899d7737b2b4d691345.jpeg@webp,793.0,699.0
1000136386,Сухой корм Purina One для стерилизованных кошек и кастрированных котов с высоким содержанием лосося и пшеницей 1.5кг,498,5.0,Суперцены,https://magnit.ru/product/1000136386?shopCode=694420&shopType=express,False,https://images-foodtech.magnit.ru/KXgtDSY0BIZwTh3Yp_0v9FA4SfdG84Sv7JXGzwAvb9k/rs:fit:1600:1600/plain/s3://img-dostavka/catalog/uf/c86/c86dbfa91694b4e1c0112b23148acd2a/2603f6269a6f5899d7737b2b4d691345.jpeg@webp,793.0,699.0
1000136386,Сухой корм Purina One для стерилизованных кошек и кастрированных котов с высоким содержанием лосося и пшеницей 1.5кг,498,5.0,Суперцены,https://magnit.ru/product/1000136386?shopCode=694420&shopType=express,False,https://images-foodtech.magnit.ru/KXgtDSY0BIZwTh3Yp_0v9FA4SfdG84Sv7JXGzwAvb9k/rs:fit:1600:1600/plain/s3://img-dostavka/catalog/uf/c86/c86dbfa91694b4e1c0112b23148acd2a/2603f6269a6f5899d7737b2b4d691345.jpeg@webp,793.0,699.0
1000508090,Колечки Di&Di Умные сладости амарантовые с какао 150г,499,4.7,Суперцены,https://magnit.ru/product/1000508090?shopCode=694420&shopType=express,False,https://images-foodtech.magnit.ru/2VkEYhEMvSQN84J6QpwNyBAuCkaz0asb8uVNW0nmUAM/rs:fit:1600:1600/plain/s3://img-dostavka/catalog/uf/715/7159f2d53c92f34edb3237ea61800c34/3ae3fc975e2d7afa103309184696d0f1.jpeg@webp,202.0,
1059990131,Сок Сады Придонья Яблоко-виноград 1л,500,4.8,Суперцены,https://magnit.ru/product/1059990131?shopCode=694420&shopType=express,False,https://images-foodtech.magnit.ru/9FZeUSymVXbzGSPgEEQOTnQ9VjrNlddC_UU0vikraLA/rs:fit:1600:1600/plain/s3://img-dostavka/catalog/uf/67d/67d3a881d35dc2af9085d255d00bdc6b/9692241d875e8c4ef2259eba508fff40.jpeg@webp,149.0,99.0
1000239609,Свинина Великолукский МК тушеная 500г,501,4.6,Суперцены,https://magnit.ru/product/1000239609?shopCode=694420&shopType=express,False,https://images-foodtech.magnit.ru/Y3cbFD2svKJurvDBYDBrv0BMo0g3t0fesrHIhlsUZcA/rs:fit:1600:1600/plain/s3://img-dostavka/catalog/uf/a78/a781552af3331e2532e20d2250a1b03d/e497628f7ad341ceaa5c90a478ecf789.jpeg@webp,329.0,
1000372917,Крабовые палочки Русское море с творожным сыром охлажденные 180г,502,4.7,Суперцены,https://magnit.ru/product/1000372917?shopCode=694420&shopType=express,False,https://images-foodtech.magnit.ru/Shpkbkp5rfoIUdZRTqIUg7HOfXKwDd9fjUFWR-hmthY/rs:fit:1600:1600/plain/s3://img-dostavka/catalog/uf/e3c/e3c17c8ee6ce6fab3d17080da54d83d4/f91af4bb691919e097e7afaf5dc25043.jpeg@webp,129.0,129.0
1000196704,Мини-круассаны с кремом со вкусом ванили 7Days 265г,503,4.8,Суперцены,https://magnit.ru/product/1000196704?shopCode=694420&shopType=express,False,https://images-foodtech.magnit.ru/rM8eF-xhSL2RvsDR1MKe_ShPgHbqKKFl4GszWi0q_9Q/rs:fit:1600:1600/plain/s3://img-dostavka/catalog/uf/911/911215583e576e0127bfcd485e528e53/5d072f7880b1f01fed3aa6d60f8b70a4.jpeg@webp,180.0,159.0
1000392805,Риет Главпродукт из утки по-французски 100г,504,4.5,Суперцены,https://magnit.ru/product/1000392805?shopCode=694420&shopType=express,False,https://images-foodtech.magnit.ru/rvzJSV6wH3UJTgKqCf0OnfF13bDYFcg6AJMZdHWQ_38/rs:fit:1600:1600/plain/s3://img-dostavka/catalog/uf/361/36127865f53ebb62ecf3f2adac2a741b/9b95e8590fcd7b111a212fb4c81237fa.jpeg@webp,213.0,
1000286457,Стиральный порошок Лоск Колор для цветного белья автомат 2.7кг,505,4.9,Суперцены,https://magnit.ru/product/1000286457?shopCode=694420&shopType=express,False,https://images-foodtech.magnit.ru/wH23PYnhkjbEfJKF_kcGZgcjDo7lHndql7-hPxtnl7k/rs:fit:1600:1600/plain/s3://img-dostavka/catalog/uf/3b3/3b370f41cb6e9e8dac05aba85cbb38bc/06f2a098379c3b008c479d5ad46d2b74.jpeg@webp,498.0,379.0
1000379555,Влажный корм для стерилизованных кошек Perfect Fit Паштет с говядиной 75г,506,4.8,Суперцены,https://magnit.ru/product/1000379555?shopCode=694420&shopType=express,False,https://images-foodtech.magnit.ru/1lUqQjDRbTc7Qf_76p1wmpkIj14OqTJYMA2E7z_Wmbg/rs:fit:1600:1600/plain/s3://img-dostavka/catalog/uf/4d9/4d99e21e6259b3ead0753ba2f35b6c8b/a69e5f5d163bfb7aea91e7dd324d001e.jpeg@webp,32.0,31.0
1000156401,Огурцы Кубань продукт маринованные 680г,507,4.6,Суперцены,https://magnit.ru/product/1000156401?shopCode=694420&shopType=express,False,https://images-foodtech.magnit.ru/nfjZnEXNSaVgEj58ymQV6DmCmM6ePYtoHqkxRxcryO8/rs:fit:1600:1600/plain/s3://img-dostavka/catalog/uf/d98/d981ef9c470c52e738ed8935f2f582cb/6cf8fdfc07e3b293bdd56c5d5d7c49ac.png@webp,159.0,
1000586165,Влажный корм для кошек желе со вкусом индейки и кролика Whiskas 75г,508,5.0,Суперцены,https://magnit.ru/product/1000586165?shopCode=694420&shopType=express,False,https://images-foodtech.magnit.ru/N4_qXi7RLxTvQ1kw-wi9UBZ3W_hF9HMLX7CbRSTMcq4/rs:fit:1600:1600/plain/s3://img-dostavka/catalog/pim/goods/1000586165/image/5f06bb5bb0fcd617c15fdbe65d6e0750.jpeg@webp,28.0,
1000517987,Влажный корм для кошек с курицей в соусе Smarti Joy 75г,509,4.7,Суперцены,https://magnit.ru/product/1000517987?shopCode=694420&shopType=express,False,https://images-foodtech.magnit.ru/BNku1-76wB7SySBgOn0lALzjGQuwwsTQMsaMn2Uulfk/rs:fit:1600:1600/plain/s3://img-dostavka/catalog/uf/b08/b08b684298129e97ef11b768c50f6307/2c164a0333f76fed971645a48447d04e.jpeg@webp,15.0,
5556664709,Скумбрия Магнит,510,4.6,Суперцены,https://magnit.ru/product/5556664709?shopCode=694420&shopType=express,False,https://images-foodtech.magnit.ru/vJ0VpFgCXoKEedPmyIlSas0sqlblOEE43L4xD1P6qaY/rs:fit:1600:1600/plain/s3://img-dostavka/catalog/uf/19a/19a8b51d3ed0e92da5fb105d354b510e/6d80b3cdea8370b285656f1490d6ec26.jpeg@webp,389.0,349.0
1000586169,Влажный корм для кошек Whiskas Рагу с говядиной языком и овощами 75г,511,4.9,Суперцены,https://magnit.ru/product/1000586169?shopCode=694420&shopType=express,False,https://images-foodtech.magnit.ru/0Yh6sEGS1YbxFNtwCzNb4p4gRG--GRd4av0h3_kDOnE/rs:fit:1600:1600/plain/s3://img-dostavka/catalog/pim/goods/1000586169/image/8bf93521890b429afba3342531507f1c.jpeg@webp,28.0,
3062820028,Ананасы кусочки Lorado 580мл,512,4.9,Суперцены,https://magnit.ru/product/3062820028?shopCode=694420&shopType=express,False,https://images-foodtech.magnit.ru/wtkHpZPw1oKvlqPNATy9K3pT3WChQhG30NSHGAyUM-Q/rs:fit:1600:1600/plain/s3://img-dostavka/catalog/uf/3b9/3b9fb0474b60357ae7029d4b24ad5aed/57ab012d18dcb30276afe3b961bc9859.jpeg@webp,286.0,226.0
3062820028,Ананасы кусочки Lorado 580мл,512,4.9,Суперцены,https://magnit.ru/product/3062820028?shopCode=694420&shopType=express,False,https://images-foodtech.magnit.ru/wtkHpZPw1oKvlqPNATy9K3pT3WChQhG30NSHGAyUM-Q/rs:fit:1600:1600/plain/s3://img-dostavka/catalog/uf/3b9/3b9fb0474b60357ae7029d4b24ad5aed/57ab012d18dcb30276afe3b961bc9859.jpeg@webp,286.0,226.0
1000323197,Смесь Nestogen 3 молочная 600г,513,5.0,Суперцены,https://magnit.ru/product/1000323197?shopCode=694420&shopType=express,False,https://images-foodtech.magnit.ru/21wY7Y9xBa49Kmbi-htImlXA0QxNYkXcZ5f1B_3B-G8/rs:fit:1600:1600/plain/s3://img-dostavka/catalog/uf/5dd/5dd0c8b8f7be2c951d354f9411c3a160/3fb9ab1fb4145bd21db5de3dfb6a3aeb.jpeg@webp,778.0,649.0
1000274533,Готовый завтрак Любятово Шарики шоколадные 500г,514,5.0,Суперцены,https://magnit.ru/product/1000274533?shopCode=694420&shopType=express,False,https://images-foodtech.magnit.ru/Ikx_t_dBNNB2A8E6d2amFMGEJ0hY-TlGCz2Dk4bvINw/rs:fit:1600:1600/plain/s3://img-dostavka/catalog/uf/af2/af26fabb5892684c7b23a941f0c80edf/68438dc3f05f57dfe143553e31413aa7.jpeg@webp,239.0,189.0
1000384116,Кофе растворимый Monarch Caramel натуральный Карамель 95г,515,4.9,Суперцены,https://magnit.ru/product/1000384116?shopCode=694420&shopType=express,False,https://images-foodtech.magnit.ru/QId9xzJtz6s-PhfIq3RFF0sT84giYlVvmEHalwmqS5A/rs:fit:1600:1600/plain/s3://img-dostavka/catalog/uf/53e/53e87c012e6bcc87864959f6f93ca1f3/2601becf74dafc3321f58368f13a9bd8.jpeg@webp,439.0,
1000090831,Шоколад молочный Кофе с молоком Россия щедрая душа 75/82г,516,4.8,Суперцены,https://magnit.ru/product/1000090831?shopCode=694420&shopType=express,False,https://images-foodtech.magnit.ru/3c2LN7Qs8xE_VQ7anvPZkRFBLGGhh16nnJ-W36PZCfU/rs:fit:1600:1600/plain/s3://img-dostavka/catalog/uf/338/3386d8f7848bc3854c4a35f781f4f6fe/2740431b5b34b74692441fe88fd7b4b2.jpeg@webp,119.0,79.0
1000122122,Масло оливковое Магнит Pomace 1л,517,4.7,Суперцены,https://magnit.ru/product/1000122122?shopCode=694420&shopType=express,False,https://images-foodtech.magnit.ru/2ivTk6DvxwrXIpFzDAQHk8a9ewL2ZOc6cZ8bmn9g2FY/rs:fit:1600:1600/plain/s3://img-dostavka/catalog/uf/dca/dcad62b52a48af526b248c02c27674f1/fc55483c8e899a6e30a0bf415d36ee6c.jpeg@webp,719.0,534.0
1000573607,Джем Fitaktive Земляника без сахара 200г,518,4.5,Суперцены,https://magnit.ru/product/1000573607?shopCode=694420&shopType=express,False,https://images-foodtech.magnit.ru/KOnxNypm3-RUee134Pg6-zjI-0SGdQUkl-jvz3AumDY/rs:fit:1600:1600/plain/s3://img-dostavka/catalog/uf/c29/c29158195c196cba0725ed8a46eb9241/a1907bbc8283402ae9253d1339e16636.jpeg@webp,329.0,268.0
1000332117,Влажный корм для собак всех пород с говядиной в соусе Pedigree 85г,519,5.0,Суперцены,https://magnit.ru/product/1000332117?shopCode=694420&shopType=express,False,https://images-foodtech.magnit.ru/zzTRZ2mg8tTKiLtCNtD7TAS6-221G0LjbBtPzhfMm8A/rs:fit:1600:1600/plain/s3://img-dostavka/catalog/uf/d2b/d2bba1612ef36ea8d9aad386f3eec8d6/f89580f66457b1ca8e79cb5c253b9b39.jpeg@webp,26.0,25.0
1000159293,Сухой корм для стерилизованных кошек Whiskas подушечки с курицей 350г,520,4.9,Суперцены,https://magnit.ru/product/1000159293?shopCode=694420&shopType=express,False,https://images-foodtech.magnit.ru/xZv7zH9ATl5sWbXdtS-2a48-zrnGw0m0lSSVrL_SmTg/rs:fit:1600:1600/plain/s3://img-dostavka/catalog/uf/678/67810a3a4a6eb688c21725b1e0d76b72/67a785fdce7a5236a8878e2524c96ae0.jpeg@webp,194.0,139.0
1139990423,Сухой корм для котят Purina ONE с курицей и цельными злаками 200г,521,4.9,Суперцены,https://magnit.ru/product/1139990423?shopCode=694420&shopType=express,False,https://images-foodtech.magnit.ru/_LwucD3pWxs7FjesoDLbVzGyyu0isJfotBSBV0PQ-ls/rs:fit:1600:1600/plain/s3://img-dostavka/catalog/uf/01c/01c193d847d691505e65056a23193c20/83974d889769cd525c3fb36403206c66.jpeg@webp,160.0,121.0
1000336213,Мука Гарнец Рисовая без глютена 500г,522,4.8,Суперцены,https://magnit.ru/product/1000336213?shopCode=694420&shopType=express,False,https://images-foodtech.magnit.ru/XddWgW66cRWJhFgu5cgB3U3JhkS2O77pxnK97HHw9Bc/rs:fit:1600:1600/plain/s3://img-dostavka/catalog/uf/667/6677c57190ab82c0469bd071494c340a/560757809ae88790cfb225c52c89fd00.jpeg@webp,149.0,98.0
1000565489,Батончик Soj Marshick протеиновый соленой карамелью в молочном шоколаде без сахара 30г,523,4.8,Суперцены,https://magnit.ru/product/1000565489?shopCode=694420&shopType=express,False,https://images-foodtech.magnit.ru/m-PGKPkNeYu8QIukK23pCsot2oYrqnFJriaB8eoF7wo/rs:fit:1600:1600/plain/s3://img-dostavka/catalog/uf/a7f/a7fbedc72c4a177e1894bad7e7a13e01/6fd6becd4a90a3cecb23360ad7f5b935.jpeg@webp,64.0,
1000148341,Сухой корм для кошек Kitekat Мясной пир 350г,524,4.7,Суперцены,https://magnit.ru/product/1000148341?shopCode=694420&shopType=express,False,https://images-foodtech.magnit.ru/XrgbYb_xK_VK5pjMOC6hKRLEbkpaFdGKWNCeH810ujY/rs:fit:1600:1600/plain/s3://img-dostavka/catalog/uf/8b7/8b7fc7692d79598a6c1c9f1279345fa4/67967d9a12767f301d8a61b7f9418862.jpeg@webp,114.0,
1000567852,Лапша Samyang Buldak Хот Чикен Карбонара острая 130г,525,4.7,Суперцены,https://magnit.ru/product/1000567852?shopCode=694420&shopType=express,False,https://images-foodtech.magnit.ru/5Q-AjeDAYi7aGPg3tdgEzeizgSjCOMHx2QlfV8kAd88/rs:fit:1600:1600/plain/s3://img-dostavka/catalog/uf/335/335ead2c2074b61a7b0d390350d7b2d4/f642dccbb7ca6c7e3abc827f4a91c644.jpeg@webp,299.0,249.0
1000379552,Влажный корм для котят Perfect Fit полнорационный от 1 до 12 месяцев с курицей в соусе 75г,526,4.9,Суперцены,https://magnit.ru/product/1000379552?shopCode=694420&shopType=express,False,https://images-foodtech.magnit.ru/IGph3gTXX7y9oEqUIojE5KHszuhdzwB5at43ZGTCdWg/rs:fit:1600:1600/plain/s3://img-dostavka/catalog/uf/fc8/fc80212941c9cad0aaeeb0e2a285dd9d/fe64ca0cbbd06837050a2212e10990cb.jpeg@webp,32.0,31.0
1000127115,Сайра Доброфлот натуральная 245г,527,4.8,Суперцены,https://magnit.ru/product/1000127115?shopCode=694420&shopType=express,False,https://images-foodtech.magnit.ru/6kbFqqHrouNK7WsYJY8AiEN7kB_YrhL6XiC9O9tfpok/rs:fit:1600:1600/plain/s3://img-dostavka/catalog/uf/812/812d7f204ff612dfb128dbcb5e2a0922/c044ea1ab57821f3ae935afbbebab75e.jpeg@webp,274.0,239.0
1000106709,Гель для стирки Bimax Color для цветного белья 20 стирок 1.3кг,528,4.8,Суперцены,https://magnit.ru/product/1000106709?shopCode=694420&shopType=express,False,https://images-foodtech.magnit.ru/Mrw-UE7-40oIwI825IR8rVOm3TsgqLlfsVYJkU7xYa0/rs:fit:1600:1600/plain/s3://img-dostavka/catalog/uf/ca5/ca57a3bb303017dbb7743c402f8f5b49/81dad8ed7b532bb0857ff8bc67355b6a.jpeg@webp,594.0,399.0
1862400011,Сыр плавленый Hochland с ветчиной 55% 400г,529,4.9,Суперцены,https://magnit.ru/product/1862400011?shopCode=694420&shopType=express,False,https://images-foodtech.magnit.ru/lsMtG63xAyAxmLzItPe-dxceFdiOlAjkxvCfSICRwW4/rs:fit:1600:1600/plain/s3://img-dostavka/catalog/uf/d0d/d0d947aff2e12de7a92d7fca6219fbb3/b2a74ce0e8f5d439f0e725b4273ca523.jpeg@webp,339.0,289.0
1000068527,Лакомство для кошек Dreamies с курицей 60г,530,4.9,Суперцены,https://magnit.ru/product/1000068527?shopCode=694420&shopType=express,False,https://images-foodtech.magnit.ru/sHhIPfR5FdXuoFx1vlRrZrDVXjeVnGjCtZIX9pp1w38/rs:fit:1600:1600/plain/s3://img-dostavka/catalog/uf/a17/a1720df822992d856120953875af4b5e/d44a4c609c9096b2ef02576998fedc96.jpeg@webp,99.0,79.0
1000096499,Огурчики Скатерть-самобранка маринованные хрустящие 680г,531,4.8,Суперцены,https://magnit.ru/product/1000096499?shopCode=694420&shopType=express,False,https://images-foodtech.magnit.ru/_g06vsx5Nhfnt1EPBswYa8BcsvlTEy4YyXE3uMPnCks/rs:fit:1600:1600/plain/s3://img-dostavka/catalog/uf/09a/09a5b027ae55c90d3b043c4a14e05f3e/0fce5df49530cc4f260b11f31ed4caa1.jpeg@webp,207.0,
1000096499,Огурчики Скатерть-самобранка маринованные хрустящие 680г,531,4.8,Суперцены,https://magnit.ru/product/1000096499?shopCode=694420&shopType=express,False,https://images-foodtech.magnit.ru/_g06vsx5Nhfnt1EPBswYa8BcsvlTEy4YyXE3uMPnCks/rs:fit:1600:1600/plain/s3://img-dostavka/catalog/uf/09a/09a5b027ae55c90d3b043c4a14e05f3e/0fce5df49530cc4f260b11f31ed4caa1.jpeg@webp,207.0,
1000274150,Говядина Великолукский МК тушеная 325г,532,4.8,Суперцены,https://magnit.ru/product/1000274150?shopCode=694420&shopType=express,False,https://images-foodtech.magnit.ru/wYDEUw05tSuSoftZP4bgniafWp4_RPYU4xhM_k-ZPdA/rs:fit:1600:1600/plain/s3://img-dostavka/catalog/uf/28f/28f7a69af0fec2658d17b23585f42bf9/e98aef820d1ed0d1ea2b906732a02d40.jpeg@webp,324.0,259.0
1000201631,Питьевой йогурт со вкусом вишня и черешня Чудо 2.4% 270г,533,4.8,Суперцены,https://magnit.ru/product/1000201631?shopCode=694420&shopType=express,False,https://images-foodtech.magnit.ru/KUDPrQ52ABOVBTVuY9TomjjCoWEo5WpCPQH0mCV5LL0/rs:fit:1600:1600/plain/s3://img-dostavka/catalog/uf/e01/e015a6fcb9fe37024c04098c9e750211/fdda90e87813b526c600d0f9f027c03a.jpeg@webp,81.5,62.0
1000363050,Влажный корм для кошек Whiskas Рагу с говядиной и ягненком 75г,534,4.9,Суперцены,https://magnit.ru/product/1000363050?shopCode=694420&shopType=express,False,https://images-foodtech.magnit.ru/oQnLoJFZ_y-nJlIAx8KaA61rMX2gNxq3bap3vb0tejE/rs:fit:1600:1600/plain/s3://img-dostavka/catalog/pim/goods/1000363050/image/2ff4e04e62b5a0db2c0b9916d76051af.jpeg@webp,28.0,
8000020127,Сухой корм для собак Smarti Joy 2 вида мяса 2.5кг,535,4.8,Суперцены,https://magnit.ru/product/8000020127?shopCode=694420&shopType=express,False,https://images-foodtech.magnit.ru/iyZAdICQcX1nUlntlsoAQA-QmEkxyie8LR0RvWOUD-o/rs:fit:1600:1600/plain/s3://img-dostavka/catalog/uf/74d/74d3d9a4da23b9bda5bf6bd3c341ab02/a37f75c10934b51456b0cce2c1d83614.jpeg@webp,449.0,354.0
1000084014,Сухой корм для взрослых кошек Purina ONE с курицей и цельными злаками 750г,536,4.8,Суперцены,https://magnit.ru/product/1000084014?shopCode=694420&shopType=express,False,https://images-foodtech.magnit.ru/NwZALe951eAdRH3Cu4ittKnxPpL2LNnXfDSx6QyK8G4/rs:fit:1600:1600/plain/s3://img-dostavka/catalog/uf/0df/0df1d60ea4d5d39465aa9b0f67947449/1720ab5430f5a3973b5a1af02e04a5a8.jpeg@webp,516.0,439.0
3062820003,Огурцы маринованные Lorado 720мл,537,4.4,Суперцены,https://magnit.ru/product/3062820003?shopCode=694420&shopType=express,False,https://images-foodtech.magnit.ru/mD-0yWVRogTNDLZplTBPak8EtVQ504-5WWgNRpwZbus/rs:fit:1600:1600/plain/s3://img-dostavka/catalog/uf/6e5/6e5e3c6e7c46a0d695c9c17862a68ab7/12bee2f60f3fa1dee5e7f7aa255e77a9.jpeg@webp,202.0,
1000437352,Батончик Snaq Fabriq Арахис и карамель глазированный 50г,538,4.9,Суперцены,https://magnit.ru/product/1000437352?shopCode=694420&shopType=express,False,https://images-foodtech.magnit.ru/EoU7TA6UybDukjuGLEcPPE9Tynsf-eGonokxrveCwxQ/rs:fit:1600:1600/plain/s3://img-dostavka/catalog/uf/38d/38d98d0eb8cc1882b79b7d136dcf5528/402cf5e42fea2c7fd4361f69048f84b0.jpeg@webp,88.0,66.0
1000531930,Макароны Pasteroni Спиральки №125 800г,539,4.9,Суперцены,https://magnit.ru/product/1000531930?shopCode=694420&shopType=express,False,https://images-foodtech.magnit.ru/pnn8SkRo4p37ePDv3Eo3KCr3RdQ7BcsMn0Om-0txyWE/rs:fit:1600:1600/plain/s3://img-dostavka/catalog/uf/9e8/9e8cede8a3dd9076984fd3dddaa219c5/126153281c39f072b02ff2c2ad48c5af.png@webp,209.0,
1000517988,Влажный корм для кошек с говядиной в соусе Smarti Joy 75г,540,4.9,Суперцены,https://magnit.ru/product/1000517988?shopCode=694420&shopType=express,False,https://images-foodtech.magnit.ru/MxwxfVKK8YnX70K4nMAgI6fxP9BxVe_9qzFZAxRxMG0/rs:fit:1600:1600/plain/s3://img-dostavka/catalog/uf/5c1/5c15802523cc8fcdf2725459b5bef717/73b6c8611a36d8a958a1b99e203f2b6e.jpeg@webp,15.0,
8000062908,Протеиновый Донат со вкусом ванили без сахара Fitnes Shock 70г,541,4.7,Суперцены,https://magnit.ru/product/8000062908?shopCode=694420&shopType=express,False,https://images-foodtech.magnit.ru/vmQbltwYwAMmVR3KfDGPfYC2sfe0ZC3S5qYXeHOpklw/rs:fit:1600:1600/plain/s3://img-dostavka/catalog/uf/475/47557d3df2c46bbc9c31f3ccdfe22870/9ff74b292734536e00629c1fed40061b.jpeg@webp,175.0,125.0
1000363051,Влажный корм для кошек Whiskas Рагу с курицей 75г,542,4.9,Суперцены,https://magnit.ru/product/1000363051?shopCode=694420&shopType=express,False,https://images-foodtech.magnit.ru/nKc55UajxNqt4BFd_jBwjIBkELI2xlIuhZDRLPA-otk/rs:fit:1600:1600/plain/s3://img-dostavka/catalog/pim/goods/1000363051/image/3746e28e111105658428eedba2744991.jpeg@webp,28.0,27.0
1000451480,Шоколад Snaq Fabriq молочный со сливочной начинкой 34г,543,4.8,Суперцены,https://magnit.ru/product/1000451480?shopCode=694420&shopType=express,False,https://images-foodtech.magnit.ru/HRZW88X3iV9utPDlEj42ReDNNI6HQCu9UKbbFUcbODI/rs:fit:1600:1600/plain/s3://img-dostavka/catalog/uf/983/9834864a6108d7c1400f7231c4be49c9/cb9a3417c9c6ae1024b3d6b29bc924a4.jpeg@webp,105.0,93.0
1000528664,Батончик Snaq Fabriq Шоколадно-ореховое пралине 35г,544,4.9,Суперцены,https://magnit.ru/product/1000528664?shopCode=694420&shopType=express,False,https://images-foodtech.magnit.ru/90QJmFnyZ7KfVPw0JTx2RCZUhYhyOl8TocFNRw6gwZY/rs:fit:1600:1600/plain/s3://img-dostavka/catalog/uf/16e/16e264975df2b7fe3c248d952d770907/f87feeb31e8376f1dd65ad0a50fdd4ab.jpeg@webp,74.0,
1000323890,Батончик Bombbar Фисташковая меренга 40г,545,4.6,Суперцены,https://magnit.ru/product/1000323890?shopCode=694420&shopType=express,False,https://images-foodtech.magnit.ru/18r7Es8GOuEUpIx1s-rjkvLaOHog6-znv-Hu2yUAzLI/rs:fit:1600:1600/plain/s3://img-dostavka/catalog/uf/138/138cee7f6965a11f8d34770cf3c81b2b/59efbe390323690e516057fca9d9655c.jpeg@webp,94.0,
1000089124,Коктейль молочный Чудо со вкусом Шоколад 2% 960г,546,4.9,Суперцены,https://magnit.ru/product/1000089124?shopCode=694420&shopType=express,False,https://images-foodtech.magnit.ru/1T6lPp_TWGM2inyA8u8zM7sIChay5joRe56SLx-HC1E/rs:fit:1600:1600/plain/s3://img-dostavka/catalog/uf/58d/58d2851fb7f69007971ee6bf92e3c475/ebe44b42bd608a4dd507891a6941bbc0.jpeg@webp,194.0,
1000089124,Коктейль молочный Чудо со вкусом Шоколад 2% 960г,546,4.9,Суперцены,https://magnit.ru/product/1000089124?shopCode=694420&shopType=express,False,https://images-foodtech.magnit.ru/1T6lPp_TWGM2inyA8u8zM7sIChay5joRe56SLx-HC1E/rs:fit:1600:1600/plain/s3://img-dostavka/catalog/uf/58d/58d2851fb7f69007971ee6bf92e3c475/ebe44b42bd608a4dd507891a6941bbc0.jpeg@webp,194.0,
1000089124,Молочный коктейль Чудо Шоколад 2% 960г,547,4.9,Суперцены,https://magnit.ru/product/1000089124?shopCode=694420&shopType=express,False,https://images-foodtech.magnit.ru/1T6lPp_TWGM2inyA8u8zM7sIChay5joRe56SLx-HC1E/rs:fit:1600:1600/plain/s3://img-dostavka/catalog/uf/58d/58d2851fb7f69007971ee6bf92e3c475/ebe44b42bd608a4dd507891a6941bbc0.jpeg@webp,194.0,
1000089124,Молочный коктейль Чудо Шоколад 2% 960г,547,4.9,Суперцены,https://magnit.ru/product/1000089124?shopCode=694420&shopType=express,False,https://images-foodtech.magnit.ru/1T6lPp_TWGM2inyA8u8zM7sIChay5joRe56SLx-HC1E/rs:fit:1600:1600/plain/s3://img-dostavka/catalog/uf/58d/58d2851fb7f69007971ee6bf92e3c475/ebe44b42bd608a4dd507891a6941bbc0.jpeg@webp,194.0,
1000566090,Влажный корм для собак Smarti Joy с говядиной 415г,548,4.9,Суперцены,https://magnit.ru/product/1000566090?shopCode=694420&shopType=express,False,https://images-foodtech.magnit.ru/udd8IbRmisXkX7i3mq7_PF3sIh6x1nce2N4ilsPUJsk/rs:fit:1600:1600/plain/s3://img-dostavka/catalog/uf/6c7/6c773e2c5d399ddaec58fa6e92e23f9c/e85f7c48c5e24d961a507f392394f43a.jpeg@webp,71.0,
1000452141,Вяленые томаты Tom Tom в масле 140г,549,4.6,Суперцены,https://magnit.ru/product/1000452141?shopCode=694420&shopType=express,False,https://images-foodtech.magnit.ru/doBe-pIidYPaFgS-Xtcmzj-YuuTlAzpuEt3TPOjB_to/rs:fit:1600:1600/plain/s3://img-dostavka/catalog/uf/08d/08d879768ea60db1d6115fa057233ad2/6ca553fafad11c3892049cf9b38f9d61.jpeg@webp,199.0,
3152461701,Сухой корм для собак Chappi Сытный мясной обед Мясное изобилие 2.5кг,550,4.9,Суперцены,https://magnit.ru/product/3152461701?shopCode=694420&shopType=express,False,https://images-foodtech.magnit.ru/RY7DkIcCKzMyvdmWf5edo9Z0GNaEBCPAFuNPoKruZx0/rs:fit:1600:1600/plain/s3://img-dostavka/catalog/uf/fbd/fbddd07cc6afb830cf842888b6ea8659/28b3395fb7a23d9fc656d1b8bcd14db5.jpeg@webp,574.0,449.0
1000376082,Сухой корм для кошек Мираторг Meat с нежной телятиной 300г,551,4.9,Суперцены,https://magnit.ru/product/1000376082?shopCode=694420&shopType=express,False,https://images-foodtech.magnit.ru/LW4qe1PhRuMTAHqiKq8aQCrq29tku-wJdUCtwhPkgd4/rs:fit:1600:1600/plain/s3://img-dostavka/catalog/uf/827/8278f4132cc673aa289b31178e453880/f1eba2639c721b7476a5a4a478fd618f.jpeg@webp,159.0,125.0
1000391686,Драже Chikalab фундук в шоколаде 120г,552,4.7,Суперцены,https://magnit.ru/product/1000391686?shopCode=694420&shopType=express,False,https://images-foodtech.magnit.ru/ALRt45wPWaGbphhTyyoYWHd7bAdOertuYR9HxZKNzTQ/rs:fit:1600:1600/plain/s3://img-dostavka/catalog/uf/3fe/3feb59ce4b15f92e7c8fb772a6d25c01/2062b097376519cc482262ba23a75b29.jpeg@webp,360.0,
1000389219,Печень трески Вкусные консервы натуральная 120г,553,4.3,Суперцены,https://magnit.ru/product/1000389219?shopCode=694420&shopType=express,False,https://images-foodtech.magnit.ru/-ra_wqjpW8RgEEA0QqdfZN32yak-lB6IEuc7C8wmcTQ/rs:fit:1600:1600/plain/s3://img-dostavka/catalog/uf/7f9/7f97a4c70eb99ce2bb08dbea34a648d0/de8f5486d99d5936e782f5ea346b216e.jpeg@webp,287.0,239.0
1000198023,Сухой для кошек с чувствительным пищеварением Perfect Fit с индейкой 650г,554,4.9,Суперцены,https://magnit.ru/product/1000198023?shopCode=694420&shopType=express,False,https://images-foodtech.magnit.ru/Ip-Jj3PcC6_hrqGhh8rCtUFl50vjWw2kOuL2z5MVVmI/rs:fit:1600:1600/plain/s3://img-dostavka/catalog/uf/8b6/8b67d6c537f479286897be65cb698eea/5ba8c22caf2380f5daf1a0d842cba42f.jpeg@webp,470.0,349.0
1000104416,Конфитюр Zuegg Экстра Инжир 330г,555,4.9,Суперцены,https://magnit.ru/product/1000104416?shopCode=694420&shopType=express,False,https://images-foodtech.magnit.ru/o8kAm4tCfx3xljvXbxrBStaP1K8APPC24U8O3y0k85k/rs:fit:1600:1600/plain/s3://img-dostavka/catalog/uf/545/5456a24085929fe6aa69815c98312a9d/129d3f5a0a4524fcdaf1d57a938bbdb9.jpeg@webp,482.0,293.0
1000084542,Гель для стирки Лоск Колор для цветного жидкий порошок 20 стирок 1.3л,556,5.0,Суперцены,https://magnit.ru/product/1000084542?shopCode=694420&shopType=express,False,https://images-foodtech.magnit.ru/G9bAP1svyeaNDRMMhjWieCbXCSujTQrb2W9sOq8tRHE/rs:fit:1600:1600/plain/s3://img-dostavka/catalog/uf/95a/95aa22005de397ff8284b582eb09feec/01fc068e074ea5a31e23c0ccf86583fd.jpeg@webp,574.0,349.0
1000447369,Батончик Snaq Fabriq Фисташка и карамель без сахара глазированный 50г,557,4.8,Суперцены,https://magnit.ru/product/1000447369?shopCode=694420&shopType=express,False,https://images-foodtech.magnit.ru/331_lQgHyFlR7LKDS5M4fKpZPxVJYt8fJwPcR_NJjp0/rs:fit:1600:1600/plain/s3://img-dostavka/catalog/uf/a79/a796d48a69159cf813d72ada8b18d944/5e534b7bd5f4df931d12ea71b5d4dbc6.jpeg@webp,131.0,79.0
5555552468,Говядина тушеная Курганский МК Стандарт 338г,558,4.6,Суперцены,https://magnit.ru/product/5555552468?shopCode=694420&shopType=express,False,https://images-foodtech.magnit.ru/03TL5ci11x4v3lxNss_4k1D-PnMUAtA27C58BDJ0HAE/rs:fit:1600:1600/plain/s3://img-dostavka/catalog/uf/4bf/4bfa83733a3cfcaf6d2c175d99a0fcbf/953445fb2383a2bc9295a6f1681bb6fa.jpeg@webp,309.0,209.0
3201860020,Напиток кисломолочный Имунеле Мультифрукт 1.2% 100г,559,4.9,Суперцены,https://magnit.ru/product/3201860020?shopCode=694420&shopType=express,False,https://images-foodtech.magnit.ru/m9LOlopL-cnhHO0XMddjQwx0H52cAsRQbeTCuUH6l54/rs:fit:1600:1600/plain/s3://img-dostavka/catalog/uf/50b/50beaf629a19bd227c2835656789f81e/0770922d82c964fe9d62db824f93217b.jpeg@webp,31.0,
1000586178,Влажный корм для кошек Whiskas Рагу с индейкой 75г,560,5.0,Суперцены,https://magnit.ru/product/1000586178?shopCode=694420&shopType=express,False,https://images-foodtech.magnit.ru/rFZ7xliEqxSLb0NIZu3Ga-5Y0BsgEx3lYRx_ArtvZAs/rs:fit:1600:1600/plain/s3://img-dostavka/catalog/pim/goods/1000586178/image/0ec4a05c059655674b4c5925bd50d87b.jpeg@webp,28.0,
3141730001,Кофе растворимый Monarch Original 95г,561,4.9,Суперцены,https://magnit.ru/product/3141730001?shopCode=694420&shopType=express,False,https://images-foodtech.magnit.ru/nXYo6IDR2wRdmk3fUV0GXD_OwfNguiWvU-q0PvwC6bM/rs:fit:1600:1600/plain/s3://img-dostavka/catalog/uf/d2a/d2a0244bf37223bd9154d9329e6bb476/fa725fe5279f25889feeb53d3d64b22a.jpeg@webp,679.0,399.0
7699900163,Заменитель сахара Novasweet 72г 1200шт,562,4.9,Суперцены,https://magnit.ru/product/7699900163?shopCode=694420&shopType=express,False,https://images-foodtech.magnit.ru/4pp1rUYvgdJJYw1_SrAbApGNk4nhA3tNkCiEtwjrt7A/rs:fit:1600:1600/plain/s3://img-dostavka/catalog/uf/216/2162f80661c28a74296d927f5dee9aff/aaa7cd3e1d629e939c28eacf7cb47bf5.jpeg@webp,263.0,215.0
1000447372,Печенье Chikalab глазированное Арахисовое 60г,563,5.0,Суперцены,https://magnit.ru/product/1000447372?shopCode=694420&shopType=express,False,https://images-foodtech.magnit.ru/IAWrWa3S3UvaNDCMcw9TM0PdcUzFCnpJeoR_0MjFyo0/rs:fit:1600:1600/plain/s3://img-dostavka/catalog/uf/a44/a44424282917d908b3df2beca9bf8561/58c0c68d12c47d0eec1d16eb74d5a80d.jpeg@webp,171.0,
3201244052,Напиток кисломолочный Имунеле со вкусом Черника 1.2% 100г,564,4.7,Суперцены,https://magnit.ru/product/3201244052?shopCode=694420&shopType=express,False,https://images-foodtech.magnit.ru/uZgpn1WejGLTEK_w7K_AsY3k0bkJ-7JzswPzJSlpXDk/rs:fit:1600:1600/plain/s3://img-dostavka/catalog/uf/e1c/e1cd29975d0e34260d57fad2d0c29243/4a4e5bbf9dab9504f159ae270e875c96.jpeg@webp,31.0,
1000557912,Сухой корм для взрослых кошек Мираторг Meat говядина 750г,565,4.9,Суперцены,https://magnit.ru/product/1000557912?shopCode=694420&shopType=express,False,https://images-foodtech.magnit.ru/6PUBoSU5IQ4darr_8n3TZEi66v71yBGgxD9c9iaBVhw/rs:fit:1600:1600/plain/s3://img-dostavka/catalog/uf/f7f/f7f0b54380e1f12bd0683090ebd3ee90/9d0891c292b8040146a224c3b0106de9.jpeg@webp,389.0,289.0
1000385629,Варенье Медовый дом Лесные ягоды 300г,566,4.2,Суперцены,https://magnit.ru/product/1000385629?shopCode=694420&shopType=express,False,https://images-foodtech.magnit.ru/K5725tVfbzCeUd1BuJvWYaGhWINLeIJIaMvHCk8xovk/rs:fit:1600:1600/plain/s3://img-dostavka/catalog/uf/0a3/0a34360801c8836396a28fe2231972c9/c2c04ab1298b65039bad217bb03d3163.jpeg@webp,249.0,220.0
1000438281,Гель для стирки Synergetic для цветного белья гипоаллергенный 1.5л,567,5.0,Суперцены,https://magnit.ru/product/1000438281?shopCode=694420&shopType=express,False,https://images-foodtech.magnit.ru/P_6tc24kHh09_oD1gMW3hKbSXjfGMUW_EU588hGymIo/rs:fit:1600:1600/plain/s3://img-dostavka/catalog/uf/ecd/ecd5265f3bb80da8b4e899abf71ca2e9/cbba5b0bb4ba37ec88723adbbc583a67.jpeg@webp,795.0,419.0
1000571633,Влажный корм для кошек Smarti Joy с рыбой в соусе 75г,568,4.8,Суперцены,https://magnit.ru/product/1000571633?shopCode=694420&shopType=express,False,https://images-foodtech.magnit.ru/ijL0myx4S9BsHhhrPM9pXoIT5Xit6puMxsAuwXZ1R8I/rs:fit:1600:1600/plain/s3://img-dostavka/catalog/uf/f78/f7877861a30dca2b25ebaadefba21705/291fff42892a3ac9cac4ce612a3262cc.jpeg@webp,14.0,
1000110482,Сухой корм Purina ONE для стерилизованных кошек и кастрированных котов с высоким содержанием говядины и пшеницей 750г,569,5.0,Суперцены,https://magnit.ru/product/1000110482?shopCode=694420&shopType=express,False,https://images-foodtech.magnit.ru/2gF_mDgQUD_FEH8hRP0ElTEhrYNW5PvWnn6gZ2rFaHI/rs:fit:1600:1600/plain/s3://img-dostavka/catalog/uf/9bc/9bc3101240c886c8bf43e8a324dd1605/345c837bc63834e398f8eb1b40ad2c89.jpeg@webp,516.0,399.0
1000148117,Шоколад Победа вкуса Молочный на стевии 36% какао 100г,570,5.0,Суперцены,https://magnit.ru/product/1000148117?shopCode=694420&shopType=express,False,https://images-foodtech.magnit.ru/NWjHjF0BFt36Athb10_8U0zNYHM4PA85Kd5fUnJtROs/rs:fit:1600:1600/plain/s3://img-dostavka/catalog/uf/741/741568c35c69a448841c1164a92165c9/275416487df0d4220c9b8529cda5d273.jpeg@webp,321.0,287.0
1000113541,Сухой корм для котят Whiskas от 2 до 12 месяцев подушечки с индейкой и морковью 350г,571,4.9,Суперцены,https://magnit.ru/product/1000113541?shopCode=694420&shopType=express,False,https://images-foodtech.magnit.ru/8owe73AJQkiF5dNfp4Y1dEpWjm0PVgIRmRtm13_pzQ0/rs:fit:1600:1600/plain/s3://img-dostavka/catalog/uf/8ec/8ec833bd12c12cf60fd0a520c6656fb0/6ea28b1d184807649aeafedc83c103b8.jpeg@webp,194.0,139.0
1000427075,Молоко сгущенное Алексеевское с сахаром 8.5% 360г,572,4.9,Суперцены,https://magnit.ru/product/1000427075?shopCode=694420&shopType=express,False,https://images-foodtech.magnit.ru/-dIa4jnK5RNm1r64ujuKomObczi0T1PJKGLZjrxzzGQ/rs:fit:1600:1600/plain/s3://img-dostavka/catalog/uf/cb0/cb0a0e8448b20b3c67d22b038c163059/2f88b45c79fa83dc4f26f37b6387f9b4.jpeg@webp,149.0,
1400000052,Фасоль Бондюэль белая 400г,573,4.9,Суперцены,https://magnit.ru/product/1400000052?shopCode=694420&shopType=express,False,https://images-foodtech.magnit.ru/3LTP5Q27Mz7T5r-f3JIVl5G6Cxz2-fq9oojFRVkdtW4/rs:fit:1600:1600/plain/s3://img-dostavka/catalog/uf/948/94805212955cc016f64834266a4c6e49/b9f70a13ec61e54cf363e5d097997830.jpeg@webp,179.0,134.0
1000315781,Клубника Магнит в сиропе 410г,574,4.5,Суперцены,https://magnit.ru/product/1000315781?shopCode=694420&shopType=express,False,https://images-foodtech.magnit.ru/oeiI4jsyWi_MUbHhj75bnfz9_RoVXRc0dGVNL-698Ic/rs:fit:1600:1600/plain/s3://img-dostavka/catalog/uf/779/779e79e860388887a9c3f4f5b22b8022/df3860366e70d710f276898cb6827469.jpeg@webp,150.0,109.0
1000390622,Пирожное Protein Rex брауни вишневое протеиновое 50г,575,4.7,Суперцены,https://magnit.ru/product/1000390622?shopCode=694420&shopType=express,False,https://images-foodtech.magnit.ru/2J8rP_8TwMJ_MytQ_drN6ZN4x2QTXg_0bFSOuKYMvAk/rs:fit:1600:1600/plain/s3://img-dostavka/catalog/uf/9f8/9f8de93ef4ab9324dd041ea2d47f28d9/944b1bfcd76fda0a8bb645418ac3d98d.jpeg@webp,129.0,
1000529353,Печенье Chikalab глазированное малиновый десерт без сахара 55г,576,4.9,Суперцены,https://magnit.ru/product/1000529353?shopCode=694420&shopType=express,False,https://images-foodtech.magnit.ru/GbWiYtpq8gzaJZtMj6zMkr2AiNUThaK2qx49i0CIdtw/rs:fit:1600:1600/plain/s3://img-dostavka/catalog/uf/4fe/4fe1eb4c5a81cbb098015c0c33087210/d17f0fdd934e97ab5f85da63587bf4da.jpeg@webp,209.0,175.0
1000514370,Голень куриная гриль,577,4.7,Суперцены,https://magnit.ru/product/1000514370?shopCode=694420&shopType=express,False,https://images-foodtech.magnit.ru/NUguCuKkA8u6cV5lvxPIgni_8CVv0nwLfMHrdBbhA1g/rs:fit:1600:1600/plain/s3://img-dostavka/catalog/uf/cf0/cf05d3a8dcf92d5a1d55d339de704e59/5991642bc7bd4bb5859ad10bf34cd687.jpeg@webp,869.0,689.0
1000425567,Оливки Каламата маринованные с травами без косточки Premiere of Taste 150г,578,4.9,Суперцены,https://magnit.ru/product/1000425567?shopCode=694420&shopType=express,False,https://images-foodtech.magnit.ru/9O6iQp54uuk3IT1Gfph-rZjad8aoz2lZ5rVBMDtcd9w/rs:fit:1600:1600/plain/s3://img-dostavka/catalog/uf/ab2/ab25b64eb3b194a9053a9fbb8e421716/b15c113f962a8c4e1991a3a30613e536.jpeg@webp,312.0,229.0
8000043621,Батончик глазированный Bionova с коллагеном Печенье-крем 40г,579,5.0,Суперцены,https://magnit.ru/product/8000043621?shopCode=694420&shopType=express,False,https://images-foodtech.magnit.ru/26-p4GR27iODqGMJvrTaWIKcfBqlJnos0IRhimy2oH0/rs:fit:1600:1600/plain/s3://img-dostavka/catalog/uf/8cd/8cd0d41a450614691694f6786b52ab2b/449e7ccfa0aa91048fd6443ac6e85c40.jpeg@webp,104.0,
1000452211,Печенье Bombbar вишня без сахара 40г,580,4.8,Суперцены,https://magnit.ru/product/1000452211?shopCode=694420&shopType=express,False,https://images-foodtech.magnit.ru/8zWgXVq7SMC1mDkitXeNUDxh00m7x3iTy2j7Z_WRtWk/rs:fit:1600:1600/plain/s3://img-dostavka/catalog/uf/b72/b72ccf9782a6454cb98472a3474081a3/be78c583396a458372024943e8a7a38d.jpeg@webp,114.0,
1000376090,Влажный корм для взрослых собак Мираторг Extra Meat ягненок в соусе 85г,581,4.9,Суперцены,https://magnit.ru/product/1000376090?shopCode=694420&shopType=express,False,https://images-foodtech.magnit.ru/_wlLTdSuid_lBN5EOD8CFyjVLzAmvYyo8qqf3dbp-e4/rs:fit:1600:1600/plain/s3://img-dostavka/catalog/uf/787/787c48338e755dd78c727511d63d60e8/8f2c3674951a9a9123f6b10488640060.jpeg@webp,36.0,25.0
1000019779,Сухой корм Purina ONE для стерилизованных кошек и кастрированных котов с высоким содержанием лосося и пшеницей 200г,582,5.0,Суперцены,https://magnit.ru/product/1000019779?shopCode=694420&shopType=express,False,https://images-foodtech.magnit.ru/zKp6_OohIWQrYMzbJtEj6ZwIFLEkzzHj12d5aOVYLjM/rs:fit:1600:1600/plain/s3://img-dostavka/catalog/uf/c77/c7705bb81aa7c6906e97b275d6832230/021bb575b00b968b86e4a782333e9b28.jpeg@webp,160.0,121.0
8000012556,Томаты Черри Green Ribbon маринованные 680г,583,4.8,Суперцены,https://magnit.ru/product/8000012556?shopCode=694420&shopType=express,False,https://images-foodtech.magnit.ru/sY94d7yJ7Hy9NgI4_xENakE_WHIkvGyxb6H4YI1b5Ls/rs:fit:1600:1600/plain/s3://img-dostavka/catalog/uf/c04/c045a39c2b44eda108d402745ac6e587/b1a9c2d655e55b2eef1e3ca6500c0505.jpeg@webp,223.0,
8000012556,Томаты Черри Green Ribbon маринованные 680г,583,4.8,Суперцены,https://magnit.ru/product/8000012556?shopCode=694420&shopType=express,False,https://images-foodtech.magnit.ru/sY94d7yJ7Hy9NgI4_xENakE_WHIkvGyxb6H4YI1b5Ls/rs:fit:1600:1600/plain/s3://img-dostavka/catalog/uf/c04/c045a39c2b44eda108d402745ac6e587/b1a9c2d655e55b2eef1e3ca6500c0505.jpeg@webp,223.0,
8000050317,Сухой корм для домашних кошек с говядиной Perfect Fit 650г,584,4.9,Суперцены,https://magnit.ru/product/8000050317?shopCode=694420&shopType=express,False,https://images-foodtech.magnit.ru/g4FE7iuJQY1JkpzYgWSD41jcOuz2kHZN_-3eegRRn5w/rs:fit:1600:1600/plain/s3://img-dostavka/catalog/uf/293/29378d77682f53ab4a5d221fa761ef41/2a5e0df215f74017f7ce201abb998061.jpeg@webp,439.0,349.0
1000223252,Шпроты 5 Морей Рижские из балтийской кильки в масле 160г,585,4.8,Суперцены,https://magnit.ru/product/1000223252?shopCode=694420&shopType=express,False,https://images-foodtech.magnit.ru/TrG2buUrEIYbvWNcTHB-BPfW6qalSi4UB1DVHVHm7Tk/rs:fit:1600:1600/plain/s3://img-dostavka/catalog/uf/69d/69d26ad5088ec658af69acdfce3fcae9/a2bdaeeafc316d771968e74bbf8865a1.jpeg@webp,152.0,124.0
1000208743,Паштет Argeta Куриная печень 95г,586,4.9,Суперцены,https://magnit.ru/product/1000208743?shopCode=694420&shopType=express,False,https://images-foodtech.magnit.ru/vVPa8-lkLm0enPinK0VLtKqEAHEjQyy9v6bzkNoKV2w/rs:fit:1600:1600/plain/s3://img-dostavka/catalog/uf/416/4169615806954b0e1b6988a998c04d09/b6bd4e0e4741e068833de1f358268bb0.jpeg@webp,179.0,
1000280685,Сухой корм для кошек Purina ONE с индейкой и рисом 1.5кг,587,5.0,Суперцены,https://magnit.ru/product/1000280685?shopCode=694420&shopType=express,False,https://images-foodtech.magnit.ru/0n8mPAQkLUT9ktJNjDkKUjGskYVujDGsnbGw93D_jlU/rs:fit:1600:1600/plain/s3://img-dostavka/catalog/uf/66a/66a5afa6c8a868679e797153e71f4c6f/294775900ccbd8d527706a3cac654b65.jpeg@webp,861.0,759.0
1000489369,Влажный корм для взрослых кошек Perfect Fit Иммунитет с говядиной в желе с добавлением льна 75г,588,4.9,Суперцены,https://magnit.ru/product/1000489369?shopCode=694420&shopType=express,False,https://images-foodtech.magnit.ru/SmoYVxxP3dyoFt06wPPPKStGCDpshZT_9p3aconFnDM/rs:fit:1600:1600/plain/s3://img-dostavka/catalog/uf/bbe/bbe1ae3793a327c56ce8694bac9a73c1/effa4795fdaeaa661f8a3d5a8d597ac7.jpeg@webp,32.0,31.0
1000287941,Икра из кабачков Кухмастер 385г,589,4.5,Суперцены,https://magnit.ru/product/1000287941?shopCode=694420&shopType=express,False,https://images-foodtech.magnit.ru/8UNLP_UgQ-dbcPEmMJKSY4luKj-_xiHMPg9hCLMOfeo/rs:fit:1600:1600/plain/s3://img-dostavka/catalog/uf/58b/58b18f8cc06acef1c27a6babe2bcbec1/b0f6324d064a4ae8eeca7ebefee29935.jpeg@webp,114.0,89.0
1000136383,Сухой корм для кошек Purina ONE При домашнем образе жизни с индейкой и злаками 1.5кг,590,5.0,Суперцены,https://magnit.ru/product/1000136383?shopCode=694420&shopType=express,False,https://images-foodtech.magnit.ru/DEAGayPpxpUK-uFvA0D3SlnN3yCl_OZTVMyAs-fOhXE/rs:fit:1600:1600/plain/s3://img-dostavka/catalog/uf/4c4/4c4ad8250f4687c87215eb1036de2a75/afcd07e8b6ce08aa6eae87b10cf4ecf5.jpeg@webp,919.0,699.0
1000546660,Пирожное протеиновое Fitness Shock Брауни лимон-мак 50г,591,4.8,Суперцены,https://magnit.ru/product/1000546660?shopCode=694420&shopType=express,False,https://images-foodtech.magnit.ru/cWGkq2e28ZnqRvJ0l-XXV0TeRxcTcFJDNzNHFJfGfkg/rs:fit:1600:1600/plain/s3://img-dostavka/catalog/uf/591/59111da8726daef6eabf0d3b08579982/ccf2ae195fa2123836e3e8943f1a7dd5.jpeg@webp,157.0,109.0
1000363320,Сухой корм для кошек Felix Мясное объедение с курицей 200г,592,4.9,Суперцены,https://magnit.ru/product/1000363320?shopCode=694420&shopType=express,False,https://images-foodtech.magnit.ru/tM15xNy6x-RNm9e7PpmoDXb8Z-ntPzRT-gekIprC5xg/rs:fit:1600:1600/plain/s3://img-dostavka/catalog/uf/f6a/f6a9552d18c6c31e934bd644b6c4d63b/65f7651df299621182bd7526f9f3c601.jpeg@webp,125.0,114.0
1000201628,Йогурт питьевой Чудо клубника земляника 1.9% 260г,593,4.9,Суперцены,https://magnit.ru/product/1000201628?shopCode=694420&shopType=express,False,https://images-foodtech.magnit.ru/SegVkbT7fGqOpb-FDt35P9V9AGdAUPBzq-YOXlXKqkQ/rs:fit:1600:1600/plain/s3://img-dostavka/catalog/uf/d03/d030188df130d340b836f414ac389fc4/778950499f3a5f17779aa899cb1f1853.jpeg@webp,89.0,62.0
1000566089,Влажный корм для кошек Smarti Joy с курицей 415г,594,4.7,Суперцены,https://magnit.ru/product/1000566089?shopCode=694420&shopType=express,False,https://images-foodtech.magnit.ru/ApGsq7xrgkVX8U0-sxFILM9rM_t4yCliXkWoORUbneU/rs:fit:1600:1600/plain/s3://img-dostavka/catalog/uf/0b6/0b611c33f4816868878dc3a2c237e589/e930d0fd3820c65734fc1145ac2b43fa.jpeg@webp,61.0,
1000505644,Молочный коктейль со вкусом Ванильный пломбир Чудо 2% 210г,595,4.8,Суперцены,https://magnit.ru/product/1000505644?shopCode=694420&shopType=express,False,https://images-foodtech.magnit.ru/10gpdRtutvjBdcX4d8oe8Jmtm_A4sMhIBj7qaUB4OUQ/rs:fit:1600:1600/plain/s3://img-dostavka/catalog/uf/1ef/1efe52a4c6c461c98b267f9af165996c/9628e3ced684b985f294910293a866c4.jpeg@webp,53.0,52.0
1000189577,Скумбрия Доброфлот дальневосточная с добавлением масла 245г,596,4.4,Суперцены,https://magnit.ru/product/1000189577?shopCode=694420&shopType=express,False,https://images-foodtech.magnit.ru/wp4E9V5lDvrq9cz5GazAaD6tPT4kKLEJwR12YiJZlZ8/rs:fit:1600:1600/plain/s3://img-dostavka/catalog/uf/ff3/ff3b59dca6a6b868b3049a36487089a8/5928241e29282ae83d24928053ac4ceb.jpeg@webp,240.0,199.0
1000302692,Батончик Bombbar протеиновый Кокос 60г,597,4.7,Суперцены,https://magnit.ru/product/1000302692?shopCode=694420&shopType=express,False,https://images-foodtech.magnit.ru/Vzd9Mm3F0BpxBVYv62uwdDzru2juGp7J2wypTtHvY4M/rs:fit:1600:1600/plain/s3://img-dostavka/catalog/uf/dc2/dc27d592af7bde283a7f87282f90df41/d2eed1a5d9fe4e30136157adc9f2f432.jpeg@webp,139.0,
1000382877,Печенье Bombbar Кокос без сахара 40г,598,4.7,Суперцены,https://magnit.ru/product/1000382877?shopCode=694420&shopType=express,False,https://images-foodtech.magnit.ru/bdrnKRAMT009cT5_ji4eBX0cIclW27Y52FHRBe6D9pE/rs:fit:1600:1600/plain/s3://img-dostavka/catalog/uf/88c/88cf3ed308ebe3fe190990a35e841ce1/e67892d8cd2a43b820a54da0407d4e07.jpeg@webp,131.0,89.0
1000376088,Влажный корм для котят Мираторг Extra Meat телятина в желе 80г,599,4.9,Суперцены,https://magnit.ru/product/1000376088?shopCode=694420&shopType=express,False,https://images-foodtech.magnit.ru/FKibtxHF0Gh-CVMZhTH80jHHRZmVE0vQ35FS1Z4Ev2Q/rs:fit:1600:1600/plain/s3://img-dostavka/catalog/uf/f67/f6781c74e9236d0039df46124b53e8e5/917ee89cd2583ee1de43cc52995321cf.jpeg@webp,45.0,35.0
1000376085,Влажный корм для кошек Мираторг Extra Meat Black Angus говядина в соусе 80г,600,4.9,Суперцены,https://magnit.ru/product/1000376085?shopCode=694420&shopType=express,False,https://images-foodtech.magnit.ru/LxjosMcGS7Sm1UleEPZU34lnokMSOVXxo7nZfHle-rM/rs:fit:1600:1600/plain/s3://img-dostavka/catalog/uf/1e7/1e740f273b0ce19b1e2fdcf706be338b/8a3503fcf3d56dd5331e5c0ba99317ad.jpeg@webp,35.0,25.0
1000136394,Сухой корм для собак Purina ONE Mini при активном образе жизни с курицей и рисом 1.5кг,601,5.0,Суперцены,https://magnit.ru/product/1000136394?shopCode=694420&shopType=express,False,https://images-foodtech.magnit.ru/7MgNsKmV4RS5N6iPruFGmyLkyCHvx7c43nqucNanwgo/rs:fit:1600:1600/plain/s3://img-dostavka/catalog/uf/924/924a5e9f31a2a89f7cbc67e9a80b4f1f/d0f9676ac70b0bdddb9c33e10a4cdecd.jpeg@webp,643.0,505.0
3287180003,Огурцы 6 соток Хрустящие 680г,602,4.5,Суперцены,https://magnit.ru/product/3287180003?shopCode=694420&shopType=express,False,https://images-foodtech.magnit.ru/gnZ4UWCn_G_Wuy1xmEvphZJSvC1WIUPV4ev6OR-0Dtw/rs:fit:1600:1600/plain/s3://img-dostavka/catalog/uf/8d6/8d6b22da021241f8be10132b9a3efb97/6273147df174948c8ad2703503d2adf8.jpeg@webp,239.0,
1000279648,Кисель Fit Parad быстрорастворимый земляника 30г,603,4.7,Суперцены,https://magnit.ru/product/1000279648?shopCode=694420&shopType=express,False,https://images-foodtech.magnit.ru/b-vbapPqHTUMR61h-8nNr1DxCD4tDOIHbirEj3x0u2Q/rs:fit:1600:1600/plain/s3://img-dostavka/catalog/uf/96c/96c8641613554912960a238626a53175/33153d4c8c33bd4770cdb66527664cf5.jpeg@webp,46.0,34.0
1000423392,Лакомство для собак Мираторг средней породы 70г,604,4.9,Суперцены,https://magnit.ru/product/1000423392?shopCode=694420&shopType=express,False,https://images-foodtech.magnit.ru/cQIpayasL_jvF7g-2Oy0anWBH3PB7obaZzmVBTOh2ms/rs:fit:1600:1600/plain/s3://img-dostavka/catalog/uf/72a/72ad7e78782694529a7b8dbb048894fa/ba3b031c0a54b485470f1071454fcb8d.jpeg@webp,102.0,61.0
1000563354,Конфеты Кремлина неглазированные Мальдивы Фит финик апельсин 240г,605,5.0,Суперцены,https://magnit.ru/product/1000563354?shopCode=694420&shopType=express,False,https://images-foodtech.magnit.ru/oCmQ569jVupfVI-lRmRGtCKsMHZ5gFl0-HFpe4Y0CB4/rs:fit:1600:1600/plain/s3://img-dostavka/catalog/uf/435/4356123877a1656b0b4566c5d1af4e82/bcd48576b5a532f92aa5c4b051f0f0dc.jpeg@webp,331.0,
1000423393,Лакомство для собак Мираторг для мелких пород 40г,606,4.8,Суперцены,https://magnit.ru/product/1000423393?shopCode=694420&shopType=express,False,https://images-foodtech.magnit.ru/JiELL-9TbbRJPkUuVcR8RWcC8pJk8i0g8bWu1MOBuBs/rs:fit:1600:1600/plain/s3://img-dostavka/catalog/uf/a04/a04f92478f72f51ddf572ed78a8cab4b/dae3d75da55966ff65c9fa6f543c5695.jpeg@webp,68.0,46.0
2216700014,Скумбрия Барс в томатном соусе 250г,607,4.8,Суперцены,https://magnit.ru/product/2216700014?shopCode=694420&shopType=express,False,https://images-foodtech.magnit.ru/vb_lRGWzrTyLeQBuZMl_OWXfqBAUBFxFT3VOcujOjlk/rs:fit:1600:1600/plain/s3://img-dostavka/catalog/uf/fd3/fd3edcb46d197285fa3d1caeb940534c/11c8100a2d399796c319b075b3444e5d.jpeg@webp,222.0,169.0
1000189678,Кофе в зернах Monarch Original натуральный жареный 800г,608,4.9,Суперцены,https://magnit.ru/product/1000189678?shopCode=694420&shopType=express,False,https://images-foodtech.magnit.ru/-giMKBGAGrgp5PPg0DGRRlbOJdh44p3dT17a5Gai9OE/rs:fit:1600:1600/plain/s3://img-dostavka/catalog/uf/dfa/dfa4089868392e5d5050a078288881b4/db53b9db52b4709561c5ab2ea4952ab5.jpeg@webp,1869.0,1349.0
1000189678,Кофе в зернах Monarch Original натуральный жареный 800г,608,4.9,Суперцены,https://magnit.ru/product/1000189678?shopCode=694420&shopType=express,False,https://images-foodtech.magnit.ru/-giMKBGAGrgp5PPg0DGRRlbOJdh44p3dT17a5Gai9OE/rs:fit:1600:1600/plain/s3://img-dostavka/catalog/uf/dfa/dfa4089868392e5d5050a078288881b4/db53b9db52b4709561c5ab2ea4952ab5.jpeg@webp,1869.0,1349.0
1000189678,Кофе в зернах Jacobs Monarch 800г,609,4.9,Суперцены,https://magnit.ru/product/1000189678?shopCode=694420&shopType=express,False,https://images-foodtech.magnit.ru/-giMKBGAGrgp5PPg0DGRRlbOJdh44p3dT17a5Gai9OE/rs:fit:1600:1600/plain/s3://img-dostavka/catalog/uf/dfa/dfa4089868392e5d5050a078288881b4/db53b9db52b4709561c5ab2ea4952ab5.jpeg@webp,1869.0,1349.0
1000189678,Кофе в зернах Jacobs Monarch 800г,609,4.9,Суперцены,https://magnit.ru/product/1000189678?shopCode=694420&shopType=express,False,https://images-foodtech.magnit.ru/-giMKBGAGrgp5PPg0DGRRlbOJdh44p3dT17a5Gai9OE/rs:fit:1600:1600/plain/s3://img-dostavka/catalog/uf/dfa/dfa4089868392e5d5050a078288881b4/db53b9db52b4709561c5ab2ea4952ab5.jpeg@webp,1869.0,1349.0
1000391675,Батончик протеиновый Bombarr неглазированный Печенье и Крем 60г,610,4.7,Суперцены,https://magnit.ru/product/1000391675?shopCode=694420&shopType=express,False,https://images-foodtech.magnit.ru/X0BS7934ROEy3FslgCP5rbRRK_AIMnng5vm1XzGbNCA/rs:fit:1600:1600/plain/s3://img-dostavka/catalog/uf/a0c/a0c0db647af20931cf317609fe8f2b2e/90d67aca3ff3ebc5dce5c7658fffab43.jpeg@webp,139.0,
1000482217,Сухой корм для взрослых собак Дарлинг с мясом и добавлением овощей 2кг,611,4.9,Суперцены,https://magnit.ru/product/1000482217?shopCode=694420&shopType=express,False,https://images-foodtech.magnit.ru/ZYnpWCFzufqPV-uw0idvOBFxmj8shYbTGO9Cfj95OiM/rs:fit:1600:1600/plain/s3://img-dostavka/catalog/uf/ac5/ac5f69a4d26e8134875967be18de22b7/3026102a133dabf93e6691d040f82bc5.jpeg@webp,499.0,
1000198021,Сухой корм для кошек с чувствительным пищеварением Perfect Fit с индейкой 1.2кг,612,4.8,Суперцены,https://magnit.ru/product/1000198021?shopCode=694420&shopType=express,False,https://images-foodtech.magnit.ru/D10XFNDCPjDQV2YYHYafwQmgZzWu2RiGsm1M6agigbA/rs:fit:1600:1600/plain/s3://img-dostavka/catalog/uf/462/462f5da754277a3da828e7f45700a352/7fe042067e8ba0a1917e041d3368e7c4.jpeg@webp,804.0,599.0
1000302693,Батончик протеиновый Bombbar Пудинг Манго-банан 60г,613,4.4,Суперцены,https://magnit.ru/product/1000302693?shopCode=694420&shopType=express,False,https://images-foodtech.magnit.ru/At6aPCXAZ8E-yP4zguI8vbX_oTCjt6A7X1sL_KBqyIM/rs:fit:1600:1600/plain/s3://img-dostavka/catalog/uf/bcb/bcbab1bb5148f18f7c3309b522585fbd/56fa2bd3a3a3f06216b8fbe1853b49a1.jpeg@webp,179.0,109.0
1000392010,Какао Fitfeel обезжиренный 150г,614,4.6,Суперцены,https://magnit.ru/product/1000392010?shopCode=694420&shopType=express,False,https://images-foodtech.magnit.ru/mvJqOBW96RPv0wtMvPHCJ1hHkeqKAvjPWJccjBn80CM/rs:fit:1600:1600/plain/s3://img-dostavka/catalog/uf/eba/ebab6ac977007db0615de0d5d600d5e7/c05c6d83fc0ecee0c64f55a8345e1574.jpeg@webp,284.0,
1000307627,Влажный корм Purina ONE Мини Активная для взрослых собак мелких и карликовых пород с говядиной картофелем и морковью в подливе 85г,615,4.8,Суперцены,https://magnit.ru/product/1000307627?shopCode=694420&shopType=express,False,https://images-foodtech.magnit.ru/8HuevkWNtPGAzb4AV9jIGAC3m5fBZXm263xk6s6LuqA/rs:fit:1600:1600/plain/s3://img-dostavka/catalog/uf/854/854da1550a1987ba3c04adaa18d6e144/cc911aef91c4b1982cdfb028016988a9.jpeg@webp,31.0,
8000038642,Батончик протеиновый Sporty Панна-котта карамель 40г,616,4.6,Суперцены,https://magnit.ru/product/8000038642?shopCode=694420&shopType=express,False,https://images-foodtech.magnit.ru/St3pFHC2HmogFFxAMx3p2uFxMCkeTDyeQYXGlvaCUxM/rs:fit:1600:1600/plain/s3://img-dostavka/catalog/uf/26c/26cc76a1b160f730525b5560dd5f91bc/b6edc479ac494a1ffe491824982aaa0c.jpeg@webp,117.0,
1000313794,Шоколад Победа Вкуса Charged молочный без сахара 100г,617,4.8,Суперцены,https://magnit.ru/product/1000313794?shopCode=694420&shopType=express,False,https://images-foodtech.magnit.ru/cCDUwZrIyjmeMbAiJML6oQ6V6EVJXYeVpPF7eTu2F40/rs:fit:1600:1600/plain/s3://img-dostavka/catalog/uf/9c5/9c51f5d271db2ddf90370484b2f1916e/20b25cfe395d6614db144d262863c717.jpeg@webp,265.0,
1000441491,Сухой корм для кошек Felix Двойная вкуснятина с мясом 1.3кг,618,4.9,Суперцены,https://magnit.ru/product/1000441491?shopCode=694420&shopType=express,False,https://images-foodtech.magnit.ru/fUHYmjZ_fQds5PGyQmg4skzvky1bgvqGtMPDScZSR2I/rs:fit:1600:1600/plain/s3://img-dostavka/catalog/uf/18f/18fdce4a67023e9b49a8d132e137e7f4/9ed1d7500b998f48dafe041197f33ff7.jpeg@webp,624.0,
1000485364,Паштет Argeta куриный острый 95г,619,4.9,Суперцены,https://magnit.ru/product/1000485364?shopCode=694420&shopType=express,False,https://images-foodtech.magnit.ru/Wr9gudVqXH420ArEaS6FJVQgtU71l6F-ZW7w71XZqyE/rs:fit:1600:1600/plain/s3://img-dostavka/catalog/uf/901/901b37abfa80f0be748f4ed5202add54/cdb35dfe93f4651ca3ab1e0f56dae6ce.jpeg@webp,187.0,
8000025792,Сухой корм для взрослых собак Pedigree говядина 2кг,620,5.0,Суперцены,https://magnit.ru/product/8000025792?shopCode=694420&shopType=express,False,https://images-foodtech.magnit.ru/x3cYGLoxFPHyWnI4ir8EFvBihkDCq25jEvdjGndnFYA/rs:fit:1600:1600/plain/s3://img-dostavka/catalog/uf/5e7/5e7e2455fa07908a7d26954a28ef2061/e91eaa9038fa4de862faad3304626af6.jpeg@webp,804.0,619.0
1000064340,Фасоль Globus белая 400г,621,4.5,Суперцены,https://magnit.ru/product/1000064340?shopCode=694420&shopType=express,False,https://images-foodtech.magnit.ru/_f8BmWo-LN1T0IBdw7KvedbVZwmLnTwnB4OIVAGaLZE/rs:fit:1600:1600/plain/s3://img-dostavka/catalog/uf/479/47996a6c3c60e7c4e8a69ef8196fc9a6/39fda75cd236f98eaadc592923b37674.jpeg@webp,158.0,
6949995358,Паштет Setra Из индейки 100г,622,4.7,Суперцены,https://magnit.ru/product/6949995358?shopCode=694420&shopType=express,False,https://images-foodtech.magnit.ru/YgzWGJfovN-RDAbNttLuptVpS8Ng7wFKl2jPxAz9oIU/rs:fit:1600:1600/plain/s3://img-dostavka/catalog/uf/a9b/a9bad27da1ef83d0571980c2251522cf/afafd39d94983cefc6b1509599842b5a.jpeg@webp,153.0,122.0
1000452212,Батончик Bombbar мюсли клубника без сахара 45г,623,4.9,Суперцены,https://magnit.ru/product/1000452212?shopCode=694420&shopType=express,False,https://images-foodtech.magnit.ru/htNBjJPN79G_HLZc0MFVQEdJuYZRCNaIv1ahX2w0cLQ/rs:fit:1600:1600/plain/s3://img-dostavka/catalog/uf/eb6/eb658507a3168e943c3368abd22484ee/394cb3d0db6f777f372a0680bf8f8e1b.jpeg@webp,81.0,
1000148347,Сухой корм для кошек Kitekat Телятинка Аппетитная 350г,624,4.8,Суперцены,https://magnit.ru/product/1000148347?shopCode=694420&shopType=express,False,https://images-foodtech.magnit.ru/lDpaNTDL92QlkKCIzVECEy69h8qGswgItJCk4ea4voY/rs:fit:1600:1600/plain/s3://img-dostavka/catalog/uf/da5/da507b50cb3d5ea049d63bbb457052fb/d78dadc92336e06b1d48e96fb7bbce7a.jpeg@webp,114.0,
1000298471,Горбуша Курильский Берег натуральная 250г,625,4.7,Суперцены,https://magnit.ru/product/1000298471?shopCode=694420&shopType=express,False,https://images-foodtech.magnit.ru/8oC7QbrKLL7hLnKOKBfjwvD2bNtlxoVdtYqmqnS1CIQ/rs:fit:1600:1600/plain/s3://img-dostavka/catalog/uf/f1e/f1e33ac73cea284899492472b108996b/23e06fbfef3aeed88678f9d6a40d385d.jpeg@webp,309.0,249.0
1000298471,Горбуша Курильский Берег натуральная 250г,625,4.7,Суперцены,https://magnit.ru/product/1000298471?shopCode=694420&shopType=express,False,https://images-foodtech.magnit.ru/8oC7QbrKLL7hLnKOKBfjwvD2bNtlxoVdtYqmqnS1CIQ/rs:fit:1600:1600/plain/s3://img-dostavka/catalog/uf/f1e/f1e33ac73cea284899492472b108996b/23e06fbfef3aeed88678f9d6a40d385d.jpeg@webp,309.0,249.0
1000547739,Наггетсы Вязанка Сливушки с куриным филе и сыром 250г,626,4.7,Суперцены,https://magnit.ru/product/1000547739?shopCode=694420&shopType=express,False,https://images-foodtech.magnit.ru/oHd5r5jbUI4WUCDiauEedHVupsM1Bit53D2634b1Yy4/rs:fit:1600:1600/plain/s3://img-dostavka/catalog/uf/010/0102cb72eb8a859ff072e59fd71f9582/aa40cd5c937602b95752c0fd236a400b.jpeg@webp,239.0,149.0
1000169865,Сухой корм для котят Perfect Fit от 2 до 12 месяцев с курицей 650г,627,5.0,Суперцены,https://magnit.ru/product/1000169865?shopCode=694420&shopType=express,False,https://images-foodtech.magnit.ru/JHYL3skd_5YV0asB7hzjCKPS6iLDQr7AlsMLJ0KBVoM/rs:fit:1600:1600/plain/s3://img-dostavka/catalog/uf/f64/f64c215a0d2ccacb3d89b3b7f2c49e75/eafd820819c51ae77319bf09667f413b.jpeg@webp,442.0,349.0
1919991341,Свинина Барс тушеная высший сорт 325г,628,4.9,Суперцены,https://magnit.ru/product/1919991341?shopCode=694420&shopType=express,False,https://images-foodtech.magnit.ru/FW9XA-pH4iN7lZqfZkXU7ArIp82ZrXF63wxSfuqG4j8/rs:fit:1600:1600/plain/s3://img-dostavka/catalog/uf/469/46977b020f21c613a5ee54c4ad19c276/790333b131bd303eac7412ccef91e85c.jpeg@webp,239.0,
1000302690,Батончик Bombbar протеиновый Фисташковый пломбир 60г,629,4.9,Суперцены,https://magnit.ru/product/1000302690?shopCode=694420&shopType=express,False,https://images-foodtech.magnit.ru/7BSvwgnfZkSELYS9cckX-55a1uay4AR6FvhmK6wGcxE/rs:fit:1600:1600/plain/s3://img-dostavka/catalog/uf/842/8421a3c3f5a494ebb24770dcfd396a88/6ade3e1d62728ae324ec42ca05911c4d.jpeg@webp,153.0,139.0
1000081858,Оливки зелёные с косточкой Premiere of Taste 340г,630,4.7,Суперцены,https://magnit.ru/product/1000081858?shopCode=694420&shopType=express,False,https://images-foodtech.magnit.ru/0e_K9v_O7kNXTFfWz2bguAxbIAgVHiXsIrduB7rb174/rs:fit:1600:1600/plain/s3://img-dostavka/catalog/uf/878/8789797aaaba6e432062d9055cb21461/09492691e18733602926d18889df4b5f.jpeg@webp,241.0,199.0
1000181464,Сухой корм для кошек Whiskas Вкусные подушечки с курицей и индейкой 350г,631,4.9,Суперцены,https://magnit.ru/product/1000181464?shopCode=694420&shopType=express,False,https://images-foodtech.magnit.ru/4DkMqE-VDJNeDU86B-VguJKbZX1qiFU614Xo5NjHqG0/rs:fit:1600:1600/plain/s3://img-dostavka/catalog/uf/107/10753e890ed91826a39cbb08474db874/a2a941bc04b1a5eb998ebbcdba1c206e.jpeg@webp,194.0,139.0
1000355008,Изделия макаронные Federici Лапша длинная без глютена 250г,632,4.7,Суперцены,https://magnit.ru/product/1000355008?shopCode=694420&shopType=express,False,https://images-foodtech.magnit.ru/EtsirqQY-e0q1YATAHSCdwjheO-RKVhdxuLXmR4EF6M/rs:fit:1600:1600/plain/s3://img-dostavka/catalog/uf/8bc/8bc2e54a35704fca6cf3b9f55277e0f3/fb6fa4acf94c4166343aa05af4355775.jpeg@webp,199.0,131.0
1000395022,Оливки Каламата с травами Premiere of Taste 150г,633,4.7,Суперцены,https://magnit.ru/product/1000395022?shopCode=694420&shopType=express,False,https://images-foodtech.magnit.ru/IMBBgzwHDBwVCcC_JALIuDawbuvzivfRsi7V-AwqEW0/rs:fit:1600:1600/plain/s3://img-dostavka/catalog/uf/866/866fef28e220329b1a63765035e2eae3/6755538b3f34b3b8bcf6a226b7076608.jpeg@webp,259.0,224.0
1000375617,Батончик Snaq Fabriq Сосо Кокос глазированный 40г,634,4.7,Суперцены,https://magnit.ru/product/1000375617?shopCode=694420&shopType=express,False,https://images-foodtech.magnit.ru/cV0FDwJyQaRcwPy7wu-fG_61EHBI2TwGmcwz6bGsRE0/rs:fit:1600:1600/plain/s3://img-dostavka/catalog/uf/0a9/0a94fb7f7d9272f6c4dccafc30002b13/5b3a2a83ff27adc28823a4cd87e146f6.jpeg@webp,117.0,69.0
1000517226,Колбаса Папа может Филейная вареная 450г,635,4.9,Суперцены,https://magnit.ru/product/1000517226?shopCode=694420&shopType=express,False,https://images-foodtech.magnit.ru/kXFM2cIOAJyq8Tz8Hzz01QM8tJ2q8PleSnHLBqcGhVk/rs:fit:1600:1600/plain/s3://img-dostavka/catalog/uf/f12/f120a4367d2397657f08b0b13e0a24bb/b1dbe51b0221b66054ff1c2e2b5d4a11.jpeg@webp,299.0,169.0
1000551109,Злаковый батончик Kerlli с бананом в молочном шоколаде 50г,636,5.0,Суперцены,https://magnit.ru/product/1000551109?shopCode=694420&shopType=express,False,https://images-foodtech.magnit.ru/6OmiGj_plD0Lumc1x1kYqoeV0Ta8ZXgdrFlVl0lm9qE/rs:fit:1600:1600/plain/s3://img-dostavka/catalog/uf/f4f/f4f574eeda3df999ac59ee138dcae32a/e04810b2b937b18ed813a1e61d294307.jpeg@webp,49.0,
1000547790,Лакомство для кошек Perfect Fit Immunity с курицей и добавлением экстракта бархатцев Для поддержания иммунитета 50г,637,5.0,Суперцены,https://magnit.ru/product/1000547790?shopCode=694420&shopType=express,False,https://images-foodtech.magnit.ru/J3DqoFJa1nswH073KpyxbByRttmK5QWrSW93MAKMcUc/rs:fit:1600:1600/plain/s3://img-dostavka/catalog/uf/792/7922d04b12a10250a2050f8d733ccc28/0ff833201d536bc09e86fac003ba1e59.jpeg@webp,105.0,89.0
1000116863,Гель для стирки Персил Колор для цветного жидкий порошок 20 стирок 1.3л,638,4.9,Суперцены,https://magnit.ru/product/1000116863?shopCode=694420&shopType=express,False,https://images-foodtech.magnit.ru/b4YIHFIXMM4jSEkA1peFig55sUQNtS25FYhAuDkxajQ/rs:fit:1600:1600/plain/s3://img-dostavka/catalog/pim/goods/1000116863/image/d36cf150823ab04ea8423c6a8d482055.jpeg@webp,619.0,459.0
1000190981,Маслины Itlv черные без косточек 370мл,639,4.9,Суперцены,https://magnit.ru/product/1000190981?shopCode=694420&shopType=express,False,https://images-foodtech.magnit.ru/ab-f4NQyhfeqTi2FvbIL5cZLV2jFBy94VkGuKO_ZfTs/rs:fit:1600:1600/plain/s3://img-dostavka/catalog/uf/f37/f3732ac20eb7c74179a1cc478e9c607f/03c102a7a14a413b4aad77f87a97a9b7.jpeg@webp,259.0,
1000573606,Джем Fitactive Черника без сахара 200г,640,4.7,Суперцены,https://magnit.ru/product/1000573606?shopCode=694420&shopType=express,False,https://images-foodtech.magnit.ru/1xHCYao6JXwAHB0U7xN5_8eSsOJTOu2k4nUlUK2zRDg/rs:fit:1600:1600/plain/s3://img-dostavka/catalog/uf/b67/b67c67c74334310b145a5de6736030ca/78226f0f0380d1dbae0fb024499104b7.jpeg@webp,319.0,268.0
1000084013,Сухой корм для кошек Purina ONE При домашнем образе жизни с индейкой и злаками 750г,641,4.9,Суперцены,https://magnit.ru/product/1000084013?shopCode=694420&shopType=express,False,https://images-foodtech.magnit.ru/fZjOpVfu6JYQCWDosgnLqkko1SchcBpYnJHuL1Scues/rs:fit:1600:1600/plain/s3://img-dostavka/catalog/uf/f49/f49d8a844f24f6135d363344f998c685/a9a37fff944bb29886ab5bf91ba6e435.jpeg@webp,516.0,409.0
1000159445,Сухой корм для кошек Purina ONE для здоровья кожи и шерсти с курицей и цельными злаками 750г,642,5.0,Суперцены,https://magnit.ru/product/1000159445?shopCode=694420&shopType=express,False,https://images-foodtech.magnit.ru/EtZw694HpjSDpRk4m3JSzvrklIHiGQRlLqM0-xe-EG0/rs:fit:1600:1600/plain/s3://img-dostavka/catalog/uf/5a9/5a9029c5f6377173fac15cad543c0497/57803cacca3a6c1e9f89eab6e857f52e.jpeg@webp,505.0,439.0
1000385628,Варенье Медовый дом Абрикосовое 300г,643,4.4,Суперцены,https://magnit.ru/product/1000385628?shopCode=694420&shopType=express,False,https://images-foodtech.magnit.ru/SPT12GK8bk06ptGKGcHxE1lr8h2fisY9AmBuW6LwW2c/rs:fit:1600:1600/plain/s3://img-dostavka/catalog/uf/e5e/e5eaecbc79df122fba4f979bd3617501/3f93a835ebc26f3ca17d238796be69a0.jpeg@webp,218.0,
1000324615,Сухой корм для котят Felix Двойная вкуснятина с курочкой 600г,644,4.9,Суперцены,https://magnit.ru/product/1000324615?shopCode=694420&shopType=express,False,https://images-foodtech.magnit.ru/XLKB7GYdgP6z36N8HhWCQ6ChQ9v43g73Gd1v7dEMvQ0/rs:fit:1600:1600/plain/s3://img-dostavka/catalog/uf/c98/c9828e86fede9623df415e4f33a3c0c6/27e345857137533ce26feb4e1bfd0602.jpeg@webp,309.0,279.0
1999601005,Свинина тушеная Йошкар-Олинский МК 325г,645,4.7,Суперцены,https://magnit.ru/product/1999601005?shopCode=694420&shopType=express,False,https://images-foodtech.magnit.ru/pRk0te_5WQP8pdeUSxNck6PvKxksN8AemfllvG38C5M/rs:fit:1600:1600/plain/s3://img-dostavka/catalog/uf/d65/d65ed5fe187c5e0bd9cf954e1c79b59d/c5a2d9ca1db45bbe7fc2647b9ed0d15e.jpeg@webp,317.0,
1000552991,Перец Чили нарезанный Premiere of Taste 350г,646,4.6,Суперцены,https://magnit.ru/product/1000552991?shopCode=694420&shopType=express,False,https://images-foodtech.magnit.ru/Pb3kz7UK-AXMwYJkH5WCWcpWX7tKJHzMTlVtHFoL2-A/rs:fit:1600:1600/plain/s3://img-dostavka/catalog/uf/f1c/f1c67e715a8d9d9858e220a4006e9f19/619eb0a13515709ebf655e15e28205b0.jpeg@webp,184.0,139.0
1000136390,Сухой корм для собак Purina ONE Mini при активном образе жизни с говядиной и рисом 600г,647,5.0,Суперцены,https://magnit.ru/product/1000136390?shopCode=694420&shopType=express,False,https://images-foodtech.magnit.ru/B7KPaTAjc67CRUua2E7YSusJsMb6nuiVIOhtk6MpVkc/rs:fit:1600:1600/plain/s3://img-dostavka/catalog/uf/08a/08ad63e07db58f3c71dc6e78bdd3e2ab/b5aed091e436c3a2b12525f82694250f.jpeg@webp,299.0,259.0
1000391680,Батончик Snaq Fabriq Манго и маракуйя глазированный 40г,648,4.8,Суперцены,https://magnit.ru/product/1000391680?shopCode=694420&shopType=express,False,https://images-foodtech.magnit.ru/RsahFVP3gFh3OMQ-ASk0huUcyBXP0385OiD_RfCkOkw/rs:fit:1600:1600/plain/s3://img-dostavka/catalog/uf/37b/37b26d5f8dfcb24b45a69a7eb8b2a7fb/d58a4a11c9060f7fdff67e58337efc74.jpeg@webp,99.0,
1000273084,Лакомство для собак Titbit Нога баранья,649,4.9,Суперцены,https://magnit.ru/product/1000273084?shopCode=694420&shopType=express,False,https://images-foodtech.magnit.ru/Bld7P6iR292vnlL0LRKDP69hvTH1jWPZeW-hXVENeXM/rs:fit:1600:1600/plain/s3://img-dostavka/catalog/uf/76e/76e110663a38742e1004038fd5f56192/5e190df81c35ae7d37e1244e22096715.jpeg@webp,263.0,180.0
1000526174,Шоколад молочный Snaqfabriq со сливочной начинкой без сахара 130г,650,5.0,Суперцены,https://magnit.ru/product/1000526174?shopCode=694420&shopType=express,False,https://images-foodtech.magnit.ru/Xw5zDKE7Sa7-WlVLDMdNqjpLOrz8yQ5LytLNc1Cwz_A/rs:fit:1600:1600/plain/s3://img-dostavka/catalog/uf/92f/92fdaa3ef81670366aed94feb51c6723/3685e428fbe072a7f1d9a53232a3e0ec.jpeg@webp,366.0,
8000044705,Протеиновый батончик с фисташками и малиной Soj Protein 50г,651,3.0,Суперцены,https://magnit.ru/product/8000044705?shopCode=694420&shopType=express,False,https://images-foodtech.magnit.ru/cs8mX76A6S9qQquITYp2Lw5O_w2aL8-pWNHqQSrZNag/rs:fit:1600:1600/plain/s3://img-dostavka/catalog/uf/fe3/fe36dc975fd4dc40647ea7f217dbf0fe/a81a489f480b7a43a54c84ada24e4807.jpeg@webp,89.0,78.0
8000025791,Сухой корм для взрослых собак мелких пород с говядиной Pedigree 500г,652,4.8,Суперцены,https://magnit.ru/product/8000025791?shopCode=694420&shopType=express,False,https://images-foodtech.magnit.ru/VjTx_EkHjTOm24K3Hf4WWvH6qQQiQtC6_Rm3FDwm2z0/rs:fit:1600:1600/plain/s3://img-dostavka/catalog/uf/c54/c54b3b43b692da59b7e482388f6361e6/d7747f13b898229d8e644daf1576775c.jpeg@webp,249.0,189.0
1000287940,Икра из свеклы Кухмастер 400г,653,4.8,Суперцены,https://magnit.ru/product/1000287940?shopCode=694420&shopType=express,False,https://images-foodtech.magnit.ru/fxBDOivNiTtCSEChWyRAxhG8AAvBXnXsIMvvgEdxV6I/rs:fit:1600:1600/plain/s3://img-dostavka/catalog/uf/173/1735f401dd465adc7367dbbc06fedf40/232cae918f98e98bf4b7d1fbe82a6413.jpeg@webp,112.0,
1000447370,Батончик глазированный Snaq Fabriq Шоколадный без сахара 40г,654,4.9,Суперцены,https://magnit.ru/product/1000447370?shopCode=694420&shopType=express,False,https://images-foodtech.magnit.ru/tu5l4DO3j2Vz32QCt3rv6SJYgNAWOUDMZ-tpnRZqioY/rs:fit:1600:1600/plain/s3://img-dostavka/catalog/uf/35c/35ca87c829edec9bd2fd51e5601870cb/3e74e6247031eaa8fc6a61a0075822cb.jpeg@webp,99.0,
1000348980,Сухой корм для взрослых кошек Мираторг Meat говядина 300г,655,4.9,Суперцены,https://magnit.ru/product/1000348980?shopCode=694420&shopType=express,False,https://images-foodtech.magnit.ru/5xM0L_5YAxmE-EzFe-bSxvNoR-ANy_n_P0OuC6I8XLk/rs:fit:1600:1600/plain/s3://img-dostavka/catalog/uf/ad3/ad372bd0de3019f9b8374021e3a1f58e/fb68739b04b28e2b50c456a82d1bf869.jpeg@webp,183.0,125.0
1000394086,Лакомства для собак Titbit Колбаски Пикантные 80г,656,4.8,Суперцены,https://magnit.ru/product/1000394086?shopCode=694420&shopType=express,False,https://images-foodtech.magnit.ru/WGG2UzRoQtg2szvPojzlZ5lyOca6t06m9BfYscwA_ow/rs:fit:1600:1600/plain/s3://img-dostavka/catalog/uf/5e4/5e47e14ad2bb46d7846cce13b8f6cf09/0acc480d3dafe0fd2d4a3f4b4dab92c2.jpeg@webp,108.0,79.0
1000482202,Влажный корм для взрослых кошек Дарлинг с курицей в подливе 75г,657,4.9,Суперцены,https://magnit.ru/product/1000482202?shopCode=694420&shopType=express,False,https://images-foodtech.magnit.ru/4uuCb3WFc5SoX-9M_pJUOV_uWz9qcBvEt-54UfG8mI4/rs:fit:1600:1600/plain/s3://img-dostavka/catalog/uf/9fa/9fad6abdf8a824ebec2e2fd4107d7c6a/581435ef9402ee6730f9217257d4501e.jpeg@webp,18.0,
1000195963,Сухой корм для кошек Purina ONE При домашнем образе жизни с индейкой и злаками 3кг,658,5.0,Суперцены,https://magnit.ru/product/1000195963?shopCode=694420&shopType=express,False,https://images-foodtech.magnit.ru/cy27VIWw032NbdnrXjtNdWlOLGh37ti5Udca99ZIHow/rs:fit:1600:1600/plain/s3://img-dostavka/catalog/uf/51d/51d1aa8baaf542621867887e8002bbac/a6dfd50965cc521e7d882e7b569b24ec.jpeg@webp,1566.0,1421.0
1000100319,Сухой корм Purina ONE для стерилизованных кошек и кастрированных котов с высоким содержанием лосося и пшеницей 750г,659,5.0,Суперцены,https://magnit.ru/product/1000100319?shopCode=694420&shopType=express,False,https://images-foodtech.magnit.ru/o8EuZ-hGMPmk8KgpCtQfbpv5unbLZHQLGqfjS5lehaY/rs:fit:1600:1600/plain/s3://img-dostavka/catalog/uf/a40/a4080e355799fee29011bc3b6392f998/69d35f7027f501d254aa47881e323d29.jpeg@webp,399.0,
1000572344,Пирожное Protein Rex протеиновое Брауни блонд малина 50г,660,4.9,Суперцены,https://magnit.ru/product/1000572344?shopCode=694420&shopType=express,False,https://images-foodtech.magnit.ru/BmDXOFFQS5dhohEoiim5OjxTv1hRuVZ66BslF17yjBA/rs:fit:1600:1600/plain/s3://img-dostavka/catalog/uf/fa5/fa53e1df139328935dcc0745f4ff4976/2552507020e52a005b99e961e0e1f9f8.jpeg@webp,166.0,149.0
1000394851,Жаркое Рузком по-домашнему 325г,661,4.7,Суперцены,https://magnit.ru/product/1000394851?shopCode=694420&shopType=express,False,https://images-foodtech.magnit.ru/oWBt6D7xnpO5YGvWjMBbpvhLwED9fEbwsBMEmy4JUD4/rs:fit:1600:1600/plain/s3://img-dostavka/catalog/uf/626/626621cfc1867cd80e95a471de5eab1c/06550a6fc901e4bef12551f458d599b1.jpeg@webp,187.0,
1000095448,Вода Borjomi минеральная лечебно-столовая газированная 500мл,662,4.9,Суперцены,https://magnit.ru/product/1000095448?shopCode=694420&shopType=express,False,https://images-foodtech.magnit.ru/ZRb-5myNfNIr6NfW9uLyErOa7pZtfV3vRI6HwGr-Vwc/rs:fit:1600:1600/plain/s3://img-dostavka/catalog/uf/206/206a7dd0a7ba7db8c77970ddc8d3bdd5/d743deda118b89ef2d5ffc056046f6be.jpeg@webp,147.0,
1000217791,Лакомство для кошек Dreamies Подушечки с курицей 140г,663,4.9,Суперцены,https://magnit.ru/product/1000217791?shopCode=694420&shopType=express,False,https://images-foodtech.magnit.ru/V3uHYLVr5VZAIRMXg7Gm70NfdCaQ7MSq6e7rs7HI4IU/rs:fit:1600:1600/plain/s3://img-dostavka/catalog/uf/8df/8df8ab6a075269b15360b6e55a4a4ef2/fa5849b5d120e0d620998a35261c21f9.jpeg@webp,208.0,169.0
1000115660,Земляника Сибирская ягода протертая с сахаром 280г,664,4.5,Суперцены,https://magnit.ru/product/1000115660?shopCode=694420&shopType=express,False,https://images-foodtech.magnit.ru/Tdt38t-ePB_FiEniu6AMFB68zJJlot4WWtFvE9e6qPk/rs:fit:1600:1600/plain/s3://img-dostavka/catalog/uf/1f8/1f80c5746ca1396d27e4becdc738b391/7aa05b471ad0da024eeda1be7b14778a.jpeg@webp,162.0,
1000469493,Сгущенка Поречский КЗ Сметанин с сахаром 1% 1.25кг,665,4.2,Суперцены,https://magnit.ru/product/1000469493?shopCode=694420&shopType=express,False,https://images-foodtech.magnit.ru/m2g4Juv8J3QCOJ_5hmT0YHUr4jfH5_JEA4yez2AlxY0/rs:fit:1600:1600/plain/s3://img-dostavka/catalog/uf/02d/02d2b0a274ab81602a3b2bcaa68e1295/05bf59b2494bd54ccf1d3aeed350ec7c.jpeg@webp,204.0,161.0
1000395014,Оливки Каламата с косточкой Premiere of Taste 290г,666,4.8,Суперцены,https://magnit.ru/product/1000395014?shopCode=694420&shopType=express,False,https://images-foodtech.magnit.ru/k9xjAJ_BdCsCuZT48sPbvCiIS4-Tz4lJwxXPR_MxCCA/rs:fit:1600:1600/plain/s3://img-dostavka/catalog/uf/727/72730fe70369649fbd0be72abb1ab90b/29b23cbc8144cc84acc8ae8195625e50.jpeg@webp,299.0,255.0
1000396703,Молоко Магнит цельное концентрированное 300г,667,4.6,Суперцены,https://magnit.ru/product/1000396703?shopCode=694420&shopType=express,False,https://images-foodtech.magnit.ru/Wara8XGmQldIZekLc_gOisRLImPRpLI5hVUHgpc0Uhk/rs:fit:1600:1600/plain/s3://img-dostavka/catalog/uf/61d/61d68ae922fccb1486d6ba7e0f2749a4/a0bc950f5910bb515d8cfa23b535a564.jpeg@webp,129.0,104.0
1000459609,Шоколад Победа вкуса Charged молочный с фундуком 90г,668,4.7,Суперцены,https://magnit.ru/product/1000459609?shopCode=694420&shopType=express,False,https://images-foodtech.magnit.ru/tab-HwmedF0Mvrif7AG3_SLGDyK5XzPE_tql0n-DPK0/rs:fit:1600:1600/plain/s3://img-dostavka/catalog/uf/0eb/0ebf7b9aa21c5f86c9e93ae9fcda3b60/0c82cc2101a3146318151f060e664b8b.jpeg@webp,289.0,
1000423059,Свинина тушеная Курганский МК Стандарт 325г,669,4.7,Суперцены,https://magnit.ru/product/1000423059?shopCode=694420&shopType=express,False,https://images-foodtech.magnit.ru/qZEKpDujgX630KGrGQmGGGx3rMJBTnWp0sxNJELdMNM/rs:fit:1600:1600/plain/s3://img-dostavka/catalog/uf/b4b/b4b006ac721eaa5414678320209b2d5c/61ebbc3f426a90514f0ed008a1c6b362.jpeg@webp,229.0,208.0
1000095275,Шоколад Победа вкуса без сахара темный 100г,670,4.8,Суперцены,https://magnit.ru/product/1000095275?shopCode=694420&shopType=express,False,https://images-foodtech.magnit.ru/7XxtIZivteE7Wj6Esjw0rh0SOkNhn4_nRVKuXLh5lis/rs:fit:1600:1600/plain/s3://img-dostavka/catalog/uf/5db/5db6049dc27145b810580b1166159ea8/fb28aa14eb74afd2ff621e073320419b.jpeg@webp,363.0,
1000275720,Детское фруктово-овощное пюре Агуша Яблоко-тыква-персик-банан с 6 месяцев 90г,671,4.9,Суперцены,https://magnit.ru/product/1000275720?shopCode=694420&shopType=express,False,https://images-foodtech.magnit.ru/eb3YFqqmivmVEKyAncOIXkvDaxojsPP88p-j4TNxPAg/rs:fit:1600:1600/plain/s3://img-dostavka/catalog/uf/0ed/0ed58d0c43805809fb00f9c68d471ea5/793940302d5978fb87ac75ed9eae37aa.jpeg@webp,59.0,49.0
1000014251,Свинина тушеная Йошкар-Олинский МК Богатырская 325г,672,4.0,Суперцены,https://magnit.ru/product/1000014251?shopCode=694420&shopType=express,False,https://images-foodtech.magnit.ru/5oRJz7TnAVxZo1aKJj_oZaGIW8v5SewDODA7ijA9tR0/rs:fit:1600:1600/plain/s3://img-dostavka/catalog/uf/e85/e85e3a8ec6ef7c0251e723be0a086196/cd6f5265f549e4f82405970f736eaf50.jpeg@webp,139.0,89.0
1000529603,Пирожное Protein Rex Тирамису протеиновое 40г,673,4.7,Суперцены,https://magnit.ru/product/1000529603?shopCode=694420&shopType=express,False,https://images-foodtech.magnit.ru/QnvoX91mhsKdyu4d_maQhgO5gk_tsmadXnCvvA9_r3o/rs:fit:1600:1600/plain/s3://img-dostavka/catalog/uf/1d9/1d95ba6aa6bf4dde7425d4424edfd555/6484755982797d6f13759df8de3c8187.jpeg@webp,194.0,129.0
1000155122,Маслины Бондюэль с косточкой 300г,674,4.9,Суперцены,https://magnit.ru/product/1000155122?shopCode=694420&shopType=express,False,https://images-foodtech.magnit.ru/jnzyGACG4rfrSZiQqFMGFymOreCuUCx7bDI4BlMS4Jo/rs:fit:1600:1600/plain/s3://img-dostavka/catalog/uf/81c/81c66de51b03d5779cf3bd383d6b65ed/9fd81f95a55d9dcde18424d74e809b49.jpeg@webp,198.0,
8000043732,Натуральный заменитель сахара Стевия с инулином Novasweet 80г,675,,Суперцены,https://magnit.ru/product/8000043732?shopCode=694420&shopType=express,False,https://images-foodtech.magnit.ru/WM6cxZkIQrhrdAkCTy7sALpBDrWYt3RV9ILexGHLncE/rs:fit:1600:1600/plain/s3://img-dostavka/catalog/uf/4d2/4d2600b86eb262b605c590f02c12bc3a/ae5ad02952664509805246cf74f571a5.jpeg@webp,364.0,244.0
1000572018,Огурцы Меленъ соленые Муромские 680г,676,4.5,Суперцены,https://magnit.ru/product/1000572018?shopCode=694420&shopType=express,False,https://images-foodtech.magnit.ru/jtmxkiRY2vquSLq8WtV9M7yaO9-ulJQ8jTTgeAtLqiE/rs:fit:1600:1600/plain/s3://img-dostavka/catalog/uf/934/934b92b5d6d2781ea3a0b2848ee9452d/ce9a9806d85ae0ec27e06d1ea18e9940.jpeg@webp,193.0,
1000247882,Шоколад Red Delight Темный с апельсином и миндалем 70г,677,4.8,Суперцены,https://magnit.ru/product/1000247882?shopCode=694420&shopType=express,False,https://images-foodtech.magnit.ru/ylBNqn1FBKwhyAcc4NlQg-eo4cdpuo4WVFMkeagKCmY/rs:fit:1600:1600/plain/s3://img-dostavka/catalog/uf/09e/09ee2dfdf15b779be50c777b5cc09862/a7e70bfbefd07c5212e34dae648e90cb.jpeg@webp,223.0,
1000500811,Батончик Musler Pro ореховый Арахис 60г,678,4.7,Суперцены,https://magnit.ru/product/1000500811?shopCode=694420&shopType=express,False,https://images-foodtech.magnit.ru/bb1_T4pesyS_Y0SdjzS6nqORUAWdahLHVGHCaBjWFOc/rs:fit:1600:1600/plain/s3://img-dostavka/catalog/uf/95f/95f2d62afc6f7cbd7e9025e334245e17/fe0aaa801cf9068bddbcd36f1da3eee0.jpeg@webp,91.0,53.0
1000294750,Сельдь Балтийский берег По-царски атлантическая слабосоленая в масле 400г,679,4.7,Суперцены,https://magnit.ru/product/1000294750?shopCode=694420&shopType=express,False,https://images-foodtech.magnit.ru/jgSMyDx9PyGvAq2qC10bhFE4zdXrvz22YupO96T-1sc/rs:fit:1600:1600/plain/s3://img-dostavka/catalog/uf/12c/12c6e7586cc660a2681621a960603175/996f216c990ac7228e306f93bb71df30.jpeg@webp,359.0,239.0
1000136384,Сухой корм для собак Purina ONE Mini при активном образе жизни с курицей и рисом 600г,680,4.9,Суперцены,https://magnit.ru/product/1000136384?shopCode=694420&shopType=express,False,https://images-foodtech.magnit.ru/7RErlk1WYQrd4o7TXZ2rbTaCTn6nIwJbhsPbhe4lGiY/rs:fit:1600:1600/plain/s3://img-dostavka/catalog/uf/d2a/d2af0d4ed34dedc6810d3d72a0b4adf5/fe3bb6c98169a27e27d25da135370074.jpeg@webp,344.0,259.0
1000425245,Молоко сгущенное Главпродукт с кокосом 270г,681,4.6,Суперцены,https://magnit.ru/product/1000425245?shopCode=694420&shopType=express,False,https://images-foodtech.magnit.ru/gCpAur4PnpDid09SITFGGaQQGUQIDXpBXsj43PZ_ZKw/rs:fit:1600:1600/plain/s3://img-dostavka/catalog/uf/a60/a6047ba9b6bab5a567c89916a1e2937b/16c376fce5093bbc4270fcc6f5c04bdc.jpeg@webp,209.0,
2400000856,Вафли на сорбите Вереск Какао-шоколадные 105г,682,4.7,Суперцены,https://magnit.ru/product/2400000856?shopCode=694420&shopType=express,False,https://images-foodtech.magnit.ru/TkjtKydF0n9k3tyoVj7QThnOJKMqbVuwXDV2cuy8qT8/rs:fit:1600:1600/plain/s3://img-dostavka/catalog/uf/279/279f12326bb36158ddf34d71cfac603f/7511f046db2d1800895e5e3b66d74f41.jpeg@webp,84.0,53.0
1000439600,Вафли Royal Cake на сорбите со вкусом сгущённого молока 120г,683,4.8,Суперцены,https://magnit.ru/product/1000439600?shopCode=694420&shopType=express,False,https://images-foodtech.magnit.ru/Nc-psjALn9l6SzLpqGAtiOekiegchoHTO-1vazVwk9s/rs:fit:1600:1600/plain/s3://img-dostavka/catalog/uf/6ea/6ea13dd366e11b4c5c99a1bee6c584a8/811635a9eeba1c7090f3f4e34293cc75.jpeg@webp,139.0,109.0
1000205444,Сухой корм для собак Perfect Fit мелких и миниатюрных пород 1+ полнорационный с курицей 500г,684,4.9,Суперцены,https://magnit.ru/product/1000205444?shopCode=694420&shopType=express,False,https://images-foodtech.magnit.ru/VEHFs_Ahqz4yCVzmR0uZl2aJTH2gGvf6j0oSWF4xjG4/rs:fit:1600:1600/plain/s3://img-dostavka/catalog/uf/503/50300920dee39e3813af4585e264d6ce/53bef991d4ba3f2cb73bdb9bbb0d747b.jpeg@webp,356.0,324.0
1000084543,Гель для стирки Лоск Горное озеро для белого жидкий порошок 20 стирок 1.3л,685,4.8,Суперцены,https://magnit.ru/product/1000084543?shopCode=694420&shopType=express,False,https://images-foodtech.magnit.ru/UNegStge3fvdJfCXKq7B1QRFS4prvLEAVhVCGnOs9_M/rs:fit:1600:1600/plain/s3://img-dostavka/catalog/uf/198/1983ef21ffd2adadf2988430034908ed/09e625731bb55764530133c6107c62e1.jpeg@webp,574.0,349.0
8000012127,Печенье Dr Amaranth Амарантовое курабье 200г,686,4.8,Суперцены,https://magnit.ru/product/8000012127?shopCode=694420&shopType=express,False,https://images-foodtech.magnit.ru/0KaPOYVrEzRxaCUZ1c-W43R6GC_9lN_xj52s-P-ndS8/rs:fit:1600:1600/plain/s3://img-dostavka/catalog/uf/6aa/6aa5cde7154cf3b5e198a89894966341/139b3cd26d221f515ac6a1eb210a229f.jpeg@webp,220.0,
1000391681,Паста Snaq Fabriq Шоколадно-ореховая 250г,687,4.6,Суперцены,https://magnit.ru/product/1000391681?shopCode=694420&shopType=express,False,https://images-foodtech.magnit.ru/7HURBCanGkndmljZV9Ox0fQGjjHiwv1SLCEWp0Tk28M/rs:fit:1600:1600/plain/s3://img-dostavka/catalog/uf/21f/21fe1e08a7fafed755e311761915b500/b1fca9d155e4eb01c5d2bb38b581d62b.jpeg@webp,459.0,
1000340951,Шоколад Красный октябрь Украли сахар молочный пористый с миндалем 90г,688,4.9,Суперцены,https://magnit.ru/product/1000340951?shopCode=694420&shopType=express,False,https://images-foodtech.magnit.ru/u9M1jgXrJpDP708H5UqsYHN9V18WN-N32bJBRYPlhOw/rs:fit:1600:1600/plain/s3://img-dostavka/catalog/uf/ada/adac4815d2a7f0745ea5f4b2d6de0482/6edf6447152e1eef0b3753276d0076c4.jpeg@webp,349.0,239.0
8000043731,Жидкий подсластитель Novasweet Сукралоза Premium 80г,689,,Суперцены,https://magnit.ru/product/8000043731?shopCode=694420&shopType=express,False,https://images-foodtech.magnit.ru/cWKonlziImrj2tmQvHSn2I7nNU0EhxB02csJkNXtk8Y/rs:fit:1600:1600/plain/s3://img-dostavka/catalog/uf/999/9995db05bac516040705ba548d2a5072/42076404f06b61ab896f21566f56fcf7.jpeg@webp,293.0,
1000287407,Каша овсяная Мистраль Заряд энергии без сахара цельнозерновая 40г,690,5.0,Суперцены,https://magnit.ru/product/1000287407?shopCode=694420&shopType=express,False,https://images-foodtech.magnit.ru/_2Ry9bbI5cUL0hV1UVH5b_Dimz3Mz9BV9yB0_576q_A/rs:fit:1600:1600/plain/s3://img-dostavka/catalog/uf/fa2/fa23327a2a45d40b648f5ae0a2f7b2f1/c5c1cc8865e98612370758f6813b530c.jpeg@webp,91.0,60.0
1000161931,Печень и икра минтая Южморрыбфлот натуральная 240г,691,4.6,Суперцены,https://magnit.ru/product/1000161931?shopCode=694420&shopType=express,False,https://images-foodtech.magnit.ru/3Vrro7rTKSZ7mswaBkNMoH5Dbxtvm3sBq-p8v4-mNrA/rs:fit:1600:1600/plain/s3://img-dostavka/catalog/uf/c5d/c5d621bea7d7eb28a43cee4572b45e08/e900876fdc06d76c6d5c8a0e4b2066a7.jpeg@webp,166.0,109.0
1000563160,Макароны Здоровей гречневые Rigatoni трубочки без глютена 300г,692,5.0,Суперцены,https://magnit.ru/product/1000563160?shopCode=694420&shopType=express,False,https://images-foodtech.magnit.ru/gLucrIv2vFJaY6GONOZEg5qkhq4Iv8kwzCqFQt6s0Ts/rs:fit:1600:1600/plain/s3://img-dostavka/catalog/uf/6af/6afe52db5fbda54c3a64c4771bf29d9d/90923a31d8929e1ebca719e4a0492bec.jpeg@webp,240.0,164.0
1000471727,Паштет Perva Meat Line из мяса индейки Халяль 100г,693,4.7,Суперцены,https://magnit.ru/product/1000471727?shopCode=694420&shopType=express,False,https://images-foodtech.magnit.ru/xKCib165d6oF-ElY4zD3Mmq7ClnfusXSPlLeEyRx-iA/rs:fit:1600:1600/plain/s3://img-dostavka/catalog/uf/a11/a118f5318f164acf104fb5dc4a5160d8/8ed22033e3680ff07180aedaaf0dfb7b.jpeg@webp,194.0,149.0
8000061053,Джем со вкусом Абрикос Fitparad 200г,694,,Суперцены,https://magnit.ru/product/8000061053?shopCode=694420&shopType=express,False,https://images-foodtech.magnit.ru/egVIvr1m6v_ZYZp5OTaKnaKIVNi_-k1NIZ4iZPuldSM/rs:fit:1600:1600/plain/s3://img-dostavka/catalog/uf/e24/e2407de354381f1adc8526ba8d0c9968/466c844aff824213d102c53a55cea2e5.jpeg@webp,268.0,
8000061049,Джем со вкусом манго-маракуйя Fitparad 200г,695,,Суперцены,https://magnit.ru/product/8000061049?shopCode=694420&shopType=express,False,https://images-foodtech.magnit.ru/t3jRQdEm0k45hAH1Nnv1IyLP3M7EKTVK3aGSP7-5HVc/rs:fit:1600:1600/plain/s3://img-dostavka/catalog/uf/e21/e21a153478906c710407b21801654490/72bd0c737ef6229751827b1f788973bb.jpeg@webp,319.0,275.0
1000546664,Пирожное протеиновое Fitness Shock Брауни белый шоколад с фисташкой 50г,696,4.9,Суперцены,https://magnit.ru/product/1000546664?shopCode=694420&shopType=express,False,https://images-foodtech.magnit.ru/xnIE5KmQePM8MsSa5IQg6TMFXBou4i7Ws_25uwQ0-MM/rs:fit:1600:1600/plain/s3://img-dostavka/catalog/uf/373/3730e2166f0e055291b0ff911bea756b/57c100775977274a407dae9c755dae57.jpeg@webp,129.0,
8000052827,Гранола протеиновая ягодная Bionova 280г,697,4.9,Суперцены,https://magnit.ru/product/8000052827?shopCode=694420&shopType=express,False,https://images-foodtech.magnit.ru/JvJdKbzHCEnZqBUz4YXeF7z8u0GHmMbZsgXkqbulfLs/rs:fit:1600:1600/plain/s3://img-dostavka/catalog/uf/a5a/a5a17616f5205c4870fd4770fabfa4c7/69574a3bca943e386d7f502082f17712.jpeg@webp,398.0,
8000041740,Рагу из филе цыпленка с картофелем Delilabs 300г,698,,Суперцены,https://magnit.ru/product/8000041740?shopCode=694420&shopType=express,False,https://images-foodtech.magnit.ru/yg9Q9Nx4PJhVk8iDWJvHDtoiBNSkeAKz2w3U6EKBs7g/rs:fit:1600:1600/plain/s3://img-dostavka/catalog/uf/1de/1de1c2db511fc79bd61983ed3006c26e/1526e3c40f9537e6edb819dc3a1245c2.jpeg@webp,503.0,364.0
1000391683,Драже Chikalab миндаль в шоколаде 120г,699,3.0,Суперцены,https://magnit.ru/product/1000391683?shopCode=694420&shopType=express,False,https://images-foodtech.magnit.ru/V0Hcnf_rDhbDL3B1PRFUTfJUskjkg_3UqiUdzCZWbP0/rs:fit:1600:1600/plain/s3://img-dostavka/catalog/uf/79f/79f8412131af32f998e2a336d7fd8425/008d2aa38d7d91227bd5fba77f3edd96.jpeg@webp,360.0,315.0
1000422024,Сухой корм Мираторг Extra Meat для стерилизованных кошек с телятиной 1.2кг,700,4.9,Суперцены,https://magnit.ru/product/1000422024?shopCode=694420&shopType=express,False,https://images-foodtech.magnit.ru/GQflIbNWb9aDjskT0qEXMfqlyfRDyna7fbnanfavYJU/rs:fit:1600:1600/plain/s3://img-dostavka/catalog/uf/624/624f7d1512e70beb657f153cc79a6c4e/5d40d302713b9c809dc9b2817d7e044c.jpeg@webp,804.0,617.0
1000242156,Паштет Perva Сливочный с гусиной печенью 95г,701,4.6,Суперцены,https://magnit.ru/product/1000242156?shopCode=694420&shopType=express,False,https://images-foodtech.magnit.ru/eWpBK8wttzmku_oXKbdCbqr6iLZsftCZnOxNnDV8abs/rs:fit:1600:1600/plain/s3://img-dostavka/catalog/uf/852/852b45578077655bd21fdb9bd0cb6b01/3bcff0982c64047766b7735632d697e2.jpeg@webp,59.0,
8000041737,Борщ по-домашнему Delilabs 300г,702,3.0,Суперцены,https://magnit.ru/product/8000041737?shopCode=694420&shopType=express,False,https://images-foodtech.magnit.ru/mQMnkn-YiRz2z_vBhjCCN8tjL25eAPp0dljJFZgNz60/rs:fit:1600:1600/plain/s3://img-dostavka/catalog/uf/8b2/8b21b8de72167d5e4d9408e8a9d6c6e7/416b699649d8c6d513c4d09948d979ea.jpeg@webp,259.0,230.0
1000426572,Печенье Protein Rex с гречневой мукой без сахара 200г,703,4.9,Суперцены,https://magnit.ru/product/1000426572?shopCode=694420&shopType=express,False,https://images-foodtech.magnit.ru/-F7a9KI9c3jwRV8coXZBX_n1MXI_2HrhePsJSk_3ReU/rs:fit:1600:1600/plain/s3://img-dostavka/catalog/uf/613/61380dba45f0ab0e83fb9b257121c78a/0c40cbdcb3227b26659238514440f585.jpeg@webp,378.0,249.0
8000038643,Батончик протеиновый Sporty Фисташковый меренга малина 40г,704,3.7,Суперцены,https://magnit.ru/product/8000038643?shopCode=694420&shopType=express,False,https://images-foodtech.magnit.ru/jzfpZ5HA2geBZBKpK5G3nbf2t1H6s__qlkLW4qKWSRs/rs:fit:1600:1600/plain/s3://img-dostavka/catalog/uf/848/848fb64199afdd8c80ea03659c615793/049028c09ac5640898e8d8151c926010.jpeg@webp,117.0,
8000041736,Суп-пюре с белыми грибами Delilabs 300г,705,,Суперцены,https://magnit.ru/product/8000041736?shopCode=694420&shopType=express,False,https://images-foodtech.magnit.ru/FL6qdwW-KvJc5dsTtyOwZ_N0IIYhDN9MQ_zsygiwa2c/rs:fit:1600:1600/plain/s3://img-dostavka/catalog/uf/4c4/4c47e1d46b7acc1c82ad01fb01576697/0011f37824312a115488c714df69416d.jpeg@webp,315.0,
1000109974,Сухой корм для стерилизованных кошек Perfect Fit с курицей 1.2кг,706,4.9,Суперцены,https://magnit.ru/product/1000109974?shopCode=694420&shopType=express,False,https://images-foodtech.magnit.ru/3p_EQybvhBCQLFBfdkFrrOrJfeZf6mq-bjDJS41nTq4/rs:fit:1600:1600/plain/s3://img-dostavka/catalog/uf/a2b/a2ba580d46f96372f91250c802ed908c/14bfde6f2799f0c05a9b3e48d3e7e448.jpeg@webp,804.0,599.0
1000292714,Батончик Bombbar протеиновый малиновый чизкейк 60г,707,4.9,Суперцены,https://magnit.ru/product/1000292714?shopCode=694420&shopType=express,False,https://images-foodtech.magnit.ru/flloj_7u3nrnuNfP6StFiWVRlTmXEVgEx635zJHs9A8/rs:fit:1600:1600/plain/s3://img-dostavka/catalog/uf/c39/c396437ef3837f17569d78c38a766dc1/8540ec40e88df65ef7225ef4cc7ba4ff.jpeg@webp,179.0,161.0
1000524148,Молоко сгущенное Коровка из Кореновки пломбир ваниль 8.5% 270г,708,4.9,Суперцены,https://magnit.ru/product/1000524148?shopCode=694420&shopType=express,False,https://images-foodtech.magnit.ru/jhXWTmaW76tVVNBQakPq5RJiEB_ALI3U9uAkkM3QR_I/rs:fit:1600:1600/plain/s3://img-dostavka/catalog/uf/44b/44b7cc097a3e8fad82e1e852e5a5f027/fd8058baf9073008a7bc8c8f8ddbbe13.jpeg@webp,209.0,179.0
8000025798,Сухой корм для щенков с курицей Pedigree 500г,709,4.9,Суперцены,https://magnit.ru/product/8000025798?shopCode=694420&shopType=express,False,https://images-foodtech.magnit.ru/oStl0voe2B_9qVz4cUTia46E35RZtmyrH1MCkHzq6vo/rs:fit:1600:1600/plain/s3://img-dostavka/catalog/uf/9cd/9cd3d6e8af26ec8c03e82f599b767d33/b490b6fa2fcb2c3cf0fe7fe2c05a65ae.jpeg@webp,263.0,189.0
8000041735,Плов с говядиной Delilabs 300г,710,,Суперцены,https://magnit.ru/product/8000041735?shopCode=694420&shopType=express,False,https://images-foodtech.magnit.ru/TMkgEG8nRavAmrHil_yCGMm4Wa4ua9d9AAVMrlnB31E/rs:fit:1600:1600/plain/s3://img-dostavka/catalog/uf/624/6249566ee56b41a1c355f30aab445f6e/2ca4739ad4f0a28cc0c66b8df93f6adc.jpeg@webp,364.0,
1000376882,Мясо барана Балтийский деликатес тушеное 325г,711,4.7,Суперцены,https://magnit.ru/product/1000376882?shopCode=694420&shopType=express,False,https://images-foodtech.magnit.ru/0-Jzk2M88LXUtXpnrTTMIk5VBhsKE23XYB0re2nyRk0/rs:fit:1600:1600/plain/s3://img-dostavka/catalog/uf/a0f/a0f0f8388139e73dda2aa4be839f86bc/f3cb451236b34be6643110b6ab004dbd.jpeg@webp,310.0,
1000376882,Мясо барана Балтийский деликатес тушеное 325г,711,4.7,Суперцены,https://magnit.ru/product/1000376882?shopCode=694420&shopType=express,False,https://images-foodtech.magnit.ru/0-Jzk2M88LXUtXpnrTTMIk5VBhsKE23XYB0re2nyRk0/rs:fit:1600:1600/plain/s3://img-dostavka/catalog/uf/a0f/a0f0f8388139e73dda2aa4be839f86bc/f3cb451236b34be6643110b6ab004dbd.jpeg@webp,310.0,
1000376882,Мясо барана Балтийский деликатес тушеное 325г ,712,4.7,Суперцены,https://magnit.ru/product/1000376882?shopCode=694420&shopType=express,False,https://images-foodtech.magnit.ru/0-Jzk2M88LXUtXpnrTTMIk5VBhsKE23XYB0re2nyRk0/rs:fit:1600:1600/plain/s3://img-dostavka/catalog/uf/a0f/a0f0f8388139e73dda2aa4be839f86bc/f3cb451236b34be6643110b6ab004dbd.jpeg@webp,310.0,
1000376882,Мясо барана Балтийский деликатес тушеное 325г ,712,4.7,Суперцены,https://magnit.ru/product/1000376882?shopCode=694420&shopType=express,False,https://images-foodtech.magnit.ru/0-Jzk2M88LXUtXpnrTTMIk5VBhsKE23XYB0re2nyRk0/rs:fit:1600:1600/plain/s3://img-dostavka/catalog/uf/a0f/a0f0f8388139e73dda2aa4be839f86bc/f3cb451236b34be6643110b6ab004dbd.jpeg@webp,310.0,
1000185341,Каша Масляный Король льняная с расторопшей 300г,713,4.9,Суперцены,https://magnit.ru/product/1000185341?shopCode=694420&shopType=express,False,https://images-foodtech.magnit.ru/mFTpVwbSk7BMY3Ru0qjpYdPrhaJ1ZeJb8Z_mdTl5Z88/rs:fit:1600:1600/plain/s3://img-dostavka/catalog/uf/d29/d298879d2a34c169300e3002c3382362/11961ee0f29015852bc57339a590bf6c.jpeg@webp,119.0,89.0
1922900001,Говядина тушеная Йошкар-Олинский МК 325г,714,4.5,Суперцены,https://magnit.ru/product/1922900001?shopCode=694420&shopType=express,False,https://images-foodtech.magnit.ru/bQh5TGRZqWywESeDoDuthw8MAZeSm_OCQsl6MQDTZyM/rs:fit:1600:1600/plain/s3://img-dostavka/catalog/uf/7da/7da4a3756255af65f8149b6872ee822a/fcbbdda88ae325dec3321469ca9e36c0.jpeg@webp,279.0,
1000155020,Оливки с косточкой Bonduelle 300г,715,4.9,Суперцены,https://magnit.ru/product/1000155020?shopCode=694420&shopType=express,False,https://images-foodtech.magnit.ru/0oBBYRrFHTFCgEajrPMzxcJ_M_8ZIkFOiy04mIXbJ_s/rs:fit:1600:1600/plain/s3://img-dostavka/catalog/uf/246/24687c8adca57eaa2fc156bb89b9f63f/a14d18eedb845fc7af4314c03b4ae7de.jpeg@webp,305.0,
1000155020,Оливки с косточкой Bonduelle 300г,715,4.9,Суперцены,https://magnit.ru/product/1000155020?shopCode=694420&shopType=express,False,https://images-foodtech.magnit.ru/0oBBYRrFHTFCgEajrPMzxcJ_M_8ZIkFOiy04mIXbJ_s/rs:fit:1600:1600/plain/s3://img-dostavka/catalog/uf/246/24687c8adca57eaa2fc156bb89b9f63f/a14d18eedb845fc7af4314c03b4ae7de.jpeg@webp,305.0,
1000526199,Шоколад молочный Snaqfabriq с молочно-ореховой пастой вафлей и фундуком без сахара 130г,716,4.8,Суперцены,https://magnit.ru/product/1000526199?shopCode=694420&shopType=express,False,https://images-foodtech.magnit.ru/CvUFLXgFA8sCbyGd8CaivxoPjThsckpZBWaa_r3zO_4/rs:fit:1600:1600/plain/s3://img-dostavka/catalog/uf/e46/e462603b114903e0d0f66796dd15697c/5992d7e97d26e4df9045a364f1513519.jpeg@webp,366.0,
1000476862,Шоколад Chikalab молочный c кешью 100г,717,4.7,Суперцены,https://magnit.ru/product/1000476862?shopCode=694420&shopType=express,False,https://images-foodtech.magnit.ru/JQlxmZHNaPDlfWNYOSwp1TcsoLirdrlA0-VlZxROPKw/rs:fit:1600:1600/plain/s3://img-dostavka/catalog/uf/d31/d31b5c8b04a51c1be924a4b88f33ecca/c34d73ada25250d4ed4eb1e603874f29.jpeg@webp,382.5,269.0
1000358540,Каша Оллайт овсяная молочная с курагой 40г,718,4.2,Суперцены,https://magnit.ru/product/1000358540?shopCode=694420&shopType=express,False,https://images-foodtech.magnit.ru/OGfAG4j0ySVVV-7NloEcuorKMa0vWeMx4SN2-6ljh_c/rs:fit:1600:1600/plain/s3://img-dostavka/catalog/uf/364/3647380cc002c0567b121c7eb1213273/6afff6215095eee582953da782742a93.jpeg@webp,27.0,23.0
2400007574,Сухой корм для собак Chappi Сытный мясной обед с говядиной по-домашнему 2.5кг,719,5.0,Суперцены,https://magnit.ru/product/2400007574?shopCode=694420&shopType=express,False,https://images-foodtech.magnit.ru/_nLh9bosgtkFIcQ2XCfuw0jkj1qeKCIY8j-vgxu4-Vk/rs:fit:1600:1600/plain/s3://img-dostavka/catalog/uf/c3e/c3e6b9d61ea9527303ca4e367ba1e959/e630a7f9a872a00d5eb73e30ed8be756.jpeg@webp,574.0,519.0
1000422026,Сухой корм для домашних кошек Мираторг Extra Meat говядина 1.2кг,720,,Суперцены,https://magnit.ru/product/1000422026?shopCode=694420&shopType=express,False,https://images-foodtech.magnit.ru/gNT3ZiSEOnDVbOxPK191V7dTTPkQbMTYqfPes1utbGY/rs:fit:1600:1600/plain/s3://img-dostavka/catalog/uf/c19/c1929cc237a8c6438e56160b041fe4cd/b3ef08126b4956c8e8724014cabb363f.jpeg@webp,527.0,
8000043617,Батончик глазированный Bionova с коллагеном Шоколад-Банан 40г,721,,Суперцены,https://magnit.ru/product/8000043617?shopCode=694420&shopType=express,False,https://images-foodtech.magnit.ru/uoHJkPE_IP1KeM8LcTLWv9tyQFXhV6tSJ1rnNCYWiDc/rs:fit:1600:1600/plain/s3://img-dostavka/catalog/uf/777/777c22560ecfbf33b0848db9d0c3909a/86c04d17c95ca61b9c324ecfb402f205.jpeg@webp,129.0,104.0
1000254844,Оливки Бондюэль с сыром 300г,722,4.1,Суперцены,https://magnit.ru/product/1000254844?shopCode=694420&shopType=express,False,https://images-foodtech.magnit.ru/hGdQ7VDIYs38KdHp2Gx_Wfy0wKpiWoqXv38onfb6sho/rs:fit:1600:1600/plain/s3://img-dostavka/catalog/uf/dd6/dd69ac0833899dc72eaf05b0bb6b8b64/0ec5cd86a70c2c23eb9a02081c7c7518.jpeg@webp,309.0,245.0
1854400013,Сливки Коровка из Кореновки сгущенные 19% 270г,723,5.0,Суперцены,https://magnit.ru/product/1854400013?shopCode=694420&shopType=express,False,https://images-foodtech.magnit.ru/yVItH-hu9CI2yZYn3z7obXesI1i_vwZKKan2bNHm5ec/rs:fit:1600:1600/plain/s3://img-dostavka/catalog/uf/cb4/cb416bcd4e0f1c3bfd0c0d05ddd80960/8ddf1c01fe3a094b0da9b3a681a2c411.jpeg@webp,240.0,199.0
1000356207,Сухой корм для кошек Whiskas Паштет с говядиной 800г,724,4.9,Суперцены,https://magnit.ru/product/1000356207?shopCode=694420&shopType=express,False,https://images-foodtech.magnit.ru/H24WyTtnrzM3kg8SLVoOmOhNgaXTizkLXGbH2XjAwDY/rs:fit:1600:1600/plain/s3://img-dostavka/catalog/uf/8ce/8ce98a7dafcfb6ade0889cbc0f5c6416/de3913b7ab908ac4ddf977ff948df123.jpeg@webp,390.0,289.0
1000426573,Печенье Protein Rex с льняной мукой без сахара 200г,725,4.9,Суперцены,https://magnit.ru/product/1000426573?shopCode=694420&shopType=express,False,https://images-foodtech.magnit.ru/OtPcR_XSCuHrucpYQvunUeYk3rfyINesz9tZMjCPK38/rs:fit:1600:1600/plain/s3://img-dostavka/catalog/uf/38d/38dafac161c955f223a592b3c00e0200/041279e4b10974864ad64aa7d839c44c.jpeg@webp,429.0,288.0
1000553987,Корнишоны Federici маринованные с мёдом 670г,726,4.7,Суперцены,https://magnit.ru/product/1000553987?shopCode=694420&shopType=express,False,https://images-foodtech.magnit.ru/5MQhugNRr2pEuyz-UtH3e6afqRuV0YIY-pQ0C1oGhYQ/rs:fit:1600:1600/plain/s3://img-dostavka/catalog/uf/4fc/4fc8349a8763e6f79beadaa43f793b65/849fa2f572aac2472933946f07cb7362.jpeg@webp,468.0,
1000150517,Хлебцы Di&Di амарантовые с луком 100г,727,4.7,Суперцены,https://magnit.ru/product/1000150517?shopCode=694420&shopType=express,False,https://images-foodtech.magnit.ru/Sv_ykH0QdeC73z-wBXCPuPUADxRi6Iggwiqb5DRjzUM/rs:fit:1600:1600/plain/s3://img-dostavka/catalog/uf/d92/d921f19681264af736dcf0f0dcce36cf/9b5380524f17cfd889355fcb8ccd9fac.jpeg@webp,93.0,61.0
1000451474,Батончик глазированный Snaq Fabriq Qwikler Мягкий грильяж с арахисом 40г,728,4.9,Суперцены,https://magnit.ru/product/1000451474?shopCode=694420&shopType=express,False,https://images-foodtech.magnit.ru/nQY9E4nZnjZYsR3D1Vrj1qbmaa7DiCYKjxyd4RXa7rM/rs:fit:1600:1600/plain/s3://img-dostavka/catalog/uf/d66/d669e7a0a837cacca64138a3096e29ac/d15828527865582633278b308caf6443.jpeg@webp,78.0,62.0
1000452164,Варенье Медовый дом из сосновых шишек 290г,729,4.5,Суперцены,https://magnit.ru/product/1000452164?shopCode=694420&shopType=express,False,https://images-foodtech.magnit.ru/WSb0Z8-OEz7c3mtSMNv-mrZeIwrj21yAGmmrULe4CSw/rs:fit:1600:1600/plain/s3://img-dostavka/catalog/uf/ce8/ce854dc2f2e51c64fb7ef57435db4f8a/22a2b168cad3177f5e50df443c186e38.jpeg@webp,304.0,
1000526201,Паста Snaq Fabriq молочно-ореховая с вафлей без сахара 250г,730,4.7,Суперцены,https://magnit.ru/product/1000526201?shopCode=694420&shopType=express,False,https://images-foodtech.magnit.ru/K9kk7-HjCvZnW3aa9nrjnp2pymjqfRRHuVoRnh9VBlY/rs:fit:1600:1600/plain/s3://img-dostavka/catalog/uf/904/90438a0c6571d5d4c0fbbf717604e20f/4a7f850c7290de0831e61804b0bb2b66.jpeg@webp,459.0,
1000447579,Говядина Семидаль тушеная 325г,731,4.8,Суперцены,https://magnit.ru/product/1000447579?shopCode=694420&shopType=express,False,https://images-foodtech.magnit.ru/rocID9bfKCtpLkRI4j2N3c9cYxa1VLw5rQ1shMfxpFs/rs:fit:1600:1600/plain/s3://img-dostavka/catalog/uf/2e7/2e7bb942b5bb0c10f6565946d15b4ad4/e0ac64b706fe752db07ce4a99f5d4317.jpeg@webp,395.0,309.0
1000416597,Влажный корм для кошек Brit цыпленок-индейка в соусе жидкий 85г,732,4.8,Суперцены,https://magnit.ru/product/1000416597?shopCode=694420&shopType=express,False,https://images-foodtech.magnit.ru/cVkN2xArCEDDbHr693dMnKlQ9VHDOuHPjKFlCpYIDj4/rs:fit:1600:1600/plain/s3://img-dostavka/catalog/uf/9f6/9f6de8ed5255395590b4a76efc4e820b/7e133b6871b5b012bfb9a75fd9129c7d.jpeg@webp,81.0,65.0
1000455346,Баклажаны Пиканта печеные в томатном соусе 450г,733,4.4,Суперцены,https://magnit.ru/product/1000455346?shopCode=694420&shopType=express,False,https://images-foodtech.magnit.ru/_NPsvIe9VXWeiHM6JMy81UNGxPoh30yTs57qYXluTB0/rs:fit:1600:1600/plain/s3://img-dostavka/catalog/uf/24e/24e5e6eab05fcaba7a6de2a9e278e5c4/46f0d76686102c0e404a90a26ee06997.jpeg@webp,159.0,
1000547791,Лакомство для собак Perfect Fit Immunity с говядиной и добавлением экстракта бархатцев Для поддержания иммунитета 90г,734,4.9,Суперцены,https://magnit.ru/product/1000547791?shopCode=694420&shopType=express,False,https://images-foodtech.magnit.ru/PkpAhGq3591VbDGbbnPBRC3I21ol05Xj5EoFFBiDsyU/rs:fit:1600:1600/plain/s3://img-dostavka/catalog/uf/207/207ea654effb60d45d076115b8cbe7a9/0c7dba88ebcf742578ac310b2792e71d.jpeg@webp,144.0,89.0
8000062511,Молочный шоколад с фисташковой пастой и хрустящим тесто Snaq Fabriq 34г,735,4.1,Суперцены,https://magnit.ru/product/8000062511?shopCode=694420&shopType=express,False,https://images-foodtech.magnit.ru/WpvES8X-7CKp9Swwj_g1zxuldmGVjs2iMSH9H-WRt5s/rs:fit:1600:1600/plain/s3://img-dostavka/catalog/uf/de4/de425ef335767516c42d8fae46a76d0b/e8a571b558cea7db07bfafc53ed06f48.jpeg@webp,169.0,
1000563662,Сухой корм для взрослых кошек Мираторг Meat курица 1.5кг,736,,Суперцены,https://magnit.ru/product/1000563662?shopCode=694420&shopType=express,False,https://images-foodtech.magnit.ru/mjUC3JKAGXQUehQbEI1QtTfsE7cLYHefJaHZEEtLqN8/rs:fit:1600:1600/plain/s3://img-dostavka/catalog/uf/8e0/8e02e39870bb005b375651d5c5c3f694/80962da19df1a11b2bb37e24c8601be4.jpeg@webp,673.0,
1000563663,Сухой корм для взрослых кошек Мираторг Meat говядина 1.5кг,737,5.0,Суперцены,https://magnit.ru/product/1000563663?shopCode=694420&shopType=express,False,https://images-foodtech.magnit.ru/PdDR3zK_jheO9T3nKukLPe5uINaA-b-TDn2zK-gTBvs/rs:fit:1600:1600/plain/s3://img-dostavka/catalog/uf/e9f/e9f949ffe784f99b6db31a9375709252/5b9b927b960ad7b55daf3643d987f609.jpeg@webp,673.0,
1000469432,Паштет Perva с индюшиной печенью 95г,738,4.6,Суперцены,https://magnit.ru/product/1000469432?shopCode=694420&shopType=express,False,https://images-foodtech.magnit.ru/YkSKEnhQ4DCgAVWSJhHyiXfnPDjZEnvzibKSu-jutwc/rs:fit:1600:1600/plain/s3://img-dostavka/catalog/uf/7b1/7b1245ee28787ba0016733e0376f0f13/24adf36160521673478008dc9f32427c.jpeg@webp,59.0,
8000038640,Батончик протеиновый Sporty Тройной шоколад 40г,739,5.0,Суперцены,https://magnit.ru/product/8000038640?shopCode=694420&shopType=express,False,https://images-foodtech.magnit.ru/4IKOoOEryCf40a9pWAYChdSCxly0DNK8f5Mgt7sQvco/rs:fit:1600:1600/plain/s3://img-dostavka/catalog/uf/a85/a85751fc26d0353f34bff6c7402115ef/be6c72cdaed85f8307cf3ea2201e9161.jpeg@webp,117.0,
1000448834,Лакомства жевательные для собак Мираторг крупных пород с говядиной 170г,740,,Суперцены,https://magnit.ru/product/1000448834?shopCode=694420&shopType=express,False,https://images-foodtech.magnit.ru/Jn0YNouelnnG7rKjfpb4rS3MF6X5V5rPmN2Q1aObTCE/rs:fit:1600:1600/plain/s3://img-dostavka/catalog/uf/ab6/ab69ad7001a93b2a43d77e2e84d9d202/2e3b06391c366bbbbb4d817231649101.jpeg@webp,269.0,
1000326532,Скумбрия Курильский берег курильская натуральная 250г ,741,4.7,Суперцены,https://magnit.ru/product/1000326532?shopCode=694420&shopType=express,False,https://images-foodtech.magnit.ru/xERi4B2BB-k-xun9YWo6Ltzen4KzvZUfRs_uWzvjPVU/rs:fit:1600:1600/plain/s3://img-dostavka/catalog/uf/5d1/5d1936a17b425a02d1f5f1366776559a/aaf8e5cf6fa912970f066b1cc855ad17.jpeg@webp,194.0,
1000326532,Скумбрия Курильский берег курильская натуральная 250г ,741,4.7,Суперцены,https://magnit.ru/product/1000326532?shopCode=694420&shopType=express,False,https://images-foodtech.magnit.ru/xERi4B2BB-k-xun9YWo6Ltzen4KzvZUfRs_uWzvjPVU/rs:fit:1600:1600/plain/s3://img-dostavka/catalog/uf/5d1/5d1936a17b425a02d1f5f1366776559a/aaf8e5cf6fa912970f066b1cc855ad17.jpeg@webp,194.0,
1000326532,Скумбрия Курильский берег курильская натуральная 250г,742,4.7,Суперцены,https://magnit.ru/product/1000326532?shopCode=694420&shopType=express,False,https://images-foodtech.magnit.ru/xERi4B2BB-k-xun9YWo6Ltzen4KzvZUfRs_uWzvjPVU/rs:fit:1600:1600/plain/s3://img-dostavka/catalog/uf/5d1/5d1936a17b425a02d1f5f1366776559a/aaf8e5cf6fa912970f066b1cc855ad17.jpeg@webp,194.0,
1000326532,Скумбрия Курильский берег курильская натуральная 250г,742,4.7,Суперцены,https://magnit.ru/product/1000326532?shopCode=694420&shopType=express,False,https://images-foodtech.magnit.ru/xERi4B2BB-k-xun9YWo6Ltzen4KzvZUfRs_uWzvjPVU/rs:fit:1600:1600/plain/s3://img-dostavka/catalog/uf/5d1/5d1936a17b425a02d1f5f1366776559a/aaf8e5cf6fa912970f066b1cc855ad17.jpeg@webp,194.0,
1000375618,Батончик Snaq Fabriq Coco Ананас глазированный 40г,743,5.0,Суперцены,https://magnit.ru/product/1000375618?shopCode=694420&shopType=express,False,https://images-foodtech.magnit.ru/TlFnxT_zWR5K70_ziz7fiOzOkdzfQ1AM8Qk4OZdG9i8/rs:fit:1600:1600/plain/s3://img-dostavka/catalog/uf/b32/b32dcc79f48cad530c562d1117af9800/df30e0eeb78b7ef67b7dafb0a78922c7.jpeg@webp,69.0,
1000150514,Хлебцы Di&Di амарантовые без глютена 100г,744,4.8,Суперцены,https://magnit.ru/product/1000150514?shopCode=694420&shopType=express,False,https://images-foodtech.magnit.ru/BPtOyz_4dQ1FrIs4I6RXTNn9x6qgqUn68G-hbg0Qp4M/rs:fit:1600:1600/plain/s3://img-dostavka/catalog/uf/ead/ead0350c5c862f12e1db0b21c104b398/33b5f140806843378d6d0341359974f1.jpeg@webp,96.0,77.0
1000216860,Лосось Вкусные Консервы По-итальянски с овощами в томатном соусе 230г,745,4.6,Суперцены,https://magnit.ru/product/1000216860?shopCode=694420&shopType=express,False,https://images-foodtech.magnit.ru/nyooPxoj9xb3TPzXyZlDwahG0-WqqVpl7G-LUlyvysE/rs:fit:1600:1600/plain/s3://img-dostavka/catalog/uf/f4a/f4ad858fca4ec725c774ddd1efc1eb1a/98b8f042c98675b987ccd33c64a304c4.jpeg@webp,344.0,299.0
1400000194,Маслины Iberica крупные с косточкой 420г,746,4.8,Суперцены,https://magnit.ru/product/1400000194?shopCode=694420&shopType=express,False,https://images-foodtech.magnit.ru/k4_yHuB7dWs-oM78CbiY17KkvMqadBs9tgpUg7TTD8E/rs:fit:1600:1600/plain/s3://img-dostavka/catalog/uf/dc1/dc106e8ae12b4609e17247b834c7c277/d23f73a6ada9d0cfe92c5b010827a286.jpeg@webp,455.0,
1000204719,Ассорти 6 соток овощное Томаты и огурцы 680г,747,4.7,Суперцены,https://magnit.ru/product/1000204719?shopCode=694420&shopType=express,False,https://images-foodtech.magnit.ru/A1GjXgOtC_B_oVsm6g8C-RL8CyheVKe9Gp72GLii-Zc/rs:fit:1600:1600/plain/s3://img-dostavka/catalog/uf/58f/58fdf41a813c563b678e578b3ed0060d/32ec28f933ee962403fea40783fc5db7.jpeg@webp,298.0,249.0
1000280689,Сухой корм для щенков Purina ONE с курицей и рисом 700г,748,4.8,Суперцены,https://magnit.ru/product/1000280689?shopCode=694420&shopType=express,False,https://images-foodtech.magnit.ru/1KgGbnMDBBed30w7KrSGVrY12Gb76Xgts5SBJWCAeko/rs:fit:1600:1600/plain/s3://img-dostavka/catalog/uf/61c/61c94259be960454f90ab41d671b4263/44d967ca7d86dd89af46d6c573cd8669.jpeg@webp,354.0,
1428300034,Томаты Скатерть-самосбранка Черри маринованные 580мл,749,4.8,Суперцены,https://magnit.ru/product/1428300034?shopCode=694420&shopType=express,False,https://images-foodtech.magnit.ru/uTh2hmH9_jpSL83WosLU9ZbGoZaTuKpMykfPGdnqChs/rs:fit:1600:1600/plain/s3://img-dostavka/catalog/uf/4ef/4ef972559b5f632456f5f66e3d85f83f/beda76ade847ad2dcd7e82c0f6d34b67.jpeg@webp,284.0,
8000043612,Батончик протеиновый Bionova Солёный крем-ирис 50г,750,5.0,Суперцены,https://magnit.ru/product/8000043612?shopCode=694420&shopType=express,False,https://images-foodtech.magnit.ru/YjCjWLfrMRpTKNxUAtsNfoksrRXO0paoCmryWjLtT2c/rs:fit:1600:1600/plain/s3://img-dostavka/catalog/uf/f52/f527c5792670ff4babf7f5ab939693e1/8a219e1e4b456d0e9c7271f7b045fa77.jpeg@webp,125.0,
1000398272,Печенье Овсяное Magic Grain с Топинамбуром Черника 180г,751,4.8,Суперцены,https://magnit.ru/product/1000398272?shopCode=694420&shopType=express,False,https://images-foodtech.magnit.ru/GbFrMaXtqBCNjXT2oHumCi4Qt-AjSACFdFGpuk9IAdw/rs:fit:1600:1600/plain/s3://img-dostavka/catalog/uf/338/338d5a5df1aab3e57a1aaf9429f90cb2/0c7b4a9e784920256b74a1ab5bb3f18b.jpeg@webp,174.0,
1000447376,Батончик глазированный Chikalab со вкусом Лесной орех с карамелью 60г,752,4.6,Суперцены,https://magnit.ru/product/1000447376?shopCode=694420&shopType=express,False,https://images-foodtech.magnit.ru/MG77OqxDXAkSSewktbjri6iUWndXem8bo2ac8q--UPY/rs:fit:1600:1600/plain/s3://img-dostavka/catalog/uf/80f/80f69f8036e63b3fbd56119a680cc79f/0f02bfdd1e56584d5f44eb08284b8809.jpeg@webp,185.0,
8000043613,Батончик протеиновый Bionova Фисташка марципан 50г,753,,Суперцены,https://magnit.ru/product/8000043613?shopCode=694420&shopType=express,False,https://images-foodtech.magnit.ru/joHcmAkk2NGRh86yc-cP7m7g8STiXvHn6FOd7Af5_p0/rs:fit:1600:1600/plain/s3://img-dostavka/catalog/uf/684/68444bd0ee90c6abcad4d3c93456c343/e7634fda405d82c31e80ef708753c63e.jpeg@webp,125.0,
1000517561,Икра кабачковая Семилукская трапеза 380г,754,4.7,Суперцены,https://magnit.ru/product/1000517561?shopCode=694420&shopType=express,False,https://images-foodtech.magnit.ru/G5f8xHLHfghdlJAECrLyBs2cPiaq62SW6tQ0uLR1qOs/rs:fit:1600:1600/plain/s3://img-dostavka/catalog/uf/848/84897366bddac408bccf7db852111153/2c7201ac964ca1ada1df9f11c3c5e1fc.jpeg@webp,159.0,
1000562802,Влажный корм для собак Мираторг Selection паштет с ягненком 100г,755,4.8,Суперцены,https://magnit.ru/product/1000562802?shopCode=694420&shopType=express,False,https://images-foodtech.magnit.ru/qXK3qQNIAQSONt5XcR4mlqBGfsZO4I-IEqYOmWKw8zA/rs:fit:1600:1600/plain/s3://img-dostavka/catalog/uf/3f6/3f69d1d64e1ffa9ad439c82b9aa5bd3a/2dce18a02b55be6afb3a6b45f0bda1a9.jpeg@webp,119.0,93.0
1000562800,Влажный корм для собак Мираторг Selection паштет с говядиной 100г,756,4.5,Суперцены,https://magnit.ru/product/1000562800?shopCode=694420&shopType=express,False,https://images-foodtech.magnit.ru/r7cO0gcucBDpSAb0-AP_6ZzhTO6i9wBmNkTRqTn7paI/rs:fit:1600:1600/plain/s3://img-dostavka/catalog/uf/02d/02d161c97f66943284845f54682b4656/1171b7857f43550c3385e1df84837382.jpeg@webp,129.0,99.0
1000393014,Сельдь Доброфлот тихоокеанская натуральная с добавлением масла 245г,757,4.5,Суперцены,https://magnit.ru/product/1000393014?shopCode=694420&shopType=express,False,https://images-foodtech.magnit.ru/Of7X7toG61DWEPEYbDJhwXpNupK0ugRFyeL6zJ3Wf8Y/rs:fit:1600:1600/plain/s3://img-dostavka/catalog/pim/goods/1000393014/image/01cd6e2d040bfb28a75e3c04ac7add3f.jpeg@webp,155.0,109.0
1000393014,Сельдь Доброфлот тихоокеанская натуральная с добавлением масла 245г,757,4.5,Суперцены,https://magnit.ru/product/1000393014?shopCode=694420&shopType=express,False,https://images-foodtech.magnit.ru/Of7X7toG61DWEPEYbDJhwXpNupK0ugRFyeL6zJ3Wf8Y/rs:fit:1600:1600/plain/s3://img-dostavka/catalog/pim/goods/1000393014/image/01cd6e2d040bfb28a75e3c04ac7add3f.jpeg@webp,155.0,109.0
1000151054,Гречка с говядиной Курганский МК Стандарт 340г,758,4.4,Суперцены,https://magnit.ru/product/1000151054?shopCode=694420&shopType=express,False,https://images-foodtech.magnit.ru/RYk4AZFAYfQB8HsdjQUoI91c9KUHKgTKLB1prJh9_Ms/rs:fit:1600:1600/plain/s3://img-dostavka/catalog/uf/9ef/9efc9ff490207511ea2c842e48af42cb/eb0a1e554aea4f584ac748cc6daf0068.jpeg@webp,138.0,
8000058148,Жевательный снек для собак крупных пород мозговая косточка Titbit 105г,759,5.0,Суперцены,https://magnit.ru/product/8000058148?shopCode=694420&shopType=express,False,https://images-foodtech.magnit.ru/V4VAH7BFLKLQMY0pcjNnDZawJMDz9T2-6W3b6_tupp4/rs:fit:1600:1600/plain/s3://img-dostavka/catalog/uf/d3e/d3ea865bfed911f8b17dc5d6f750ae55/6c6227b74ff8ea294fa01cd58a9aa48c.jpeg@webp,139.0,100.0
8000063734,Влажный корм для кошек с чувствительным пищеварением Кролик и черничный соус Alphapet Superpremium 80г,760,5.0,Суперцены,https://magnit.ru/product/8000063734?shopCode=694420&shopType=express,False,https://images-foodtech.magnit.ru/FPhHWx8Xfl5s7w_LcVHiTjCCRpbM87lU64u6dnUO9oE/rs:fit:1600:1600/plain/s3://img-dostavka/catalog/uf/779/779b17abdd8dcad25b0205ee54765c57/8856e18355aaf2effca184cf4f423795.jpeg@webp,114.0,94.0
8000063754,Паштет для стерилизованных кошек с кроликом Alphapet Superpremium 80г,761,5.0,Суперцены,https://magnit.ru/product/8000063754?shopCode=694420&shopType=express,False,https://images-foodtech.magnit.ru/xe26CEfKvyaihjgQIwJ4s9MQo0aiBDc7XP_3pelg8e8/rs:fit:1600:1600/plain/s3://img-dostavka/catalog/uf/328/328a148e5cab3046fe0bab7a9eacc196/b232e08e3a6604b72fbd191ba2ef95fc.jpeg@webp,102.0,92.0
8000081626,Влажный корм для кошек кусочки в соусе кролик с морковью Sirius 85г,762,5.0,Суперцены,https://magnit.ru/product/8000081626?shopCode=694420&shopType=express,False,https://images-foodtech.magnit.ru/XelxprqUzysPGSD5Z3kEXxichLeo_l-NM09sYNepRWs/rs:fit:1600:1600/plain/s3://img-dostavka/catalog/uf/7e5/7e523dc48925b06bc5176e23e3b087ba/722b854bf622f9272adb3cb07d482df7.jpeg@webp,79.0,64.0
8000047533,Влажный корм для собак Говядина с рубцом Zoogurman Big Dog 850г,763,5.0,Суперцены,https://magnit.ru/product/8000047533?shopCode=694420&shopType=express,False,https://images-foodtech.magnit.ru/m741L0nlGZM-wmdDuisOG3JOVaCh2loarUzVkiaNhUk/rs:fit:1600:1600/plain/s3://img-dostavka/catalog/uf/ebf/ebfaf18654bd8cd3f5555e126739b39b/39f1a9f4348504db026a856ddb961561.jpeg@webp,269.0,219.0
8000063743,Сухой корм для стерилизованных кошек с уткой и индейкой Alphapet Superpremium 1.5кг,764,5.0,Суперцены,https://magnit.ru/product/8000063743?shopCode=694420&shopType=express,False,https://images-foodtech.magnit.ru/loAhjUxklgS57hqPwffymh8DR-FUjXy33IUSnbvtKco/rs:fit:1600:1600/plain/s3://img-dostavka/catalog/uf/39f/39fb98a59706144de9183b0366972091/7b65c9e9a185d9cd283583fe7caa6a16.jpeg@webp,1799.0,1529.0
8000047530,Сухой корм для собак Normal Говядина Zoogurman 1.2кг,765,,Суперцены,https://magnit.ru/product/8000047530?shopCode=694420&shopType=express,False,https://images-foodtech.magnit.ru/T0ScdWCph5rapdQFDm-T6Kf6hm2Pl9uEulMaA8P9RiA/rs:fit:1600:1600/plain/s3://img-dostavka/catalog/uf/308/3084a6d93325abe36ed5b1517035aadd/1ed4b4e324b71ef5f9e2c5b59f7f99a3.jpeg@webp,799.0,699.0
8000063737,Влажный корм для собак с чувствительным пищеварением с телятиной и тыквой в соусе Alphapet Superpremium 100г,766,5.0,Суперцены,https://magnit.ru/product/8000063737?shopCode=694420&shopType=express,False,https://images-foodtech.magnit.ru/3bsWwEnW6mMGM-Hem6N1NPZd75-AeaASizeVsvCN4dQ/rs:fit:1600:1600/plain/s3://img-dostavka/catalog/uf/c7b/c7b38e36804bc8bad9e15ac4e638a0ec/0e2b4e136544a5c77a0f4a690217fbd0.jpeg@webp,119.0,96.0
8000063736,Влажный корм для стерилизованных кошек с соусом анчоусы и креветки Alphapet Superpremium 80г,767,5.0,Суперцены,https://magnit.ru/product/8000063736?shopCode=694420&shopType=express,False,https://images-foodtech.magnit.ru/_FUImdSFeCCibxK5dXUzLDyIGRFBCucW3J1aehkDWd8/rs:fit:1600:1600/plain/s3://img-dostavka/catalog/uf/1b8/1b8e13ffb243d4ac84abc8bd485a87ca/10d6d8ca3d16181cb39b7d0589c02194.jpeg@webp,114.0,94.0
1000573141,Сухой корм для кошек Whiskas подушечки c говядиной 1.3кг,768,4.9,Суперцены,https://magnit.ru/product/1000573141?shopCode=694420&shopType=express,False,https://images-foodtech.magnit.ru/-QoJpH06Yx6tiJkaQPLeFINmQP45vFPnzusFPG5_Wlw/rs:fit:1600:1600/plain/s3://img-dostavka/catalog/uf/da0/da0433c165ac54aa53903e6248833ed9/68bda0ff4be8052cf6bc60af6bd9ee16.jpeg@webp,566.0,479.0
8000047529,Сухой корм для кошек с индейкой Zoogurman Sterilized 1.5кг,769,5.0,Суперцены,https://magnit.ru/product/8000047529?shopCode=694420&shopType=express,False,https://images-foodtech.magnit.ru/C_C-yPfoZWvHAGblb0bYdeGVJyRulmD72U-ssifCxJ0/rs:fit:1600:1600/plain/s3://img-dostavka/catalog/uf/1d7/1d7f7138b8df9f22ae8490ee671c79a9/ac2e1b8fa4f2abe65ece132edbb7415b.jpeg@webp,1149.0,899.0
8000060446,Пюре для кошек из курицы Холистик Деревенские лакомства 40г,770,5.0,Суперцены,https://magnit.ru/product/8000060446?shopCode=694420&shopType=express,False,https://images-foodtech.magnit.ru/fkN0i18MTNrxjPmTUPueXqsxfREOm9ikKmm1_6PxiCE/rs:fit:1600:1600/plain/s3://img-dostavka/catalog/uf/39b/39b7207d7f401d405909b31af6379c18/42bc7f89ac3bbddc9474baa8adf88b1c.jpeg@webp,231.0,
8000063753,Паштет для кошек с лососем Alphapet Superpremium 80г,771,5.0,Суперцены,https://magnit.ru/product/8000063753?shopCode=694420&shopType=express,False,https://images-foodtech.magnit.ru/ysDWmKgjbf5S546kBK9mYz5taa3iFUvsdA4uBaCtxX0/rs:fit:1600:1600/plain/s3://img-dostavka/catalog/uf/78c/78c9709106d415e39dd145758b0c61ba/6f8a4909ed5a9131abfc61be4430b050.jpeg@webp,102.0,
8000063719,Сухой корм для стерилизованных кошек с цыплёнком Alphapet Wow 350г,772,5.0,Суперцены,https://magnit.ru/product/8000063719?shopCode=694420&shopType=express,False,https://images-foodtech.magnit.ru/nfmb_eNKC_Fj_fz1DBPIefrAvML_BVhFI9oFWA74ZUM/rs:fit:1600:1600/plain/s3://img-dostavka/catalog/uf/63c/63c2c3ea7d61cd5888c082aad9515aa2/410e54c124d907a68f6a45b10caab475.jpeg@webp,339.0,279.0
8000058146,Колбаски телячьи для собак Titbit 420г,773,5.0,Суперцены,https://magnit.ru/product/8000058146?shopCode=694420&shopType=express,False,https://images-foodtech.magnit.ru/hSYwPj3Mdquq6NbY-ft76Akbhonu_j65d8pXyXFLfy8/rs:fit:1600:1600/plain/s3://img-dostavka/catalog/uf/a16/a16ca8346efde93e139be54a28f6f691/fec150f2a4d69bffa604ea0974c26362.jpeg@webp,439.0,317.0
8000056323,Лакомство для собак корень бычий Triol 40г,774,5.0,Суперцены,https://magnit.ru/product/8000056323?shopCode=694420&shopType=express,False,https://images-foodtech.magnit.ru/l1xBay4JXj3Ae0ZCXInsoD4GEQ6BdHSzukl8YKJleh4/rs:fit:1600:1600/plain/s3://img-dostavka/catalog/uf/648/648b03621d98e3d6616bda50866b85cc/eaa915b0253f16425b5510bee3e1c320.jpeg@webp,482.0,
8000063740,Сухой корм для стерилизованных кошек с ягненком и индейкой Alphapet Superpremium 1.5кг,775,4.9,Суперцены,https://magnit.ru/product/8000063740?shopCode=694420&shopType=express,False,https://images-foodtech.magnit.ru/PQaWgvKwo3a3cOm93PmYtXm9B9SFmMjMJYWt56zWMSI/rs:fit:1600:1600/plain/s3://img-dostavka/catalog/uf/c11/c119000c7ecc58b054f3e0380a6eec54/5a53d8770e2736adad17dd926a241eab.jpeg@webp,1799.0,1535.0
8000081631,Влажный корм для кошек Мясной рацион кусочки в соусе Sirius 85г,776,4.7,Суперцены,https://magnit.ru/product/8000081631?shopCode=694420&shopType=express,False,https://images-foodtech.magnit.ru/wEVqSAp1o1KngHe5itkkuP-J7b35GLu7eNlm8Xun7vg/rs:fit:1600:1600/plain/s3://img-dostavka/catalog/uf/62b/62b589e35b9ac80985b50fcf53e07de7/58f2f760ca4fcb274e99f1d8325cdec5.jpeg@webp,79.0,64.0
8000047531,Сухой корм для кошек лосось с рисом Zoogurman 1.5кг,777,,Суперцены,https://magnit.ru/product/8000047531?shopCode=694420&shopType=express,False,https://images-foodtech.magnit.ru/UOvaD0iPni3dYHsNpBKFq1x7Mhr2PXPln2yrIBL_4yU/rs:fit:1600:1600/plain/s3://img-dostavka/catalog/uf/dc2/dc2c7abcffd1c30ea097c351de098aac/9db783fa0dc7360abe5d4abb359ed8fc.jpeg@webp,1149.0,899.0
8000063730,Влажный корм для кошек с чувствительным пищеварением Кролик с потрошками Alphapet Wow 80г,778,5.0,Суперцены,https://magnit.ru/product/8000063730?shopCode=694420&shopType=express,False,https://images-foodtech.magnit.ru/GjWKzmXJQlnug2I55ZMIP7_bycghZnQuvHvEbSLfXsQ/rs:fit:1600:1600/plain/s3://img-dostavka/catalog/uf/254/254e752cfce48885253f5f9adafa18bd/8f90ecb9a63220e694affd80227829ee.jpeg@webp,79.0,67.0
8000056324,Лакомство для собак конфеты мясные Triol 70г,779,5.0,Суперцены,https://magnit.ru/product/8000056324?shopCode=694420&shopType=express,False,https://images-foodtech.magnit.ru/pXG7J7NYxTlk3syztkRauqElq2HgCq8OvGDUXnyf2n0/rs:fit:1600:1600/plain/s3://img-dostavka/catalog/uf/3e0/3e04c475b348a6b26f4b0498be78d0bf/a56e1fc3879d8f3d3f77d735bbe9bd7f.jpeg@webp,271.0,
8000063733,Влажный корм для кошек с чувствительным пищеварением Ягнёнок с потрошками Alphapet Wow 80г,780,5.0,Суперцены,https://magnit.ru/product/8000063733?shopCode=694420&shopType=express,False,https://images-foodtech.magnit.ru/BMDs0A2f213xLxQDpK7QJEUSXecGn6TrKKhUDQaaE24/rs:fit:1600:1600/plain/s3://img-dostavka/catalog/uf/804/8044fe16e5772952e0792863eeaaf819/e40ee8d5c3230ecc52fdfbba6f474fc9.jpeg@webp,79.0,67.0
8000063751,Влажный корм для собак с чувствительным пищеварением с ягненком и морковью в соусе Alphapet Wow 100г,781,4.5,Суперцены,https://magnit.ru/product/8000063751?shopCode=694420&shopType=express,False,https://images-foodtech.magnit.ru/kylpuZYdcZMX-p_cOosfmWe72N-h8DkV1qNDFAnTepw/rs:fit:1600:1600/plain/s3://img-dostavka/catalog/uf/34b/34ba18c47896023cdee45c6159ed1881/a4276777308fa20e1cb57ee77c291a51.jpeg@webp,119.0,96.0
8000047536,Влажный корм для собак Мясное ассорти Zoogurman Big Dog 850г,782,5.0,Суперцены,https://magnit.ru/product/8000047536?shopCode=694420&shopType=express,False,https://images-foodtech.magnit.ru/qAVZ6Hu-h-q7pxUDiOWJtrYTzlh8-ycyH9D2oPNtVYc/rs:fit:1600:1600/plain/s3://img-dostavka/catalog/uf/a58/a5816fe1e7f4ea651d80cd3f384f866f/de799d0cdf2b653ba1435abe4eca96cd.jpeg@webp,269.0,219.0
8000078491,Сублимированный кофе Original Monarch 170г,783,4.7,Суперцены,https://magnit.ru/product/8000078491?shopCode=694420&shopType=express,False,https://images-foodtech.magnit.ru/enY_e5JgODudGG_EnpNlZ1piob9DzK_SiOad5RP1hsc/rs:fit:1600:1600/plain/s3://img-dostavka/catalog/uf/b1b/b1bc2e79a910a68a770d82f0c17eaf50/0bdf464865815030ff22bf181bb8a18c.jpeg@webp,1208.0,
8000076648,Сублимированный кофе Нескафе Голд 160г,784,4.9,Суперцены,https://magnit.ru/product/8000076648?shopCode=694420&shopType=express,False,https://images-foodtech.magnit.ru/3iDe7ptUXeAO_N6sF7qhVd-gF9oPySNKQQyBrs0GDLg/rs:fit:1600:1600/plain/s3://img-dostavka/catalog/uf/6d2/6d25ca9bac513c7c0ba69a92130733c1/ef623fc17ef9619cddc539a0c7b86e16.jpeg@webp,1122.0,649.0
8000062907,Протеиновый батончик со вкусом Черничный десерт Fitnesshock 40г,785,4.8,Суперцены,https://magnit.ru/product/8000062907?shopCode=694420&shopType=express,False,https://images-foodtech.magnit.ru/9q7lKr0nleSPy6zBEVOgZYYjPdsEfcRwpefHOFRpgVk/rs:fit:1600:1600/plain/s3://img-dostavka/catalog/uf/046/04607bec6cddbbdc0ca30e8e7f535921/6e280e540e285cc9e99fe73a689462d2.jpeg@webp,100.0,
8000077142,Кольца ананаса в сиропе Lutik 580мл,786,,Суперцены,https://magnit.ru/product/8000077142?shopCode=694420&shopType=express,False,https://images-foodtech.magnit.ru/8Ye_y2-pZLi3lnovygUW2mJqtqtmzgUGYjLa2v9AtK0/rs:fit:1600:1600/plain/s3://img-dostavka/catalog/uf/166/166be3e446844e6fe332163efc83bf99/8fa1c891e522d44ca5af15dd5758e8d5.jpeg@webp,459.0,353.0
8000044712,Батончик кокосовый с ванильно-сливочным вкусом без сахара Soj Coconitto 40г,787,4.9,Суперцены,https://magnit.ru/product/8000044712?shopCode=694420&shopType=express,False,https://images-foodtech.magnit.ru/gzt6GtcU3z_IQyF5QioHdJi2Dt_OeeHxgQBy572Ymjw/rs:fit:1600:1600/plain/s3://img-dostavka/catalog/uf/f7b/f7b55200ab5f53cea312080f095b9656/b9778544c5fa69fcef7e506dabcaacda.jpeg@webp,79.0,59.0
8000060275,Баклажанная икра Магнит 400г,788,4.7,Суперцены,https://magnit.ru/product/8000060275?shopCode=694420&shopType=express,False,https://images-foodtech.magnit.ru/62zsfWNlySWQJqtff1WMTQEhV9OJFMiEke_q-53Ig-M/rs:fit:1600:1600/plain/s3://img-dostavka/catalog/uf/691/6915847b5bf7ea6d306009fa81338f94/df734f0e78c84834bd626bac818e9d63.png@webp,154.0,109.0
8000069555,Батончик протеиновый с солёной карамелью и арахисом Soj Sneakiq 50г,789,4.7,Суперцены,https://magnit.ru/product/8000069555?shopCode=694420&shopType=express,False,https://images-foodtech.magnit.ru/i5E_ioQTeTvf19UAk0yNGUrlQ26vlSCmCzI1SicZ6zk/rs:fit:1600:1600/plain/s3://img-dostavka/catalog/uf/ebf/ebf75e97a330da1acd3aa5c16ebbccec/61b9636b1247ffa629d4da6a9adae8f4.jpeg@webp,104.0,79.0
8000072323,Печенье сдобное Домашнее с шоколадом Любятово 117г,790,4.7,Суперцены,https://magnit.ru/product/8000072323?shopCode=694420&shopType=express,False,https://images-foodtech.magnit.ru/zdo7mEFdk3T021kSWp_vKgscjSUorAPl0IPe5vsjmho/rs:fit:1600:1600/plain/s3://img-dostavka/catalog/uf/006/006bf1d59bf8e651fdfacebad4c9ab0b/00720ca4f5b1de876a3533976fd7be7a.jpeg@webp,155.0,119.0
8000073551,Батончик протеиновый со вкусом шоколада без сахара Shagi 40г,791,4.9,Суперцены,https://magnit.ru/product/8000073551?shopCode=694420&shopType=express,False,https://images-foodtech.magnit.ru/wnO0A_iMVmRIlMzCA3or36sBt1NHR6ysBg6pz8YPINA/rs:fit:1600:1600/plain/s3://img-dostavka/catalog/uf/7ba/7ba7f621443030d4ef4a5f6b2cb8c51b/84d9f2fb5e049c18b8f8923d64f6c7f5.jpeg@webp,57.0,
8000061044,Топпинг без сахара со вкусом сгущённого молока Fitparad 200г,792,,Суперцены,https://magnit.ru/product/8000061044?shopCode=694420&shopType=express,False,https://images-foodtech.magnit.ru/RMInK2vVH8TWqjvfhsGSK0t5dY1PF3AKkg3dPvFbAFc/rs:fit:1600:1600/plain/s3://img-dostavka/catalog/uf/39e/39e95b6d83b971f7121ea93c46388b37/d602353c1bf9b6625f566145d2f56c92.jpeg@webp,319.0,275.0
8000070096,Батончик глазированный Картошка трюфельная без сахара Proteinrex 40г,793,4.3,Суперцены,https://magnit.ru/product/8000070096?shopCode=694420&shopType=express,False,https://images-foodtech.magnit.ru/pjJR3ej3qge9CZ_pFpDruSw_-WRB73hBL2zIkmNDKGk/rs:fit:1600:1600/plain/s3://img-dostavka/catalog/uf/019/0199a2a20e175549143166944bde7f81/4a8ef15a1f1ed7f79689e9881ac30a1a.jpeg@webp,79.0,
8000087796,Йогурт греческий с черникой Простоквашино 1.8% 230г,794,4.9,Суперцены,https://magnit.ru/product/8000087796?shopCode=694420&shopType=express,False,https://images-foodtech.magnit.ru/XXcSekaOx8lMNH6Ga0pYUwcYO-qsbE_zArcgLQvcTnc/rs:fit:1600:1600/plain/s3://img-dostavka/catalog/uf/911/9110d01d1bfe70256de3a72e943bd5ae/cc28f3e5dea7efbd8f4912e6a4baf104.jpeg@webp,84.0,
